batch_id,pred_yield,pred_quality,pred_energy,actual_yield,actual_quality,actual_energy
BATCH_0000,0.7510408,0.3416069,440.05298,0.7525172957755539,0.3350914039522445,439.90645390803166
BATCH_0001,0.7613355,0.29287037,476.0847,0.7493646502198105,0.3,476.0989423125497
BATCH_0002,0.8444341,0.43763748,500.02075,0.8569230830410566,0.4054319576710548,500.0
BATCH_0003,0.9392031,0.56665164,363.5931,0.9595609275658044,0.5823102445016004,363.58250956632287
BATCH_0004,0.8390637,0.5583927,238.5565,0.823280183601646,0.5284692663138167,238.57673782093724
BATCH_0005,0.8004426,0.57802117,500.00403,0.7872316090450161,0.5787557522368623,500.0
BATCH_0006,0.7425508,0.43537036,351.57834,0.7477313332717515,0.427054141494289,351.51338203105763
BATCH_0007,0.98470175,0.5715256,442.21744,0.9843750549998104,0.5709943066634048,442.1864222073331
BATCH_0008,0.76159513,0.33595514,449.77533,0.7619652357655134,0.3593615255723265,449.7227572262674
BATCH_0009,0.94939345,0.65788084,337.56738,0.96431804529483,0.6718975612285586,337.48413960540694
BATCH_0010,0.73195124,0.4510747,276.63354,0.7193302752625641,0.4194601014046151,276.66040616571667
BATCH_0011,0.8343516,0.35097596,418.39563,0.8429055418584731,0.3294531689627596,418.3744163834973
BATCH_0012,0.8800207,0.4582635,499.98965,0.8774733994814633,0.4300510301273093,500.0
BATCH_0013,0.74944305,0.47369117,305.43994,0.701446513005792,0.4236015022381227,305.55110914670274
BATCH_0014,0.73057014,0.42577344,475.036,0.6821522850243179,0.4639620520025016,474.9070264187468
BATCH_0015,0.7498549,0.45193732,395.642,0.7218438569735249,0.4436948636317229,395.63398902627137
BATCH_0016,0.7192688,0.36205718,456.34766,0.6957680919457633,0.3437072797331019,456.2633158584315
BATCH_0017,0.8730174,0.5211214,499.97195,0.8772107196746917,0.4639034473142941,500.0
BATCH_0018,0.7318883,0.4000076,321.75656,0.7336190520261096,0.406572208474293,321.750410421719
BATCH_0019,0.78459466,0.5257525,347.6146,0.7693601097185078,0.501508396631102,347.64516782302184
BATCH_0020,0.97596604,0.74818605,500.06702,1.0,0.7503463676605592,500.0
BATCH_0021,0.80716693,0.59305316,417.079,0.8038494391029141,0.6019545972874165,417.0717893927675
BATCH_0022,0.8180863,0.55214024,499.99075,0.8246060503552972,0.6151702643107394,500.0
BATCH_0023,0.62389195,0.2925475,387.78806,0.5547234044341618,0.3,406.4058884788847
BATCH_0024,0.7573493,0.33752748,417.21036,0.7456468863587573,0.3,417.1906573146047
BATCH_0025,0.81364363,0.35275412,480.97073,0.822321182893198,0.3542777909083596,481.0344810711724
BATCH_0026,0.765852,0.56334066,499.92175,0.7375542903640395,0.5839357241758868,500.0
BATCH_0027,0.9864799,0.8590942,405.39493,1.0,0.899392971775791,405.4053204753316
BATCH_0028,0.78295374,0.36809066,499.9544,0.7790489748352906,0.3864402931923746,500.0
BATCH_0029,0.8610757,0.6423847,389.2452,0.8261957972872239,0.6391177236625615,376.5306845015852
BATCH_0030,0.755338,0.31550607,467.5739,0.7348611808643324,0.3348925158704767,491.65372628511113
BATCH_0031,0.85402155,0.5552832,352.30386,0.8673038276992632,0.5424322628687226,352.235943605662
BATCH_0032,0.83051604,0.6507791,391.34625,0.8598673224974839,0.7159695680626642,349.01648413705703
BATCH_0033,0.92220473,0.54954165,500.05396,0.9144903798181137,0.5532024984297919,500.0
BATCH_0034,0.9413165,0.57294625,439.1658,0.9760973614772516,0.6018173762697436,439.1974941342655
BATCH_0035,0.7003855,0.29631257,499.98105,0.6702811083070928,0.3,500.0
BATCH_0036,0.6356916,0.3061575,499.9951,0.6222699164513554,0.3,500.0
BATCH_0037,0.60713226,0.31308216,499.8497,0.5592051274755637,0.3,499.99236543869694
BATCH_0038,0.719766,0.30342022,410.23438,0.6856734788103014,0.3,410.2484689790695
BATCH_0039,0.7932578,0.39792678,479.78333,0.8035489248150307,0.3653976514293828,479.8256976936824
BATCH_0040,0.74449956,0.44278383,500.0025,0.7564522257046559,0.4301390154841479,500.0
BATCH_0041,0.9180161,0.6298211,376.7936,0.92730862802491,0.6365168577670516,376.85133480751216
BATCH_0042,0.6963419,0.4074859,392.3162,0.6840823773018071,0.3918428283818158,392.2859238501896
BATCH_0043,0.80467767,0.32082072,406.1303,0.7996113726112365,0.3,406.10379735089447
BATCH_0044,0.8149093,0.59832054,497.62863,0.8099873862379805,0.598955666925955,500.0
BATCH_0045,0.8611011,0.5076492,497.47455,0.8355184143784287,0.5425188125320979,500.0
BATCH_0046,0.7314049,0.3814164,280.95895,0.724646423730672,0.3848354589484468,281.1628276070544
BATCH_0047,0.8109372,0.4219288,500.02463,0.8302912251865808,0.4407833399281735,500.0
BATCH_0048,0.7670974,0.34037167,500.04727,0.7773725780743628,0.3431571394037409,500.0
BATCH_0049,0.7284062,0.37309015,357.5042,0.6384845730773809,0.3642383566133642,364.2288566886165
BATCH_0050,0.82383573,0.31682023,499.98798,0.8292469523592255,0.3279967655891946,500.0
BATCH_0051,0.8790173,0.4447807,499.98685,0.8729018971934959,0.4415506217114942,500.0
BATCH_0052,0.81798005,0.32487875,500.07785,0.8127769029970427,0.3,500.0
BATCH_0053,0.9864304,0.66534007,500.0033,1.0,0.6752738005627777,500.0
BATCH_0054,0.86250573,0.45380166,499.9591,0.877602208018802,0.4363377800452793,500.0
BATCH_0055,1.0089499,0.6922597,405.0313,1.0,0.6803123546740278,405.03411506523577
BATCH_0056,0.71605766,0.4208589,476.0106,0.6920590907379071,0.4008619521161004,500.0
BATCH_0057,0.88962555,0.70649993,317.11032,0.8760102268764308,0.7290414346260746,317.12834748390515
BATCH_0058,0.6446779,0.3222224,500.0577,0.6381759095388139,0.3096256505268376,500.0
BATCH_0059,0.6817219,0.31134316,493.10922,0.6741176070118381,0.3,500.0
BATCH_0060,0.7075012,0.33332756,322.4595,0.6957558974259217,0.3505562072290871,322.5169773234653
BATCH_0061,0.8804555,0.6576625,356.7459,0.8788868025763658,0.6600115969264677,356.6751443478485
BATCH_0062,0.9179431,0.56252843,500.0188,0.904637430940508,0.5758485985818842,500.0
BATCH_0063,0.9003333,0.58807874,411.34167,0.8475223763996995,0.6267202091965405,400.7317326180907
BATCH_0064,0.5987359,0.292124,404.83994,0.5968023839346298,0.3,404.76000149478665
BATCH_0065,0.9471579,0.6907884,466.06354,1.0,0.6983210514208946,454.4174185030704
BATCH_0066,0.8049348,0.5547607,292.41623,0.8170789828561463,0.4906914387742744,292.3842806282622
BATCH_0067,0.749299,0.31231603,478.16507,0.7712668223472925,0.3,500.0
BATCH_0068,0.6318696,0.30982637,339.7836,0.6506385734511956,0.3468675622940494,339.723717197268
BATCH_0069,0.80414844,0.32682657,483.2184,0.7980850614730287,0.3200411796338305,500.0
BATCH_0070,0.9125878,0.5506496,499.97784,0.9166402175782348,0.5868554098678499,500.0
BATCH_0071,0.7494516,0.42142367,450.44858,0.7740769381074013,0.4625488736284001,450.3247156606567
BATCH_0072,0.7106414,0.41359177,326.38232,0.6980599061368309,0.4174140643504829,326.4284744099815
BATCH_0073,0.88792133,0.47071782,497.2033,0.9274109854081648,0.493951860603333,500.0
BATCH_0074,0.9021144,0.61952525,500.0703,0.8645973576305621,0.5921979010890155,500.0
BATCH_0075,0.9628673,0.6622566,496.52155,0.9920907906219156,0.6412998446016085,496.6157244504419
BATCH_0076,0.78735274,0.3542238,389.12988,0.7940363255724782,0.3523111314858846,385.9091577514977
BATCH_0077,0.82801634,0.6350284,346.01135,0.8118772529093107,0.6676181375573934,345.979539096725
BATCH_0078,0.8712342,0.6434997,501.62607,0.8780278409276367,0.6159505295296157,500.0
BATCH_0079,0.78073406,0.5713093,391.24405,0.7372545042021602,0.5723446348632453,391.2538567562163
BATCH_0080,0.8258653,0.32604966,453.86096,0.8124498031297113,0.3148968509753045,453.8908864925021
BATCH_0081,0.82933116,0.44439614,388.08838,0.8304432644078872,0.4443700684048394,387.986629419668
BATCH_0082,0.8276246,0.4482702,483.36337,0.8489580401481044,0.4351229755060546,483.5401406941147
BATCH_0083,0.762425,0.48051092,499.9496,0.7414075471382704,0.4312254837526706,500.0
BATCH_0084,0.8909766,0.6593238,368.0136,0.8711652021065176,0.6495064469638343,368.0880615434067
BATCH_0085,0.81282914,0.55150115,331.55505,0.8076015443717239,0.5079271429524447,331.57034577122846
BATCH_0086,0.85619247,0.38468117,369.09933,0.8461738165920338,0.372475033456113,369.1419699145303
BATCH_0087,0.9140484,0.5658491,484.9233,0.9143950529570012,0.5617129611741696,484.8559099205232
BATCH_0088,0.8345676,0.3647297,499.95224,0.8196390300651478,0.3560637675145076,500.0
BATCH_0089,0.92248476,0.68150884,248.15182,0.949317245130067,0.7393718960431924,248.18419510237288
BATCH_0090,0.7047894,0.3927133,499.9808,0.6996110570263313,0.41422721626734,500.0
BATCH_0091,0.97830635,0.6994825,499.96655,1.0,0.7065913110184477,500.0
BATCH_0092,0.85363895,0.43640935,397.3255,0.8520677055661384,0.4817584077366063,397.35020811552897
BATCH_0093,0.76279473,0.32857826,499.98593,0.7408529987619065,0.3,500.0
BATCH_0094,0.886055,0.46946484,376.28024,0.8577207229050019,0.5025734425504701,376.3235333362146
BATCH_0095,0.9101355,0.67423564,499.9483,0.8845000794671085,0.6649671249731182,500.0
BATCH_0096,0.91816026,0.6761276,298.83746,0.944660497094808,0.7088459972127983,298.8574947669585
BATCH_0097,0.9532356,0.7362375,423.28036,0.9712449529951936,0.7136300368191857,423.2904471194954
BATCH_0098,0.82399553,0.64385635,376.20728,0.827143459551997,0.6051477585493763,376.1950957880715
BATCH_0099,0.8335226,0.662132,376.45966,0.8602449083124336,0.7258606614449574,357.78283047447246
BATCH_0100,0.83302104,0.6612726,472.99155,0.7822658619794519,0.6635721577182716,493.84120357937655
BATCH_0101,0.79673696,0.42511195,483.21353,0.8053282473137761,0.3955786575612401,483.2588617709909
BATCH_0102,0.76527065,0.4058359,394.2607,0.7513925882842205,0.3799432137183757,394.2614261174088
BATCH_0103,0.95237076,0.755213,493.46365,0.9479782242474106,0.7880893880245481,493.5150279824344
BATCH_0104,0.98176056,0.6255939,436.56656,0.9902753606268008,0.6040904858999648,436.60895303175073
BATCH_0105,0.7563883,0.4473128,409.1784,0.7662321784358209,0.4926393270341009,409.2055364728857
BATCH_0106,0.7486112,0.3546618,500.05853,0.7798938831771376,0.3069993892022488,500.0
BATCH_0107,1.0024477,0.7703322,399.40353,1.0,0.8087795260915251,399.4019524776217
BATCH_0108,0.6574338,0.305105,453.26505,0.6552520883769597,0.3,453.238458933991
BATCH_0109,0.77802664,0.49312228,500.3054,0.754820229319272,0.5570295622019183,500.0
BATCH_0110,0.6873612,0.33337796,490.16968,0.6429313158214341,0.3010146371991389,490.207449098256
BATCH_0111,0.6896636,0.3438849,358.56827,0.6977559544582205,0.3615893169950696,356.24879000770414
BATCH_0112,0.928977,0.53496975,417.29468,0.9370280906487536,0.5250926785350692,417.3091411644423
BATCH_0113,1.0008206,0.7434383,437.82336,1.0,0.7241050808704356,437.812216861177
BATCH_0114,0.81441426,0.40427843,499.9545,0.7985001806453269,0.4382933650083845,500.0
BATCH_0115,0.83687586,0.33433402,402.6827,0.8225255950004493,0.3098484921805978,412.7951269970103
BATCH_0116,0.78182423,0.3037691,499.9734,0.7854976642794324,0.3,500.0
BATCH_0117,0.7851668,0.5464197,485.5188,0.7616892076892912,0.5081088822802882,485.4580789112383
BATCH_0118,0.8610551,0.37604505,284.91116,0.879163727691007,0.3,284.7882967935933
BATCH_0119,0.8143736,0.43550578,500.05725,0.8263176189766471,0.4381850558752982,500.0
BATCH_0120,0.9288685,0.56280696,391.7725,0.9511969415353784,0.6727583212286753,411.30071818508696
BATCH_0121,0.8718524,0.4451566,438.28632,0.8677797941134727,0.4961551770092844,438.24572047248085
BATCH_0122,0.85040754,0.53936803,500.03815,0.8702007579680723,0.561036605586895,500.0
BATCH_0123,0.7066073,0.39731702,491.4169,0.6550990070508708,0.3631016678771779,500.0
BATCH_0124,0.7690405,0.4811052,501.2955,0.7618943637886308,0.4532655493246275,500.0
BATCH_0125,0.8510048,0.4624973,500.03247,0.8660886127096588,0.4870213637360064,500.0
BATCH_0126,0.8048283,0.3614559,500.02454,0.7922010561372588,0.3250399896283469,500.0
BATCH_0127,0.7415664,0.30361617,499.90848,0.7258441371100094,0.3,500.0
BATCH_0128,0.7776231,0.6194239,405.61053,0.7839621440543962,0.631355931463074,383.1538257230313
BATCH_0129,0.88997805,0.6350307,319.07,0.8937709158785003,0.6629317844769624,319.0921626407091
BATCH_0130,0.80501026,0.5377822,317.91757,0.7917733988589784,0.5373377618019323,317.9111308608266
BATCH_0131,0.7790919,0.49348393,325.31497,0.7851695290086147,0.4884880309392462,325.283199018431
BATCH_0132,0.6694497,0.35615924,499.9653,0.6404930680870627,0.3796409692943573,500.0
BATCH_0133,0.7797684,0.43598968,445.79312,0.7799204192287569,0.4556205831805183,445.8487914872312
BATCH_0134,0.9181145,0.52016526,482.9266,0.9017905892409934,0.5000641208772931,482.93089793407415
BATCH_0135,0.8912461,0.6988823,364.59006,0.9481363794559908,0.6875549564368095,334.6623610733752
BATCH_0136,0.67684567,0.30937725,432.30814,0.678798099924202,0.3,432.3600401246114
BATCH_0137,0.8745004,0.55996394,500.0139,0.8779052320570323,0.601660672996875,500.0
BATCH_0138,0.70440024,0.31534195,473.58505,0.7278543891331875,0.3,473.7069518026212
BATCH_0139,0.8842232,0.46351352,500.0251,0.8805866709190323,0.4379440472866023,500.0
BATCH_0140,0.9817787,0.6623431,500.0196,1.0,0.6497385664655752,500.0
BATCH_0141,0.8153255,0.55411273,366.16708,0.8399983642701221,0.5458472221551408,366.160344010911
BATCH_0142,0.92539275,0.7063473,346.34192,0.89018512836174,0.7051115594702951,346.4523244166817
BATCH_0143,0.7320236,0.37048522,500.03732,0.7359940314699531,0.372961292613568,500.0
BATCH_0144,0.69563574,0.30835044,500.05753,0.6958952960945413,0.3,500.0
BATCH_0145,0.70722395,0.46138692,437.05576,0.7287691078592509,0.5084969342061361,437.0167383761953
BATCH_0146,0.9521074,0.67389625,372.83908,0.9267852579887188,0.6229188667988831,372.8850092325363
BATCH_0147,0.8027747,0.437435,410.66986,0.7749203506341754,0.4263293055396045,410.7566309414761
BATCH_0148,0.73796654,0.45057282,499.94525,0.7491243977025274,0.460491966092209,500.0
BATCH_0149,0.7923781,0.45042577,499.9764,0.7877595216810035,0.4167268544030843,500.0
BATCH_0150,0.9847863,0.6229403,378.72827,1.0,0.6309566570433643,378.6899193271383
BATCH_0151,0.7617151,0.47622418,285.0753,0.7695767674136611,0.5322638446596126,285.0838271323261
BATCH_0152,0.7487634,0.4810835,463.36978,0.7243133472543094,0.4679889744423849,463.28017500603096
BATCH_0153,0.909356,0.6338571,408.4706,0.9122150060605564,0.6495968446817488,408.44490258212267
BATCH_0154,0.8383799,0.34264952,332.05225,0.8531407448316645,0.3,332.0598166926044
BATCH_0155,0.8452422,0.6340083,203.05795,0.8475783580996741,0.6194649319719294,203.02416792220916
BATCH_0156,0.74805033,0.3062149,466.515,0.7878954216201973,0.3,466.5669885474919
BATCH_0157,0.7231694,0.30124974,499.9978,0.7389382176926907,0.3,500.0
BATCH_0158,0.7252922,0.3714112,486.06268,0.6813252508308572,0.4147767270648247,486.03886020173735
BATCH_0159,0.85493743,0.45894668,500.01865,0.8669796285121241,0.4772425038861789,500.0
BATCH_0160,0.7795562,0.49186307,433.31012,0.7886304761677535,0.4755203385286444,433.2866234537869
BATCH_0161,0.9615836,0.6743792,368.2063,0.9748295692792588,0.6802890451962658,368.2687414140794
BATCH_0162,0.8171457,0.3692274,434.7134,0.8451167396036189,0.4224328006747756,416.80757290153167
BATCH_0163,0.8536364,0.56854206,474.9828,0.8379992110265783,0.6026204505084937,451.0048394083858
BATCH_0164,0.7237053,0.4376269,413.18192,0.7403638718431655,0.4854964057207512,413.1530784178208
BATCH_0165,0.98464787,0.6537567,500.1023,1.0,0.6413105801784844,500.0
BATCH_0166,0.8696553,0.6124892,392.29483,0.8849035779973412,0.5844032766612068,392.1403270811114
BATCH_0167,0.7808785,0.48732385,343.7521,0.8279420899955243,0.4432775669803501,343.7880795774338
BATCH_0168,0.8195146,0.62036264,347.2979,0.7895216570866654,0.5942069356412868,364.5922850377149
BATCH_0169,0.8943002,0.56366396,273.09946,0.864756259627079,0.581198927521041,272.9744081748144
BATCH_0170,0.8978521,0.5894182,338.09723,0.8769869447183916,0.6183715429447042,338.08012603891734
BATCH_0171,0.5704239,0.29579526,491.2084,0.5239114321899319,0.3,491.2489891835082
BATCH_0172,0.76641524,0.35680825,317.3424,0.7727635076877819,0.36687576824141,317.3738628974313
BATCH_0173,0.8699421,0.67263246,494.30173,0.8831920675861251,0.6711264478675937,500.0
BATCH_0174,0.7003873,0.2919621,499.93585,0.6835038965785801,0.3,500.0
BATCH_0175,0.7556599,0.40638155,497.33475,0.6912424057176706,0.408207605018812,500.0
BATCH_0176,0.76574904,0.32921708,467.55246,0.752304410429688,0.3,467.5369866738732
BATCH_0177,0.72618055,0.32861492,499.9845,0.7541770711765602,0.3327206087848124,500.0
BATCH_0178,0.9768692,0.6271838,467.4366,0.9689651911146429,0.6862940653713734,467.5035000786432
BATCH_0179,0.80991346,0.55322903,359.65576,0.8702383279035385,0.5500471733404343,359.6573611714851
BATCH_0180,0.8217223,0.5227257,411.87698,0.8413984682495015,0.5132432800708362,411.89318135216126
BATCH_0181,0.69480807,0.37226698,376.5708,0.6807545127676968,0.3729374913148481,376.6456514059764
BATCH_0182,0.730304,0.2979936,384.23904,0.7023476946840962,0.3,384.23758614046193
BATCH_0183,0.956232,0.5635518,471.60516,0.961604508426932,0.6080803914277706,471.61811755669686
BATCH_0184,0.92622596,0.7045322,303.07224,0.9158117594515608,0.6551787786815331,303.0875545480864
BATCH_0185,0.84712934,0.44934,496.45007,0.8758324400572238,0.5575954383342563,500.0
BATCH_0186,0.95708835,0.648374,500.00333,0.988793203147046,0.6048410843732758,500.0
BATCH_0187,0.9101639,0.6103332,493.77164,0.9110484530706748,0.6055218880319806,493.8147374059664
BATCH_0188,0.8086159,0.51751983,489.0201,0.8137624003034811,0.4837534953055922,500.0
BATCH_0189,0.79703915,0.54212826,470.86066,0.7625000247863033,0.5585575358595077,470.9685261898793
BATCH_0190,0.694222,0.34492823,491.71487,0.6813823172291305,0.3096233845754023,491.6834443238921
BATCH_0191,0.9041238,0.49359286,500.01117,0.923858336634286,0.493682884303194,500.0
BATCH_0192,0.9295461,0.5684649,500.0811,0.9372464415066644,0.6132440721117203,500.0
BATCH_0193,0.7575028,0.32064715,500.01117,0.724077603763859,0.3,500.0
BATCH_0194,0.6640588,0.3009302,440.0822,0.6491449433705349,0.3,405.87238483688174
BATCH_0195,0.911298,0.63109666,306.01675,0.9045434462400171,0.6250001757962537,305.82591403313063
BATCH_0196,0.93292344,0.61248153,318.9248,0.926401972530479,0.6535272663423676,331.5665781161136
BATCH_0197,0.9505595,0.59308845,500.01392,0.9627469777475752,0.6016601548007143,500.0
BATCH_0198,0.96113026,0.5941256,396.08533,0.9689534847726816,0.5645297608273463,395.9511943481584
BATCH_0199,0.81255865,0.36397842,434.9947,0.7967369101655486,0.4062403543737403,434.9309564022408
BATCH_0200,0.8957498,0.60631096,499.99252,0.9249721430725836,0.6603192904314986,500.0
BATCH_0201,0.70104736,0.37319463,257.73016,0.6943320922475605,0.3625239122303064,257.7118134574418
BATCH_0202,0.7856223,0.50813276,381.7953,0.7957660392306357,0.534601096383179,381.8231685335557
BATCH_0203,0.7453868,0.29206836,485.39355,0.7561933513024504,0.3,500.0
BATCH_0204,0.9883296,0.76277435,355.99863,0.9715295607559712,0.7451922774295525,356.04563014476213
BATCH_0205,0.7927039,0.60935056,499.988,0.7732602245002814,0.6457888930947219,500.0
BATCH_0206,0.65089715,0.31969595,388.5913,0.649039340149894,0.3427913081866217,388.612322375986
BATCH_0207,0.85863847,0.4805937,482.8381,0.8743405499913316,0.5166287129908294,482.7271294864548
BATCH_0208,0.81205356,0.63177085,260.79126,0.8318565974349782,0.6224920005533843,260.75243651359415
BATCH_0209,0.9601399,0.83663315,318.38873,1.0,0.8623561200409472,318.3472048358244
BATCH_0210,0.9701256,0.7565907,409.02362,1.0,0.7393140716021973,410.1205987718057
BATCH_0211,0.8972371,0.5479636,483.3127,0.9302116918008928,0.5713026034964885,488.386498904193
BATCH_0212,0.7914915,0.36634308,402.05777,0.8333845072865339,0.402466284090225,395.87983643691007
BATCH_0213,0.95644987,0.80295753,410.85696,0.9709533052972618,0.7962472146488068,410.8577501446459
BATCH_0214,0.8147708,0.40725365,499.95627,0.8162237171338367,0.4013678581221362,500.0
BATCH_0215,0.6330477,0.30152777,499.91696,0.6410605908725321,0.3,500.0
BATCH_0216,0.96149576,0.8101506,371.5651,0.962870430901,0.8222272333164999,371.6322281789603
BATCH_0217,0.8891724,0.48278666,414.05292,0.8732415498264835,0.4740883860296767,413.9499908752
BATCH_0218,0.8283757,0.4656316,495.85678,0.8145992820759349,0.5359613108762965,500.0
BATCH_0219,0.91940945,0.5134808,276.79947,0.9221029911406368,0.4999051359632054,276.7445363660123
BATCH_0220,0.9463937,0.59398603,480.42984,0.9960716303445872,0.6015423965454988,473.1246944303401
BATCH_0221,0.79842556,0.42685604,499.91815,0.7622419100875489,0.4182285809792933,500.0
BATCH_0222,0.6064898,0.3025125,415.25275,0.6071119052232858,0.3,415.2718888565082
BATCH_0223,0.71533746,0.33440462,483.10532,0.6867176895022084,0.3386922153482822,483.18152082971
BATCH_0224,0.62688744,0.30365968,300.08765,0.6044892002726622,0.3,300.0607674861772
BATCH_0225,0.7918608,0.45884567,499.97263,0.799800336816999,0.508087805044529,500.0
BATCH_0226,0.96613437,0.5619746,397.92307,0.9577937644185932,0.5904185351186211,398.02490346096886
BATCH_0227,0.72582656,0.36545187,499.9628,0.705798443149318,0.3500461038376332,500.0
BATCH_0228,0.8042849,0.35175326,493.2621,0.7972166869196633,0.3,493.3038599682591
BATCH_0229,0.82211804,0.43039295,343.17908,0.842613870447238,0.4790461854493362,343.0937787545884
BATCH_0230,0.8805597,0.47143447,499.90717,0.8604783827530529,0.4545805738216896,500.0
BATCH_0231,0.7455118,0.3732221,471.9392,0.784393959314837,0.4048007775531262,479.82401643122193
BATCH_0232,0.8991983,0.5846823,499.9928,0.8875447148662257,0.5077260023761253,500.0
BATCH_0233,0.821945,0.55749536,497.75116,0.8300951877102848,0.5572440532893993,500.0
BATCH_0234,0.9114149,0.7034488,311.20255,0.9493849396547752,0.6624344677729861,311.222777033067
BATCH_0235,0.9401232,0.5629794,484.84634,0.9371332460912714,0.6034431825816845,484.76094301691313
BATCH_0236,0.8353242,0.6918178,451.8799,0.8246383649980512,0.696546272895718,451.9355538991644
BATCH_0237,0.5954546,0.298041,483.8216,0.5705107918002167,0.3,458.3939511051472
BATCH_0238,0.7766831,0.3233207,499.93176,0.7630338236099725,0.3130674589570467,500.0
BATCH_0239,0.7065549,0.3799625,420.0047,0.7178365227617499,0.3920242157204875,411.0580776747125
BATCH_0240,0.9482657,0.5906237,500.0081,0.9522076044422216,0.5939645873420236,500.0
BATCH_0241,0.7751089,0.31773224,337.80542,0.7943968249280874,0.3,337.7980463203911
BATCH_0242,0.9248934,0.51859367,500.02228,0.9317769684440448,0.5644448438764279,500.0
BATCH_0243,0.94138175,0.7183413,499.99454,0.9683464162432872,0.6805145926722517,500.0
BATCH_0244,0.84136164,0.74722546,499.9504,0.8186517824185242,0.7745772379050091,500.0
BATCH_0245,0.866779,0.38166407,500.1068,0.8625429163725025,0.401156510358072,500.0
BATCH_0246,0.777512,0.4138213,269.97815,0.7626680140220897,0.377243293858387,269.9641254549597
BATCH_0247,1.0059737,0.79145664,493.3195,1.0,0.7576004325067268,500.0
BATCH_0248,0.9021401,0.38340375,499.97766,0.9165951314462898,0.3878739947586456,500.0
BATCH_0249,0.7414704,0.29767117,472.93262,0.739574919436187,0.3,472.9589254048535
BATCH_0250,0.7185264,0.3783585,356.4999,0.6923897283066325,0.3710583797253782,356.5947815247304
BATCH_0251,0.97436607,0.8375825,389.45087,1.0,0.9205517976519082,373.8034511132776
BATCH_0252,0.9756203,0.59472495,457.24445,1.0,0.5339335891851773,457.3014555647397
BATCH_0253,0.89855915,0.6684252,422.30014,0.9224436518608944,0.6650424514771879,422.31302625072266
BATCH_0254,0.8260546,0.63408476,416.49622,0.7941490510829635,0.6018257498351887,412.9193063621672
BATCH_0255,0.85676736,0.52210706,499.9692,0.8481318100630821,0.532877266750727,500.0
BATCH_0256,0.8326738,0.32129124,499.98822,0.8488287548216221,0.3274256978393312,500.0
BATCH_0257,0.7853518,0.40377578,499.32056,0.7851049140279207,0.3694168183720631,499.3518583986555
BATCH_0258,0.8879024,0.4979409,449.4806,0.8934314913186187,0.4387395426879767,449.3774961206073
BATCH_0259,0.7149343,0.4305397,342.67227,0.7207607599447086,0.4148024496094838,342.63948845997146
BATCH_0260,0.9050855,0.64995754,382.32227,0.8914626335448793,0.6501476046766945,382.41310666362114
BATCH_0261,0.8618126,0.37742954,502.17926,0.8579165066364776,0.3806173905189299,500.0
BATCH_0262,0.74946153,0.5968532,447.39542,0.6884678439328346,0.6112548183365754,447.3643583147414
BATCH_0263,0.822689,0.4841998,494.7458,0.8052878215360041,0.4521129535624382,494.69723398914937
BATCH_0264,0.83660525,0.3756462,500.04297,0.8252356394270772,0.397306144420654,500.0
BATCH_0265,0.9387487,0.6296247,497.40036,0.9159489034622288,0.6678954112321437,497.5341651923667
BATCH_0266,0.7974462,0.3665945,502.75064,0.8452342827705721,0.3,500.0
BATCH_0267,0.99552643,0.78159225,314.1354,0.9917773965878384,0.8006655348176444,313.87782368482806
BATCH_0268,0.70728046,0.35535774,438.74033,0.7186902512060611,0.3227882667950401,438.58058042060446
BATCH_0269,0.6714632,0.3033936,499.9834,0.6467652755538432,0.3,500.0
BATCH_0270,0.8464602,0.37798074,419.89978,0.8741178170413116,0.3720987205146854,426.8260871032449
BATCH_0271,0.71472454,0.31300348,500.03674,0.6772456676047572,0.3,500.0
BATCH_0272,0.9159299,0.5111279,313.90985,0.9458029857585046,0.4918680329622418,313.92976841909183
BATCH_0273,0.96252066,0.61237204,499.88028,0.984872231163996,0.6156135164853038,500.0
BATCH_0274,0.9184792,0.67088276,500.00665,0.9035574629171762,0.6285185056211164,500.0
BATCH_0275,0.806594,0.4794501,493.64362,0.8359362256598047,0.4336436253535721,500.0
BATCH_0276,0.9751294,0.68644345,458.0754,0.9991853757545314,0.7018846348216647,457.97771444943584
BATCH_0277,0.8871882,0.52841884,400.17722,0.8654972886766735,0.4894597059046267,400.0617468233851
BATCH_0278,0.9921781,0.73073703,460.28705,1.0,0.7660299025616775,460.2000018249408
BATCH_0279,0.77617484,0.31366366,339.4519,0.762018434772991,0.3014265084001244,339.4997587514312
BATCH_0280,0.9740001,0.5595968,443.74762,0.9746649102514864,0.5240069784784657,443.83794400863366
BATCH_0281,0.6913961,0.32890102,484.61856,0.6857233730844199,0.3,473.2300098673557
BATCH_0282,0.8172878,0.50039715,434.6919,0.8459797118146039,0.5398254495637035,434.7905618106243
BATCH_0283,0.69628006,0.3912912,290.48138,0.6581656361368907,0.3597684501985468,290.50167938769715
BATCH_0284,0.7772894,0.3186138,361.65097,0.8243781394350732,0.3082949619698228,361.6308380914891
BATCH_0285,0.6958857,0.4450029,428.66656,0.659406449632228,0.4571562936872573,428.6580430047965
BATCH_0286,0.7672755,0.43098664,499.9932,0.7690593228815126,0.4494046642064821,500.0
BATCH_0287,0.7361771,0.32292068,448.32858,0.7504245819310654,0.3,448.3399855126743
BATCH_0288,0.8175652,0.5335521,499.89362,0.8134092261731937,0.5002586424052711,500.0
BATCH_0289,0.76223534,0.35650295,487.58688,0.754180878506831,0.3893995383540076,493.2296756192525
BATCH_0290,0.7709724,0.5962986,414.43613,0.7817410166332458,0.6457244264831391,414.4776959582471
BATCH_0291,0.7663156,0.57629514,263.6908,0.7573465315767148,0.5926633407251659,263.696854735605
BATCH_0292,0.8190798,0.33696207,496.64984,0.8009277214798727,0.3486661680385828,496.70125924090127
BATCH_0293,0.7852543,0.38059556,499.98648,0.7889055552288271,0.3729628365573322,500.0
BATCH_0294,0.70189714,0.34983656,397.01498,0.68785108585856,0.3050920188820519,397.0134787318152
BATCH_0295,0.8049784,0.46986198,361.07227,0.8057757296500418,0.4774607999254341,361.0605903224494
BATCH_0296,0.9562255,0.5875359,304.58612,0.97172520111745,0.60460896563944,304.60130978554986
BATCH_0297,0.73274523,0.40457824,206.34776,0.7087039319887433,0.4171243498673855,212.1278777259733
BATCH_0298,0.74173516,0.31361878,403.69855,0.7618542976041296,0.3065377110190054,404.6028205557406
BATCH_0299,0.7320493,0.4310614,389.48264,0.7578173103051314,0.4000980811375967,389.3512132143191
BATCH_0300,0.8865224,0.7954831,436.13995,0.8938088351965053,0.8577521156232506,418.88740473979766
BATCH_0301,0.8013089,0.40716764,499.9574,0.7845205331091616,0.3729563792022417,500.0
BATCH_0302,0.83738285,0.44868287,500.02206,0.851799299658835,0.4458997466647031,500.0
BATCH_0303,0.8439331,0.4388429,479.605,0.8613002927833747,0.4577451270165368,500.0
BATCH_0304,0.90467846,0.6226149,500.03247,0.9266191542357168,0.6602759997907227,500.0
BATCH_0305,0.9701167,0.60006917,361.08698,0.984115593452042,0.7182819728686891,341.2063166597607
BATCH_0306,0.7701418,0.43079895,353.93787,0.8418989390105058,0.4409368115940457,356.75801839757776
BATCH_0307,0.7808276,0.4614643,486.82034,0.7618975004520459,0.4573604933192911,496.0172985823015
BATCH_0308,0.7543016,0.3082467,498.30783,0.7602104899909723,0.3,498.3072235582384
BATCH_0309,0.7105445,0.38269213,500.05206,0.7335469243738492,0.4275332319970703,500.0
BATCH_0310,0.90854144,0.6093632,384.85437,0.8971841470708363,0.6258665048864206,384.9836262219141
BATCH_0311,0.7402219,0.47843844,499.99454,0.7478386023595597,0.5099562742916028,500.0
BATCH_0312,0.8033072,0.6121995,369.02298,0.8238018553277797,0.6203144429501214,369.0705351319218
BATCH_0313,0.9123625,0.49267742,500.01694,0.9483148261770732,0.5025251846918062,500.0
BATCH_0314,0.9162312,0.55907977,499.9833,0.97087936941598,0.5750202701301212,500.0
BATCH_0315,0.85370517,0.50649214,411.63782,0.8580622934048341,0.4814520851803872,411.6422797983633
BATCH_0316,0.7340634,0.34617013,488.28314,0.7372876397744593,0.3439388798741969,489.65971041548863
BATCH_0317,0.83712405,0.5967216,335.84424,0.8183174511683422,0.5833044294555499,335.8766853917817
BATCH_0318,0.7272574,0.41044477,427.0205,0.7158569062180291,0.3782742329035667,427.0062246646161
BATCH_0319,0.7614003,0.39589688,358.0146,0.7468714217101519,0.3912449698249455,357.97684772228547
BATCH_0320,0.86143833,0.504781,500.03873,0.8399961471692589,0.5225019404034905,500.0
BATCH_0321,0.86647743,0.47868758,499.98126,0.8821123216574422,0.4950924176106745,500.0
BATCH_0322,0.8821492,0.54165834,493.6197,0.8624656559240298,0.5439837318424988,500.0
BATCH_0323,0.7702699,0.41854262,372.33734,0.8081898966312057,0.4797809168786614,372.084184572545
BATCH_0324,0.92436564,0.5775638,481.52573,0.927139796594303,0.5494746551245829,500.0
BATCH_0325,0.8940206,0.56327677,500.03488,0.8729580528319381,0.5695710373855432,500.0
BATCH_0326,0.9902449,0.8225668,465.71576,1.0,0.8004765580911476,465.7171840859797
BATCH_0327,0.7267418,0.30399412,499.99515,0.729871494549016,0.3,500.0
BATCH_0328,0.87974656,0.617419,399.80292,0.8799694258174,0.6232624377179434,399.88466520030056
BATCH_0329,0.5934556,0.2925475,370.1343,0.5947235759839857,0.3,370.12719539544776
BATCH_0330,0.7736108,0.4702553,295.22922,0.7911294816946324,0.4582783170034557,295.30157709282605
BATCH_0331,0.8713197,0.4318578,374.01212,0.8389301054601235,0.4534023033896955,326.514783964582
BATCH_0332,0.75287277,0.49159932,450.8089,0.7558648880598858,0.4706675937723652,450.7660240808576
BATCH_0333,0.7727097,0.54468733,499.94873,0.7776945452951665,0.549541584397293,500.0
BATCH_0334,0.7577935,0.48102477,301.1715,0.762871526254051,0.4978290579800551,301.1164239059033
BATCH_0335,0.7572282,0.5418934,327.2055,0.7419119563102864,0.5418897816039934,327.10189730831627
BATCH_0336,0.79992646,0.34817868,430.62473,0.7885575445786802,0.3599114796176693,430.5258061984304
BATCH_0337,0.750469,0.31846526,499.83276,0.747038885321245,0.3,500.0
BATCH_0338,0.7162561,0.31845075,328.03052,0.7323641363436182,0.3039355142847252,327.85771236800645
BATCH_0339,0.72826236,0.46515793,313.056,0.7147991422536613,0.4440940893751184,313.0964695443994
BATCH_0340,0.81133264,0.5057333,469.87802,0.8003531425753259,0.5298989488162419,470.0015974906352
BATCH_0341,0.77755153,0.4134015,296.95087,0.7851138079071005,0.4285555837189222,296.9696693430228
BATCH_0342,0.6047767,0.29177868,477.36157,0.5723242567539525,0.3,497.8512744935784
BATCH_0343,0.7125997,0.33115503,499.95938,0.7001527049269004,0.3,500.0
BATCH_0344,0.84779084,0.5581238,499.48688,0.8474803331164058,0.5079701084856633,500.0
BATCH_0345,0.86489433,0.5339264,401.20578,0.8598540163536192,0.5504729514712716,401.2469400421234
BATCH_0346,0.7957802,0.39596453,500.07452,0.7757801192405139,0.4034622249278927,500.0
BATCH_0347,0.7301081,0.44957462,470.2209,0.7010450821162544,0.4491533319358902,470.21681418767486
BATCH_0348,0.68948287,0.33587518,500.00327,0.6750416769952549,0.3307958176932921,500.0
BATCH_0349,0.77246076,0.33924708,441.021,0.7743004231998816,0.3160683615943122,440.9671286558027
BATCH_0350,0.76677024,0.39596182,476.70566,0.7975706723951158,0.4558790191504057,454.3932773177471
BATCH_0351,0.95316434,0.57084405,503.5281,0.9902377066663216,0.6048695471780907,500.0
BATCH_0352,0.9335423,0.59757924,437.24246,0.964903525678784,0.651440586267831,399.8753238443485
BATCH_0353,0.7543082,0.49169037,497.35788,0.7234653043560977,0.3769265817928978,500.0
BATCH_0354,0.73280877,0.45545563,491.05426,0.7156356482511331,0.5039506444990222,500.0
BATCH_0355,0.79493874,0.39566022,499.89636,0.7790905859466855,0.3907368975379439,500.0
BATCH_0356,0.77833456,0.6286009,443.01047,0.8030909354570543,0.6234047071996656,442.98882074514216
BATCH_0357,0.7702674,0.34571943,412.2229,0.7753250911856726,0.3593718381829826,412.1629878002033
BATCH_0358,0.897333,0.41066098,499.98502,0.909520220257143,0.3864863375196806,500.0
BATCH_0359,0.8711654,0.5452944,362.68277,0.8588949099620237,0.5617797065568026,362.6694740915381
BATCH_0360,0.8433409,0.52928406,196.58717,0.8634041511294736,0.5055772919211047,196.6516031399388
BATCH_0361,0.7673034,0.34389228,478.24597,0.8097341139585688,0.3,468.5072760915708
BATCH_0362,0.72914964,0.3305833,454.8594,0.7187566471522816,0.3,454.7743513389764
BATCH_0363,0.7720283,0.3806713,483.7522,0.7839745242253221,0.423332193733005,483.86607348876777
BATCH_0364,0.9836959,0.5839411,424.73468,0.9975387360549284,0.5768096901145141,424.7730036222784
BATCH_0365,0.6323483,0.2975088,459.4745,0.6197525510805834,0.3,459.4858119497507
BATCH_0366,0.95467323,0.53971016,312.97153,0.9850803350194492,0.5565794472926182,293.7950147656542
BATCH_0367,0.8683248,0.44671547,421.829,0.8736367908153523,0.366542881153198,437.8438160158928
BATCH_0368,0.80322856,0.5380589,328.01996,0.8011852818057187,0.4991850616130764,320.79526272351256
BATCH_0369,0.8338593,0.6844158,449.80585,0.815041384206293,0.7204710412951281,449.7611825444929
BATCH_0370,0.8758749,0.715214,387.92523,0.877844612418162,0.711205918955386,387.8369774092663
BATCH_0371,0.81859726,0.6336612,431.35062,0.823451687797061,0.6140148887953517,431.40236603316816
BATCH_0372,0.83751327,0.63583285,407.88528,0.8568415680614181,0.6345918912606912,407.8649489125927
BATCH_0373,0.9116763,0.5475763,499.9133,0.9432083852102348,0.5863746461848418,500.0
BATCH_0374,0.78151405,0.54433185,431.26895,0.8276257060254502,0.5733439778061371,438.7817265409057
BATCH_0375,0.74641556,0.40803203,346.4078,0.723684453544821,0.4580880233227416,346.4020424731333
BATCH_0376,0.8364172,0.36575362,425.19443,0.8537242909949814,0.3542749410896708,425.0777599051327
BATCH_0377,0.6726764,0.36561385,500.02997,0.6643426544909081,0.313422920502464,500.0
BATCH_0378,0.9752625,0.6443754,463.17697,1.0,0.6502107146379337,463.2445929725554
BATCH_0379,0.8060514,0.5681518,499.94485,0.804691118931054,0.5852080605267236,500.0
BATCH_0380,0.82283705,0.6607932,403.51724,0.8140690541278872,0.6310319423767651,403.4561229851838
BATCH_0381,0.99969345,0.8303946,442.17065,1.0,0.8001774020064315,442.1325449718213
BATCH_0382,0.91413945,0.5672304,476.74426,0.8422928701426805,0.604374154177507,484.7159131829229
BATCH_0383,0.86485994,0.39437112,450.82086,0.8540954067698169,0.4216418237839027,458.9655167917796
BATCH_0384,0.81238556,0.37925443,499.82632,0.78602955364308,0.3486526989121907,500.0
BATCH_0385,0.9380296,0.5252126,500.02982,0.9384290389261818,0.5292271195474098,500.0
BATCH_0386,0.63580525,0.30519867,499.99084,0.621512425925379,0.3,500.0
BATCH_0387,0.8975746,0.66897196,362.24976,0.920227414276477,0.6401460644593757,362.1784312741272
BATCH_0388,0.9945807,0.70868325,386.72913,1.0,0.7308101065775523,386.7625296339947
BATCH_0389,0.9920647,0.72125787,424.09933,0.9891595691980892,0.750827031772305,424.0600883808095
BATCH_0390,0.98277956,0.6032822,342.14792,0.9815127378565977,0.5527671770924412,342.19496712359995
BATCH_0391,0.7042265,0.3068218,407.48117,0.6990619246449205,0.3,407.4116397991708
BATCH_0392,0.7518926,0.35368913,499.91858,0.7131774655856491,0.333734530222884,500.0
BATCH_0393,0.9294762,0.55491054,345.57864,1.0,0.5718125588216413,326.8181899218116
BATCH_0394,0.78788966,0.45499948,501.54614,0.8045672000362079,0.4384573598306188,500.0
BATCH_0395,0.7447988,0.30124974,497.80353,0.7459010631603099,0.3,497.8289879401691
BATCH_0396,0.86084765,0.4099689,362.36966,0.8187687725646557,0.3909568381942409,362.25947040524
BATCH_0397,0.7776816,0.3849132,227.5378,0.7955580674377077,0.3448030972488273,227.53268307820224
BATCH_0398,0.90799165,0.5597656,432.56168,0.9090086330884766,0.5756208759190808,432.4532868058206
BATCH_0399,0.9829286,0.6724353,481.60962,1.0,0.6630854294324955,481.5947692187728
BATCH_0400,0.75609726,0.55503124,348.60413,0.7394439381281986,0.529110538932857,348.65772361220945
BATCH_0401,0.7595435,0.31305546,493.9569,0.7517251329067305,0.3,493.93727468958974
BATCH_0402,0.90319496,0.60575414,326.39835,0.9057714980635788,0.5943101188948157,326.3071745061088
BATCH_0403,0.83047956,0.37257734,479.35907,0.8310921168400724,0.3687575251607164,479.3859175810521
BATCH_0404,0.733222,0.38969317,499.97906,0.7044886045371822,0.4178658075000738,500.0
BATCH_0405,0.8874809,0.4546957,500.08176,0.8999675587860804,0.4940233360330512,500.0
BATCH_0406,0.725461,0.34854653,500.0164,0.7016424605315117,0.3,500.0
BATCH_0407,0.7125335,0.44026086,255.61304,0.688605494504696,0.4609929825669951,255.6616110805849
BATCH_0408,0.94660974,0.6454281,500.00006,0.9661038431767024,0.6399661472719074,500.0
BATCH_0409,0.6838416,0.35752743,499.9909,0.684464431537819,0.3099456096376526,500.0
BATCH_0410,0.91210735,0.716999,300.63745,0.9237489239234448,0.7298628150650006,300.66842205282774
BATCH_0411,0.8660546,0.4536324,300.97675,0.8607351760935383,0.5141405240284442,283.47370590511844
BATCH_0412,0.9140813,0.45088777,499.99933,0.8774172834447507,0.4386417274571687,500.0
BATCH_0413,0.7506709,0.3077173,366.29282,0.7596105884978294,0.3,366.2815062532896
BATCH_0414,0.8902339,0.5003163,411.8591,0.8751610220173063,0.5485699461925433,409.18647148163006
BATCH_0415,0.836441,0.5316488,499.95026,0.8228288263737472,0.5696493764122095,500.0
BATCH_0416,0.8502621,0.5375536,398.02405,0.8712453218243147,0.5657402753325774,394.0776948673656
BATCH_0417,0.79229647,0.4725277,283.9558,0.8014214213972752,0.5032702812404056,283.9268985072238
BATCH_0418,0.8266409,0.37751615,385.0683,0.8383803278593118,0.3856980113273476,385.0425195070438
BATCH_0419,0.86112773,0.47242227,348.36606,0.8669216260408179,0.4213306350749773,348.2767457727194
BATCH_0420,0.8798369,0.4467615,417.70673,0.9092578972347304,0.4659923651139625,417.5989116560181
BATCH_0421,0.77510524,0.29641488,491.16434,0.8034431443934105,0.3,491.0881218291987
BATCH_0422,0.7242462,0.47092453,452.18607,0.7070188016579646,0.4357392382290287,458.0260134115619
BATCH_0423,0.8285466,0.4459635,491.39056,0.8448340742205668,0.4504978685273812,491.3613755582117
BATCH_0424,0.7381152,0.46156886,325.722,0.7498643407927377,0.4067299663634061,325.7079656780669
BATCH_0425,0.9756358,0.7397678,443.6308,1.0,0.753169130736226,443.626201680326
BATCH_0426,0.7981154,0.5300973,398.3648,0.8128786105140222,0.5396844360274784,398.3285988534615
BATCH_0427,1.007527,0.80579823,483.7921,1.0,0.860721822842355,500.0
BATCH_0428,0.82336795,0.5432907,306.31592,0.8526434187555102,0.5727256214362998,306.1528934643595
BATCH_0429,0.73458284,0.42276597,495.13135,0.6510610706490932,0.4035104290826586,500.0
BATCH_0430,0.7133249,0.46715987,499.95404,0.6961211377601418,0.4645345668596397,500.0
BATCH_0431,0.8508798,0.45315325,500.00842,0.8105467105670638,0.4484626738672823,500.0
BATCH_0432,0.9687694,0.6998391,504.36063,0.9776658024344456,0.730303818763655,500.0
BATCH_0433,0.69902194,0.35808665,474.0045,0.6891769249745863,0.3130548765494009,497.4859892280497
BATCH_0434,0.96087736,0.84550923,444.51474,1.0,0.8831341313572945,444.5264517009103
BATCH_0435,0.9361656,0.58012843,423.18283,0.9364032481392698,0.5813122810982942,423.2087437622527
BATCH_0436,0.83749527,0.57738936,401.50195,0.8428156397784806,0.5634435677420383,401.5826421272268
BATCH_0437,0.73051894,0.30785757,465.7891,0.7077534844348781,0.3,465.7589428163109
BATCH_0438,0.7576537,0.30830833,496.94122,0.6690974175408159,0.3,500.0
BATCH_0439,0.7940975,0.5174208,319.509,0.7742153299821785,0.4644362380489909,319.5994060864707
BATCH_0440,0.67128575,0.36492074,482.70377,0.6832961068222435,0.4209171257421156,482.69646217599103
BATCH_0441,0.857785,0.36884767,500.0063,0.8577293874048547,0.4183713123291991,500.0
BATCH_0442,0.9328517,0.7244547,475.73773,0.885041742890551,0.6957286024918173,475.65547995241127
BATCH_0443,0.825252,0.5672467,428.9491,0.8216453053369155,0.5746160813132543,428.97650431642296
BATCH_0444,0.8628063,0.47286516,438.12225,0.8507706976340874,0.4654081558026,438.0244193976706
BATCH_0445,0.7955545,0.31113863,500.06662,0.79831574311963,0.3,500.0
BATCH_0446,0.9451911,0.5407394,433.07672,0.948700061388777,0.519701716204436,433.00921550487686
BATCH_0447,0.79104143,0.3345665,499.923,0.7776799398478883,0.324057791669759,500.0
BATCH_0448,0.74620044,0.37975186,275.10495,0.7333739315472849,0.3485037593312866,275.141501352211
BATCH_0449,0.6451914,0.33150154,494.4323,0.6303903047180816,0.3031587708334392,494.5105000214672
BATCH_0450,0.8312048,0.43552372,465.58676,0.8481913939917005,0.3854348890156508,466.46975550050365
BATCH_0451,0.91822904,0.568923,500.03458,0.9286182963948436,0.5730882855553223,500.0
BATCH_0452,0.68271106,0.30824962,500.01273,0.6691378545191106,0.3,500.0
BATCH_0453,0.83396596,0.40325734,482.48138,0.8780690265131971,0.356354477227291,500.0
BATCH_0454,0.72286737,0.44401726,500.00186,0.7175312993809824,0.4705370491489109,500.0
BATCH_0455,0.7767448,0.44101977,245.84694,0.767870777063595,0.4908521946801834,245.84321854346803
BATCH_0456,0.6486291,0.31643158,467.95102,0.6205775824032946,0.3,467.9237140543579
BATCH_0457,0.94325614,0.7373416,360.3598,0.9273995612376827,0.7412629262481265,360.196934129658
BATCH_0458,0.7390342,0.50894344,316.8586,0.7294890720949111,0.5201696825325712,316.8693167623331
BATCH_0459,0.69313085,0.3949281,418.48734,0.6804297475827895,0.4387820154202763,418.50316763605866
BATCH_0460,0.9440693,0.75494343,483.96152,0.9607918163954924,0.7648578400514764,483.9481062297624
BATCH_0461,0.91321874,0.589865,500.00278,0.91543428900857,0.6279630850603855,500.0
BATCH_0462,0.75660485,0.30594972,503.16458,0.7211250213222825,0.3,500.0
BATCH_0463,0.9547927,0.61260617,373.28717,0.9285376126116986,0.5840690868783865,373.3138181424034
BATCH_0464,0.89459676,0.4876997,500.70926,0.8956923455053234,0.4837013935130159,500.0
BATCH_0465,0.7569554,0.3998482,290.59415,0.7553810140496591,0.4424505088339156,290.5458164945815
BATCH_0466,0.88260555,0.63393515,356.91855,0.9000902522637865,0.62288809138512,356.9226730664547
BATCH_0467,0.85277826,0.37357038,262.54028,0.8518004201848113,0.3608020636643528,262.57766670469647
BATCH_0468,0.6772223,0.32326055,500.0398,0.6545477987740802,0.3227968579907257,500.0
BATCH_0469,0.88031703,0.40064195,500.01974,0.8771940864388087,0.4168354903350969,500.0
BATCH_0470,0.5958149,0.3056095,499.95004,0.5837659044389873,0.3,500.0
BATCH_0471,0.8550923,0.41621688,500.0671,0.7801367677237756,0.4651402053574343,500.0
BATCH_0472,0.8249912,0.6970043,474.68445,0.8152150024911586,0.6937514012694411,474.6496640062925
BATCH_0473,0.9360934,0.5263961,499.9338,0.9581327656722008,0.4692185967718928,500.0
BATCH_0474,0.79551023,0.40254945,500.02814,0.8470550404150905,0.4328809276702469,500.0
BATCH_0475,0.90728474,0.5256042,500.06332,0.9309558188016228,0.5569257536339928,500.0
BATCH_0476,0.6875812,0.36090663,342.9957,0.7018955370513095,0.3645975903675461,342.96706636938234
BATCH_0477,0.8822541,0.5577292,437.66266,0.870837874618931,0.6056296360282037,437.6566361084103
BATCH_0478,0.8213842,0.33691174,455.97263,0.9199385515028192,0.3,436.12966961664233
BATCH_0479,0.84692264,0.5320458,471.3707,0.8960460497079437,0.5748429410735256,496.5661686608522
BATCH_0480,0.9188222,0.57435,358.53238,0.9193887953550256,0.5767375282835291,344.2016902090957
BATCH_0481,0.96041816,0.7282124,500.1281,0.9540118616584968,0.7638543805352433,500.0
BATCH_0482,0.82909477,0.50056607,496.97665,0.7819480449924293,0.6075634308869202,500.0
BATCH_0483,0.78181225,0.3218835,361.16977,0.7743414118394721,0.3,361.11205064810366
BATCH_0484,0.8300433,0.46817082,343.80655,0.8154325103553915,0.4661639789944125,343.81728531717255
BATCH_0485,0.9375005,0.6400884,503.3205,0.9456874404290936,0.6643773257415242,500.0
BATCH_0486,0.777553,0.5632036,385.29697,0.7516656090519682,0.5492577160411197,385.2813946311615
BATCH_0487,0.80878174,0.5901971,451.51505,0.7882183807539997,0.5723632383341153,451.4537036913583
BATCH_0488,0.9408972,0.49858192,500.05374,0.9706256901439996,0.4794918263667957,500.0
BATCH_0489,0.88340414,0.36737406,499.94864,0.8892827487011147,0.3281186961281785,500.0
BATCH_0490,0.7554278,0.4041297,384.21024,0.7701007248101287,0.4065348223987125,384.3354347056821
BATCH_0491,0.79840916,0.36192062,422.9009,0.8460143762538943,0.3479315511639207,422.8009585670837
BATCH_0492,0.8072419,0.5251622,489.96777,0.8114427714424258,0.5191328500276757,489.99220195052175
BATCH_0493,0.7127812,0.42361206,446.07632,0.7021142752417721,0.459443103980667,446.01746465768815
BATCH_0494,0.70624226,0.32424748,501.7742,0.7634579492642568,0.3,500.0
BATCH_0495,0.7699946,0.39864957,440.52353,0.7834347489087161,0.4610516547067448,448.89730518489614
BATCH_0496,0.8266514,0.5005681,449.2453,0.8218885279401815,0.4928225147767684,449.2521868971808
BATCH_0497,0.92552257,0.8176259,352.6336,0.9190042281294036,0.8068182971034387,352.62108816415616
BATCH_0498,0.9773941,0.8085784,449.3127,1.0,0.8418737643892499,449.2392943610084
BATCH_0499,0.9221948,0.53453434,485.87692,0.9253034199268604,0.5640942224396845,485.8935499035298
BATCH_0500,0.91103005,0.57644546,499.96036,0.9265112178077552,0.5727189099985917,500.0
BATCH_0501,0.8769724,0.561141,433.5961,0.9293752044777162,0.5986716688447263,433.4507193285557
BATCH_0502,0.77983004,0.4580869,383.4539,0.7455468021127886,0.4844136004472942,383.3113333814824
BATCH_0503,1.0031284,0.7684025,376.36453,1.0,0.7927028967127251,376.3805340387758
BATCH_0504,0.74615484,0.31086016,355.75623,0.7342645258520708,0.3,355.74984035597225
BATCH_0505,0.77881736,0.48733532,368.93817,0.7604519864993206,0.4631163066983682,368.9074538880839
BATCH_0506,0.9344444,0.6372502,499.98917,0.9512051130814716,0.7063723526802962,500.0
BATCH_0507,0.935983,0.6044726,414.74295,0.9428454394342172,0.6795097695748521,423.6964959154496
BATCH_0508,0.981726,0.61228997,500.02347,1.0,0.5880856950844787,500.0
BATCH_0509,0.89256924,0.5181086,499.9262,0.8726767876193026,0.471630414483878,500.0
BATCH_0510,0.84447986,0.44876495,225.92706,0.837157257389686,0.4607313250686023,225.9334408299276
BATCH_0511,0.84329885,0.567486,499.99142,0.8268352231620215,0.5592346999087666,500.0
BATCH_0512,0.9654539,0.5937781,426.55072,0.9717902868678788,0.6295837758605655,426.52488301160975
BATCH_0513,0.79646605,0.3632194,500.02762,0.7927273336073252,0.3388224223113261,500.0
BATCH_0514,0.7574786,0.5088017,465.76935,0.7244209099817206,0.492839828258923,466.2049242830215
BATCH_0515,0.82748127,0.6629281,430.14883,0.8432108960430723,0.6695870217420926,430.1448541647048
BATCH_0516,0.7481997,0.39278913,420.416,0.7694856817069506,0.3796099702494977,420.3662886221013
BATCH_0517,0.7952409,0.307428,500.04144,0.7693009014158151,0.3,500.0
BATCH_0518,0.98643804,0.64638776,499.97684,1.0,0.6429003662610384,500.0
BATCH_0519,0.82300776,0.66910195,337.9294,0.8581993419664711,0.6154294859344622,294.4553865517823
BATCH_0520,0.8131385,0.49034598,500.0923,0.8010668453736451,0.4912704760321654,500.0
BATCH_0521,0.67349994,0.30763003,381.43445,0.6812538839134831,0.3550437495015141,381.4482677081522
BATCH_0522,0.72404,0.30173704,500.01236,0.7298636816090794,0.3,500.0
BATCH_0523,0.90350026,0.4590598,470.2561,0.9107214945773644,0.454154787669119,470.2893096985013
BATCH_0524,0.9032059,0.56284624,499.96912,0.9075344456363224,0.5796146740320285,500.0
BATCH_0525,0.7947,0.5242549,497.3136,0.7838342733026485,0.5207459595752816,497.3492776884691
BATCH_0526,0.7014405,0.30777338,386.8878,0.6520925345694809,0.3,375.383429364626
BATCH_0527,0.82213765,0.5587629,499.82,0.8258563128348689,0.5819902803082646,500.0
BATCH_0528,0.6774583,0.36965784,341.21796,0.6862375729578131,0.4358177809870684,341.31157490678646
BATCH_0529,1.0040141,0.7928464,497.889,1.0,0.8012073306147635,500.0
BATCH_0530,0.92000294,0.56263417,465.08167,0.9298062863776284,0.5600336320362223,470.7528529630681
BATCH_0531,0.9446618,0.57996356,500.03918,0.9394934913105174,0.5834172932714022,500.0
BATCH_0532,0.9371407,0.5032297,470.76486,0.9310050592785298,0.5177659092264578,470.8041346365078
BATCH_0533,0.73643005,0.33103672,244.22765,0.6960495152375153,0.3,244.26664824456083
BATCH_0534,0.91452116,0.53313005,480.75323,0.886032155792475,0.5183844889198864,486.02861354680135
BATCH_0535,0.901183,0.49104244,502.768,0.9029228076833332,0.464650151331783,500.0
BATCH_0536,0.97526795,0.67985046,499.96478,0.972102831480225,0.703261909741822,500.0
BATCH_0537,0.6342397,0.3009302,465.356,0.6205618497717286,0.3,465.3497366489756
BATCH_0538,0.92458725,0.6896635,398.52505,0.969599652222433,0.6682804806278216,392.1770297014504
BATCH_0539,0.82317066,0.64384407,411.19504,0.8093735803123479,0.6433997492808582,411.147877403816
BATCH_0540,0.9992259,0.7177891,379.40234,1.0,0.7026699386604304,379.3273016458219
BATCH_0541,0.88210803,0.5334237,500.0004,0.8516290895455838,0.5085213182863125,500.0
BATCH_0542,0.93986,0.7750758,479.5366,0.9510896098404802,0.772143817358364,479.4871070881225
BATCH_0543,0.95778894,0.67306554,417.44812,1.0,0.6611904771351612,398.1509118984928
BATCH_0544,0.7710679,0.37068877,379.63522,0.7153625943677038,0.4629629957783359,378.06275738225264
BATCH_0545,0.76406085,0.42084032,475.71463,0.7531254668804759,0.4485383298940592,475.66528829849017
BATCH_0546,0.79531056,0.5428304,246.90074,0.831228135313659,0.5318742661375696,246.87308164687363
BATCH_0547,0.74233925,0.3275928,496.4098,0.7517052590757832,0.3,496.2747969521615
BATCH_0548,0.8244729,0.47217822,442.97495,0.8346997782163738,0.4975139038708887,443.0324367375358
BATCH_0549,0.7772552,0.3266022,467.41458,0.7684947386195694,0.3721452387301428,467.33602668797954
BATCH_0550,0.74257725,0.33566314,499.93094,0.7628675021490294,0.3,500.0
BATCH_0551,0.9516654,0.54642326,314.53076,0.9617180709945244,0.5211006658154147,314.5753548019198
BATCH_0552,0.9569074,0.7074414,447.64145,0.990140426303708,0.7850520409506431,462.6735671444401
BATCH_0553,0.7930669,0.40368757,500.03674,0.7931698054685199,0.4199611409114036,500.0
BATCH_0554,0.8473121,0.4189118,427.14062,0.8867720535029511,0.3836345962450931,441.4944413215138
BATCH_0555,0.9102621,0.6688873,493.33008,0.907342873784619,0.708953996396944,500.0
BATCH_0556,0.7240516,0.3918359,447.82455,0.703633206103938,0.3138366988110055,447.7931648709952
BATCH_0557,0.70845526,0.4393626,377.13895,0.690888290760649,0.4153330308618782,377.15198546318726
BATCH_0558,0.72416085,0.29152948,499.9608,0.7203481082924805,0.3,500.0
BATCH_0559,0.7188508,0.31202552,499.9668,0.6821548606164264,0.3,500.0
BATCH_0560,0.8271625,0.382434,499.97977,0.8284905051488838,0.3724655546309579,500.0
BATCH_0561,0.92354983,0.7015127,426.93015,0.9546861803281208,0.7081998000475471,426.9497099955742
BATCH_0562,0.6466595,0.2996218,390.9956,0.6664982378249512,0.3,391.01935525053
BATCH_0563,0.79372364,0.5557531,255.37569,0.7764063746266116,0.5822731496529533,255.42951140458695
BATCH_0564,0.8518996,0.54429066,328.17905,0.8624549497252132,0.5035364761989659,328.2423148511947
BATCH_0565,0.764532,0.34833518,499.92676,0.7594164216161668,0.3155079953014783,500.0
BATCH_0566,0.81990904,0.5358455,390.07352,0.7878959482268284,0.5104300793632495,390.0671476864108
BATCH_0567,0.7542359,0.432018,341.0968,0.7437029929564426,0.4466528769328404,341.06669470108136
BATCH_0568,0.9761532,0.80378383,460.96494,1.0,0.8287600198925835,460.973400958648
BATCH_0569,0.7426946,0.41669065,499.9754,0.7345443870077711,0.3986780868552587,500.0
BATCH_0570,0.84607905,0.5084874,463.1983,0.8562572823843932,0.5207936156863918,448.4069970931181
BATCH_0571,0.8779613,0.4443761,500.00098,0.9151450616895056,0.4111102430157242,500.0
BATCH_0572,0.83253807,0.5667367,295.89743,0.8791723270867918,0.5758865354883511,307.4611060517046
BATCH_0573,0.74268466,0.31514198,500.0306,0.731994897520948,0.3,500.0
BATCH_0574,0.79537886,0.31834728,429.6538,0.8160390197993139,0.383939793516012,429.6493064602113
BATCH_0575,0.9178277,0.5081379,499.91483,0.8563361480712839,0.4674636743899664,500.0
BATCH_0576,0.8138126,0.62773055,499.96112,0.8105632070584737,0.6522044924824245,500.0
BATCH_0577,0.9170345,0.53703684,432.27463,0.955134182650676,0.5774630805174895,432.3645268796533
BATCH_0578,0.72787,0.34960806,499.9824,0.7031600017183703,0.3352500018732585,500.0
BATCH_0579,0.82151777,0.5420139,480.01007,0.8534481238226124,0.619979959067586,500.0
BATCH_0580,0.6953758,0.3211862,500.05322,0.7171989894531514,0.3,500.0
BATCH_0581,0.9888267,0.6489056,494.88666,1.0,0.6978274670586817,500.0
BATCH_0582,0.7605271,0.34477502,502.5275,0.7816840033227551,0.3657454642784073,500.0
BATCH_0583,0.71198696,0.33202124,451.3093,0.7415823325818207,0.3240181735538415,458.2864725980213
BATCH_0584,0.8183937,0.44188058,501.1539,0.8292606900634251,0.474540575861214,500.0
BATCH_0585,0.68121094,0.3439447,498.52957,0.654809041593381,0.3,500.0
BATCH_0586,0.6582697,0.32237953,341.4519,0.6156004165350348,0.3,341.48819492932705
BATCH_0587,0.8065648,0.6029175,323.74255,0.7770082484004471,0.5867778055862055,323.8262894037391
BATCH_0588,0.6542016,0.31008977,380.60373,0.689725172895865,0.3,380.5847195914061
BATCH_0589,0.77944833,0.55855054,500.07306,0.7673475376809378,0.5388512632137398,500.0
BATCH_0590,0.78843594,0.5607784,499.26398,0.7929565699438563,0.6067369883747791,499.33723698215056
BATCH_0591,0.8948091,0.56755376,435.29373,0.8971941782904639,0.5905367015148869,428.0745116169632
BATCH_0592,0.71022713,0.40029192,442.7968,0.7293043974517698,0.4074914252142899,442.853465404358
BATCH_0593,0.83961624,0.5363461,431.1996,0.8403359531254904,0.5523092204876752,431.1698795449847
BATCH_0594,0.79655665,0.31928712,447.03674,0.8307082477166957,0.3286438736944971,447.0856463975644
BATCH_0595,0.76466453,0.41476232,500.00314,0.7700104279905636,0.3445386133399644,500.0
BATCH_0596,0.75780296,0.32186568,433.67435,0.7552260395876459,0.3,433.58353171713657
BATCH_0597,0.8063007,0.56657267,355.0095,0.7780613006938184,0.5802104865894567,355.1965770918173
BATCH_0598,0.74175656,0.45644492,450.22665,0.7252332705570131,0.4805020805390978,450.24258987938094
BATCH_0599,0.697767,0.36912608,318.3028,0.6697495291862604,0.3312282400277835,340.2946832008819
BATCH_0600,0.7922391,0.5361099,390.6462,0.8100907337819324,0.4757962304722319,390.6533272449849
BATCH_0601,0.66517204,0.3251262,467.82147,0.661155430350018,0.3150344625282224,467.8418845401773
BATCH_0602,0.7710588,0.50649434,489.2148,0.7943958777138367,0.4606415759772728,500.0
BATCH_0603,0.75953805,0.4577193,436.30875,0.7715288285256453,0.4097316423460601,436.288515758795
BATCH_0604,0.65841585,0.31668642,397.47287,0.6662986811828852,0.3,397.44587280349816
BATCH_0605,0.7202672,0.3033936,499.9765,0.7410638151731064,0.3,500.0
BATCH_0606,0.65381336,0.30624768,386.80734,0.6372615691369735,0.3,386.84818484820255
BATCH_0607,0.7614463,0.44626027,336.90503,0.7286621738101894,0.3448816822511423,347.85416611047657
BATCH_0608,0.74783176,0.37704504,499.94937,0.7133192381431995,0.4097149629174754,500.0
BATCH_0609,0.8331169,0.3824729,326.08008,0.8489091388765919,0.4166827040577535,326.0670123877532
BATCH_0610,0.7729935,0.6079076,492.48218,0.7907261940481547,0.5976141040379925,500.0
BATCH_0611,0.91545343,0.49156818,350.56427,0.9264158602774838,0.4974177983843438,296.0977649992707
BATCH_0612,0.8101977,0.37057865,407.19736,0.811172702323142,0.3810135725734339,407.2214036558049
BATCH_0613,0.8669713,0.7187187,351.12213,0.8241471419500103,0.7031754611786984,302.1774463879445
BATCH_0614,0.96591216,0.58431506,334.49374,1.0,0.606443895139949,334.5328292699158
BATCH_0615,0.9145767,0.47689113,406.1194,0.9230032210640458,0.5085424722090975,406.1236855659197
BATCH_0616,0.60606647,0.30182713,456.8277,0.5985742764948597,0.3,456.864357254218
BATCH_0617,0.7041986,0.36203238,456.2873,0.7307215898164368,0.3346092285926652,438.7949728143522
BATCH_0618,0.9891249,0.74579877,490.20786,1.0,0.7648155128927526,497.7479294378696
BATCH_0619,0.81229,0.37229326,499.98352,0.8210314597215167,0.4108928685739555,500.0
BATCH_0620,0.6809644,0.3865019,486.3347,0.6637516276536393,0.3878450252009198,500.0
BATCH_0621,0.7456657,0.4275886,499.98096,0.7436207113703796,0.4619734117844504,500.0
BATCH_0622,0.88987917,0.5762714,339.20505,0.9093032681732665,0.5851784942132666,339.1151015298205
BATCH_0623,0.7992994,0.48260766,500.08713,0.8429923949364984,0.5210273985694042,500.0
BATCH_0624,0.7473874,0.31393942,499.9892,0.7803589899025021,0.3,500.0
BATCH_0625,0.89335936,0.6624117,499.93768,0.8754722768358071,0.6120312498269112,500.0
BATCH_0626,0.7588518,0.42086288,382.09436,0.7425675432119085,0.4480298139735204,382.136301226866
BATCH_0627,0.89919627,0.5564208,499.90332,0.8992681845081795,0.5656556301411344,500.0
BATCH_0628,0.7352191,0.4585597,473.83188,0.7487499065588168,0.4779662620581407,491.8190246927553
BATCH_0629,0.7721604,0.39971814,465.7897,0.7809758376592483,0.410033459940318,465.7980291943665
BATCH_0630,0.9174923,0.5751673,403.20758,0.8617935281140201,0.593329826218527,371.26348073990965
BATCH_0631,0.9558796,0.5525459,418.36807,0.969209344685034,0.5528533571382115,418.3216241454946
BATCH_0632,0.63013387,0.29471734,482.15137,0.6179014338920926,0.3,482.1938734516171
BATCH_0633,0.6476858,0.29244688,500.02533,0.6313842117100329,0.3,500.0
BATCH_0634,0.8492023,0.7102907,395.1721,0.8219595535812136,0.7510769004367279,395.1718479714618
BATCH_0635,0.73426473,0.36771443,500.0515,0.6993087971730502,0.403951588692246,500.0
BATCH_0636,0.98376006,0.7890582,500.03326,1.0,0.7874335687524094,500.0
BATCH_0637,0.78724307,0.5173312,499.64444,0.7852176942415949,0.5406479977944533,500.0
BATCH_0638,0.7816665,0.49546188,498.69217,0.7659238773979492,0.4945350618311113,498.6634956876445
BATCH_0639,0.75527996,0.4268866,499.9501,0.7306725128077046,0.4423264195458486,500.0
BATCH_0640,0.6662788,0.3303954,499.992,0.6384401556867552,0.3870343886784058,500.0
BATCH_0641,0.70299774,0.3325358,380.38153,0.7508682552747071,0.3158110564612963,380.37882974256223
BATCH_0642,0.72070134,0.43326482,500.0329,0.7335288653501784,0.4027930745691311,500.0
BATCH_0643,0.8996614,0.71913594,466.60764,0.8900146610204633,0.7149860831842705,466.6303965879698
BATCH_0644,0.66828007,0.31846172,381.57523,0.6642454354013466,0.3,381.5625307454184
BATCH_0645,0.8663186,0.40649238,499.98407,0.8663372870149278,0.3813855381724895,500.0
BATCH_0646,0.7792651,0.47305733,499.94846,0.7544912099694701,0.4709133960254039,500.0
BATCH_0647,0.90521973,0.5344112,474.3867,0.9038008768341692,0.5092996941807424,474.40081414610927
BATCH_0648,0.82687294,0.38868046,500.04877,0.8341888268957135,0.3896887508341795,500.0
BATCH_0649,0.8318645,0.50330484,424.5741,0.849188866984808,0.5379640249933206,424.6158068810511
BATCH_0650,0.83872354,0.6102322,204.8375,0.8797246724826084,0.5816856593756189,204.85630713810409
BATCH_0651,0.81334925,0.45831135,497.6418,0.8440925518834231,0.4857694952688821,500.0
BATCH_0652,0.86528856,0.53843665,414.0848,0.8607728059186758,0.5365629299243405,413.93187716009976
BATCH_0653,0.76194566,0.30673248,448.3435,0.7354964172166258,0.3061357230060741,448.3366687796048
BATCH_0654,0.9413038,0.680726,448.6875,1.0,0.6635613599303388,449.1634437549421
BATCH_0655,0.7498297,0.4839815,359.7257,0.7486076936207031,0.52185308955863,359.82620944417386
BATCH_0656,0.7700492,0.4366296,499.94177,0.7678770010501156,0.4154197821937345,500.0
BATCH_0657,0.84830916,0.57276714,488.42807,0.8451734205399938,0.6123905885603969,488.3167414240158
BATCH_0658,0.87272114,0.5031286,292.8979,0.8654457624570433,0.4951230705898886,292.88006894919494
BATCH_0659,0.8195507,0.43800026,499.9288,0.8140716756493981,0.4670597680890192,500.0
BATCH_0660,0.7313504,0.35280466,484.7553,0.7167974820245987,0.3316072327984869,484.9324565214933
BATCH_0661,0.8983128,0.45705423,499.9522,0.8984628978991875,0.4506346962413357,500.0
BATCH_0662,0.74557555,0.32357666,378.6919,0.746826020375343,0.3315614896144261,378.67975034813793
BATCH_0663,0.7793899,0.4776147,499.94965,0.7674071945053926,0.4535348310077951,500.0
BATCH_0664,0.72294706,0.45863548,499.98773,0.7224539599126459,0.4851554760912742,500.0
BATCH_0665,0.7245214,0.38884836,491.94427,0.7250412362656761,0.3476491967075868,491.86736829462166
BATCH_0666,0.7700403,0.5093801,247.00931,0.7750501163321947,0.5272117682609039,246.99465241317367
BATCH_0667,0.76012135,0.45632294,499.90466,0.8067804488144878,0.4292027853622806,500.0
BATCH_0668,0.7337757,0.49535847,462.03925,0.6865292569157083,0.5139712401536554,462.0189194067679
BATCH_0669,0.77702665,0.42420897,409.37616,0.7871723279729863,0.4391107454114002,409.3674504874183
BATCH_0670,0.83223593,0.58729583,425.09705,0.845530575477122,0.5467019735191749,419.2716323992669
BATCH_0671,0.8242304,0.38332468,500.00552,0.7924190300917098,0.3968470467885377,500.0
BATCH_0672,0.7631881,0.5555039,497.97736,0.7690690402538176,0.553025749594187,497.9853423478193
BATCH_0673,0.78550756,0.42306784,232.47963,0.787099708109268,0.4109502470167611,232.51006640353856
BATCH_0674,0.9253563,0.7165242,434.38077,0.8985371081496765,0.6833163006573016,461.2725780292044
BATCH_0675,0.83268553,0.34349188,499.99814,0.827598877725771,0.3,500.0
BATCH_0676,0.76913255,0.52431023,330.54996,0.7258526425262674,0.5300123344701241,330.5699711315366
BATCH_0677,0.6755634,0.29158357,471.75772,0.6803124605579102,0.3,471.7346710448344
BATCH_0678,0.7774696,0.2972248,458.57114,0.7862041230034149,0.3,493.052283961372
BATCH_0679,0.83882016,0.38769415,495.6337,0.8578280249881646,0.3382477456897587,500.0
BATCH_0680,0.9164038,0.49565002,407.1423,0.9091194066245898,0.5043634266893211,407.1582954785173
BATCH_0681,0.9307514,0.7724288,395.4388,0.8983370951582306,0.7520393382529821,395.4358003385981
BATCH_0682,0.6040298,0.2973532,499.9622,0.5626750755497925,0.3,500.0
BATCH_0683,0.9369828,0.5973502,364.16644,0.9369923187358477,0.6151055748689135,364.1416608478367
BATCH_0684,0.8643436,0.39725268,500.04858,0.8348325026333958,0.4056587762629224,500.0
BATCH_0685,0.7805003,0.34659728,291.04742,0.7875971454317099,0.3569902347808168,291.1643059019822
BATCH_0686,0.78815347,0.41430333,279.84006,0.781648273612387,0.4150793666982557,279.9145494752738
BATCH_0687,0.8555452,0.62358654,273.9505,0.8470638164518514,0.5643338146574787,273.9419823331609
BATCH_0688,0.91151935,0.5057049,477.8307,0.9350915434819824,0.5636776503753668,477.6000339898605
BATCH_0689,0.6507242,0.31459936,471.6182,0.6583530398521757,0.3,471.6221857403624
BATCH_0690,0.799902,0.5031293,467.37045,0.8056484056586123,0.4917347896227212,467.3696205626961
BATCH_0691,0.9177598,0.6260726,401.00894,0.9355524165086244,0.6295857420226286,400.951393468014
BATCH_0692,0.69651246,0.33241013,378.49915,0.6820581401420162,0.3,378.5212602998406
BATCH_0693,0.76793987,0.41010404,478.8607,0.7763883759320029,0.4468494954433351,498.63348088499
BATCH_0694,0.89954793,0.74482024,499.97784,0.9060572893617996,0.7503298016892872,500.0
BATCH_0695,0.8082011,0.42263764,499.94757,0.8102805003868228,0.4739479842959589,500.0
BATCH_0696,0.8003276,0.54831034,499.95496,0.8183635511132281,0.575840165821238,500.0
BATCH_0697,0.7406531,0.32815936,434.8716,0.7132981637802888,0.3,434.89071108279774
BATCH_0698,0.8679735,0.7111823,447.58032,0.9002374827544334,0.7288904339455002,447.5579477421805
BATCH_0699,0.7072436,0.36776403,500.03882,0.7132589148332974,0.360152523596662,500.0
BATCH_0700,0.80419284,0.4870835,403.6215,0.814674906298725,0.5091861234307057,403.5391450555109
BATCH_0701,0.8603094,0.69217753,435.43213,0.8828446588379301,0.7627325298578124,427.2735300160596
BATCH_0702,0.63392276,0.29987943,417.57584,0.6161603337847372,0.3,417.5432437468083
BATCH_0703,0.64050746,0.3164525,353.89908,0.598606402145638,0.3086176757468054,353.9915538175129
BATCH_0704,0.82208157,0.679212,463.24908,0.8015754662065645,0.6888480976933731,463.3321859704265
BATCH_0705,0.987054,0.7166273,499.98224,1.0,0.730985889335845,500.0
BATCH_0706,0.6773313,0.31992647,499.9727,0.6706824054524736,0.3184690731236655,500.0
BATCH_0707,0.95834315,0.5830172,367.07773,1.0,0.585517873229542,367.01518250321686
BATCH_0708,0.65899515,0.3110176,478.92438,0.6075790103332565,0.3,478.9195027429823
BATCH_0709,0.8465444,0.42893484,499.90176,0.8902403626549849,0.4869143804158501,500.0
BATCH_0710,0.94256884,0.57842225,440.96985,0.943747678543472,0.5657488440665335,440.9777908870972
BATCH_0711,0.786389,0.43619126,431.53845,0.7978535264369475,0.4758201624675766,431.598659422204
BATCH_0712,0.83023334,0.5432394,397.0106,0.8692954304388361,0.6105853198637298,411.7266844958273
BATCH_0713,0.7343491,0.3268918,499.9248,0.7408324728037603,0.3,500.0
BATCH_0714,0.73901635,0.38891488,422.38153,0.7463133164035843,0.3878517123555953,422.3707055002017
BATCH_0715,0.9626101,0.5200335,399.80295,0.9887980717218346,0.4656086708105763,399.7726654027485
BATCH_0716,0.8550123,0.3971546,499.8368,0.8467032613600445,0.4327620868361608,500.0
BATCH_0717,0.86095494,0.42057234,499.99103,0.8537225444538387,0.4079768951360385,500.0
BATCH_0718,0.7625127,0.54090095,454.00522,0.7593695712564845,0.5145536963470749,453.9013855514834
BATCH_0719,0.7463543,0.29841855,469.51688,0.7445739398095682,0.3,469.519515627643
BATCH_0720,0.99816644,0.71762544,495.79306,1.0,0.8282811940144928,500.0
BATCH_0721,0.92817724,0.794657,324.61862,0.8949707344621887,0.798364811387172,324.59524447840187
BATCH_0722,0.76986116,0.5647169,460.3543,0.752472971779275,0.5591845498794182,460.3683838992354
BATCH_0723,0.8745364,0.50251776,437.377,0.8992222606337992,0.5475543730018724,437.44370406915306
BATCH_0724,0.9198212,0.63450605,394.17822,0.9277345527927174,0.7004422419323445,394.1507602653967
BATCH_0725,0.9877343,0.6530959,217.69185,0.9973256788073976,0.6710831926336855,217.58035822727
BATCH_0726,0.64033914,0.30547273,442.81757,0.6373322603795001,0.3,442.7971179122791
BATCH_0727,0.77141136,0.31006494,452.0522,0.7717873967155081,0.3020866346324316,452.0283285553915
BATCH_0728,0.71368897,0.34558225,499.99643,0.7000628815989232,0.3432523161331681,500.0
BATCH_0729,0.82670635,0.5813918,401.55173,0.7929530002297019,0.572084267616595,401.5373692197092
BATCH_0730,0.91202587,0.7406791,399.12558,0.9291957951845368,0.8307041817562875,366.1592204642285
BATCH_0731,0.9406817,0.6405676,330.3583,0.9353285799349792,0.692882230035478,330.44657192919914
BATCH_0732,0.7866134,0.32421646,499.9522,0.7908931899565789,0.3362498459236349,500.0
BATCH_0733,0.75153387,0.39021668,499.95346,0.7201761488669883,0.3567308709478322,500.0
BATCH_0734,0.8513471,0.6159151,469.1576,0.8662239791988027,0.6529850233085281,469.2763106354179
BATCH_0735,0.95566916,0.6507592,470.43524,0.987124016002517,0.6138997521909463,470.49190513426834
BATCH_0736,0.84148234,0.5315457,499.9812,0.8421303716490817,0.5464119465260792,500.0
BATCH_0737,0.97222906,0.6251504,381.5216,1.0,0.6384503645626906,381.4690831311864
BATCH_0738,0.8910005,0.62954444,451.49094,0.9161245332234986,0.6635759927859639,451.4636269762001
BATCH_0739,0.7099476,0.31586123,486.4585,0.7251627703153991,0.3126218192195615,486.4941364809382
BATCH_0740,0.67332375,0.30780804,449.69473,0.6393886422285783,0.3,449.6777826683604
BATCH_0741,0.7436887,0.44360796,252.01132,0.7203361742973431,0.4609386354296569,251.96605911566417
BATCH_0742,0.8541032,0.4548676,321.13016,0.8389092276872533,0.4619358296403045,321.1729117300497
BATCH_0743,0.7075366,0.32537848,494.80676,0.7078052797883595,0.3,500.0
BATCH_0744,0.78143656,0.51770276,405.1837,0.8074610953422062,0.4343892405969947,421.0572102851503
BATCH_0745,0.9970371,0.7218876,499.88,1.0,0.7264119043080928,500.0
BATCH_0746,0.8244713,0.49305782,429.26547,0.8284998932854355,0.5458540687828274,421.7487057511959
BATCH_0747,0.78149486,0.42502818,207.20969,0.7847108027083831,0.395787192630419,207.20894099923996
BATCH_0748,0.93339384,0.5442305,500.0343,0.9105889877677412,0.5574171667077378,500.0
BATCH_0749,0.7926953,0.3903686,499.95035,0.766639256676558,0.3985046294986135,500.0
BATCH_0750,0.71507615,0.45924905,361.5656,0.6773035479096607,0.4831103564179227,361.6079907369168
BATCH_0751,0.9371292,0.5744283,499.98087,0.9099226583750232,0.6172976148668289,500.0
BATCH_0752,0.76152617,0.32769084,440.31073,0.7379309545751858,0.3039894798824754,440.3351593876584
BATCH_0753,0.7205477,0.33455893,357.8354,0.7389461603446343,0.3289484882341008,357.8397704871215
BATCH_0754,0.75953573,0.47522467,499.99368,0.7222307624272125,0.4801200102138643,500.0
BATCH_0755,0.8166042,0.36996502,498.8788,0.8968601758108853,0.3238468197964535,500.0
BATCH_0756,0.87018627,0.5519086,373.19135,0.9014298373823272,0.5735803824072202,373.2250305569753
BATCH_0757,0.7952212,0.42701212,498.83173,0.7968534455407534,0.394450750401902,500.0
BATCH_0758,0.9321949,0.5458592,500.03476,0.9182709062045752,0.5147027591055059,500.0
BATCH_0759,0.7253529,0.29921675,469.47266,0.7221572110760899,0.3,500.0
BATCH_0760,0.64870715,0.31287563,319.60223,0.6229339739545448,0.3005252204132239,319.5189994029863
BATCH_0761,0.6583096,0.30197823,442.2201,0.6500370052597562,0.3,442.2705373454605
BATCH_0762,0.76262206,0.4187646,492.62936,0.8191524141110591,0.4586733333585599,492.6193368632446
BATCH_0763,0.8960706,0.53176254,381.90488,0.90676770117401,0.5231957579970433,381.920071880905
BATCH_0764,0.7054033,0.3991584,436.51898,0.7376751640407442,0.4202246901047066,404.7107474702328
BATCH_0765,0.86484885,0.5440437,499.95444,0.8468836581149887,0.5610398380698995,500.0
BATCH_0766,0.76315844,0.30903175,500.09854,0.7552747111930562,0.3,500.0
BATCH_0767,0.9811092,0.63668346,298.75778,1.0,0.6313397042534487,298.77268955766584
BATCH_0768,0.70023704,0.31555668,500.02185,0.6784415814553966,0.3,500.0
BATCH_0769,0.98270416,0.66080874,466.02698,1.0,0.665416108418609,466.0598701632799
BATCH_0770,0.76469463,0.49230358,178.58932,0.7856855123138777,0.5008310008504034,178.59235319686607
BATCH_0771,0.80363476,0.36558834,464.71048,0.8011669479732962,0.3199778380200278,465.1902794270093
BATCH_0772,0.8142659,0.57710433,457.29044,0.8227728686521867,0.5923340471379023,457.23847230204336
BATCH_0773,0.7070245,0.30264887,478.60266,0.7075999141692602,0.3,478.59691941161446
BATCH_0774,0.9907708,0.6233798,407.11646,0.9890311358190864,0.610156871508457,407.0568305503433
BATCH_0775,0.6667104,0.32413918,488.64514,0.6252788854799821,0.314769195805846,488.68464081663495
BATCH_0776,0.7372288,0.4242782,273.74728,0.7118185656805641,0.4098935627621883,273.7283539866292
BATCH_0777,0.8042179,0.3360036,382.36978,0.7852960849744723,0.3379203438424287,382.3034634363073
BATCH_0778,0.84953755,0.4743719,462.86935,0.8537387565482014,0.468032050199846,462.8328499822345
BATCH_0779,0.79225063,0.41015685,239.68387,0.8177896010632847,0.4098048132154882,239.59623844806904
BATCH_0780,0.86451995,0.4640525,296.6679,0.8694796201270673,0.51190336058414,270.7678495406921
BATCH_0781,0.97921276,0.77217007,452.2365,0.962916643355444,0.7641151719402696,452.2509987172316
BATCH_0782,0.8240574,0.591769,496.61282,0.8572704885839864,0.5719582622847673,500.0
BATCH_0783,0.84486514,0.55611235,411.22733,0.8519502738111628,0.5316578270949803,411.14945688874127
BATCH_0784,0.82617277,0.6034112,499.88522,0.8533155862392268,0.6078135623754061,500.0
BATCH_0785,0.8307346,0.38963097,469.88974,0.8622960414209948,0.3342900627681098,467.7415387952364
BATCH_0786,0.88862973,0.5530515,499.94632,0.9194278941820884,0.5419552519067613,500.0
BATCH_0787,0.708365,0.3444822,476.63272,0.7283325127290952,0.3,500.0
BATCH_0788,0.92113537,0.6938952,499.4053,0.9429621609190248,0.6948967361567262,500.0
BATCH_0789,0.9384705,0.64520335,499.96402,0.9326641227676336,0.63663533632429,500.0
BATCH_0790,0.87252027,0.7202361,425.14633,0.8803087914310096,0.7178538966436532,425.0958212655896
BATCH_0791,0.86411655,0.55635536,499.98788,0.8894018928643619,0.5285773042345193,500.0
BATCH_0792,0.85614234,0.5788093,363.96912,0.8797968722347737,0.5652339056251373,349.8352633770703
BATCH_0793,0.7870236,0.3785023,354.13376,0.7511758552703606,0.347152837669634,354.06668901929504
BATCH_0794,0.7631221,0.5365248,361.2354,0.7202363597377311,0.5249161677292248,361.23464329904925
BATCH_0795,0.98696864,0.6188988,410.40424,1.0,0.6186586997123619,410.43797267838806
BATCH_0796,0.85855645,0.377883,410.92746,0.8455343143914036,0.3918960930119498,410.9323828529229
BATCH_0797,0.82322943,0.38281247,500.01053,0.8188611590853854,0.3376999463422853,500.0
BATCH_0798,1.0096135,0.85585034,378.20486,1.0,0.8480903577314586,378.1494417136926
BATCH_0799,0.82068795,0.32012278,486.61533,0.8226306055507698,0.3254919738095383,486.6849150919587
BATCH_0800,0.9957325,0.71639365,377.37704,1.0,0.7233194113391528,377.4196960159984
BATCH_0801,0.85353434,0.7360283,345.70227,0.8443411220980713,0.8040350602847278,345.67505608536266
BATCH_0802,0.79306096,0.4146437,503.97824,0.7861216813120566,0.4082514945875899,500.0
BATCH_0803,0.92339075,0.6430463,460.81284,0.9222734061446592,0.6295869902987115,460.7892274914312
BATCH_0804,0.73454034,0.34675664,499.93655,0.7314039514954318,0.3557234957090632,500.0
BATCH_0805,0.88507843,0.49249375,500.02383,0.885002932637929,0.4717713377931923,500.0
BATCH_0806,0.9966264,0.70692146,460.5004,1.0,0.7176383876718946,460.5003757402592
BATCH_0807,0.7476079,0.30232078,489.95505,0.7387624641664905,0.3,500.0
BATCH_0808,0.7942509,0.48644683,374.20633,0.8442903438138882,0.5159202106642362,389.273686926331
BATCH_0809,0.7413043,0.49114555,499.92245,0.7331799325980053,0.4720672958891526,500.0
BATCH_0810,0.961113,0.56811297,422.67685,0.9821213461581484,0.5835947217356577,422.6572208043703
BATCH_0811,0.86392665,0.43891692,500.02994,0.8791098421513909,0.4435644197827396,500.0
BATCH_0812,0.8690484,0.71328104,281.85547,0.915684196418598,0.7829034169009649,281.8623364812599
BATCH_0813,0.82674795,0.33564302,468.51938,0.8469948823904674,0.3371775284747263,468.5535211630664
BATCH_0814,0.8727384,0.4168607,500.01202,0.8827614489536695,0.467541173814549,500.0
BATCH_0815,0.7135148,0.35900992,499.88593,0.691134540711698,0.3570871702674497,500.0
BATCH_0816,0.76875556,0.32169688,500.04767,0.7642273875002357,0.3379453506035625,500.0
BATCH_0817,0.62486213,0.2925475,499.9588,0.6247430517528995,0.3,500.0
BATCH_0818,0.5709081,0.29075533,500.04437,0.5174095019446807,0.3,500.0
BATCH_0819,0.87622315,0.58041805,379.1958,0.9034252043283276,0.5381459850267761,379.2287259736802
BATCH_0820,0.995857,0.7836141,499.96597,1.0,0.7714434772931952,500.0
BATCH_0821,0.80903876,0.5718131,328.045,0.8065749431509258,0.570479994863239,328.05957595293887
BATCH_0822,0.8512278,0.48921508,499.9722,0.8544414558433703,0.4836761796404893,500.0
BATCH_0823,0.71239275,0.3282061,450.74466,0.7100581045527589,0.3,450.7612558542724
BATCH_0824,0.72742325,0.33306825,429.81482,0.7231035781533451,0.31128007161224,401.4382931356617
BATCH_0825,1.0012811,0.7511624,499.9716,1.0,0.7900240407483234,500.0
BATCH_0826,0.7585952,0.43370906,497.47128,0.7896020900965063,0.4507596744961243,497.4994076034845
BATCH_0827,0.8238506,0.52993894,265.683,0.8173634016201242,0.5330721344457926,265.77784375778464
BATCH_0828,0.9292628,0.617121,460.82962,0.9299993124657224,0.6367379976383698,460.9873421051035
BATCH_0829,0.6758955,0.30526832,340.5374,0.6665715812470631,0.3,346.54291312786296
BATCH_0830,0.6480619,0.30799955,500.19376,0.6118595633408143,0.3,500.0
BATCH_0831,0.8338258,0.49867147,469.58887,0.8142726202904595,0.482572302105669,469.5106298427081
BATCH_0832,0.60537827,0.30090666,414.69708,0.5702707820389608,0.3,417.1437885019928
BATCH_0833,0.80168587,0.5884095,390.19965,0.8130881072357367,0.5967350326274721,390.2010476020255
BATCH_0834,0.7755124,0.4023927,495.6007,0.7908345313935652,0.4093654551449125,490.0131961039935
BATCH_0835,0.9721494,0.8377577,379.9005,1.0,0.8420498926036653,379.8891204905124
BATCH_0836,0.98529005,0.69646907,499.88074,1.0,0.7672935276822138,500.0
BATCH_0837,0.66820794,0.31260636,357.6422,0.647908886362382,0.3306886124042134,357.55571326793216
BATCH_0838,0.91969854,0.68249065,370.07257,0.954666480349926,0.7451746927691548,370.06627805581024
BATCH_0839,0.87594336,0.5182351,455.0066,0.8621459043155681,0.5059960775235787,455.0000400156728
BATCH_0840,0.5932641,0.30161706,500.09106,0.5606475600961022,0.3,500.0
BATCH_0841,0.8257051,0.37714785,500.0276,0.8279932328048664,0.3307148107584928,500.0
BATCH_0842,0.7867281,0.631184,432.5425,0.7767768796627471,0.6534039829509216,432.56051533633706
BATCH_0843,1.0107467,0.83654785,398.09256,1.0,0.8349512851695531,398.0744570671061
BATCH_0844,0.7759325,0.52477425,452.78513,0.7827891894182757,0.5485033254158493,452.7931863802677
BATCH_0845,0.8754047,0.5215267,366.81503,0.8635366126530318,0.4990186321122847,366.75539971173856
BATCH_0846,0.7534765,0.47384134,500.00107,0.7579478887936977,0.4616701202425638,500.0
BATCH_0847,0.98188287,0.52409804,348.54196,1.0,0.4864103380733728,348.5446156272259
BATCH_0848,0.71412873,0.31938034,499.91434,0.7101369589950999,0.3,500.0
BATCH_0849,0.90852207,0.5490143,289.39566,0.8759547100134929,0.548181601142237,289.4858956816032
BATCH_0850,0.63866484,0.32119444,499.99304,0.5966631574741049,0.3,500.0
BATCH_0851,0.9115525,0.53096044,499.99673,0.8802762850040321,0.539366788818014,500.0
BATCH_0852,0.69599944,0.35592556,499.9385,0.6822993272523791,0.3,500.0
BATCH_0853,0.9506562,0.6155821,499.99756,0.9920461728607216,0.6067336813627833,500.0
BATCH_0854,0.6293953,0.30033365,348.26938,0.656433943035252,0.3,348.2741621346153
BATCH_0855,0.83098066,0.5721975,344.11295,0.8036843617645294,0.5695513813491764,375.28442462735046
BATCH_0856,0.6924289,0.4372406,325.32156,0.6728885634504412,0.3988238361707881,325.3281599478969
BATCH_0857,0.6269823,0.29075533,417.58548,0.6079504211985859,0.3,468.6292230849955
BATCH_0858,0.6427622,0.29340997,499.9849,0.5993554670356643,0.3,500.0
BATCH_0859,0.6039131,0.30387124,490.25745,0.6161758133548083,0.3,490.2350706902812
BATCH_0860,0.8744307,0.44775802,499.98413,0.8721251877423025,0.4525835084803235,500.0
BATCH_0861,0.7263044,0.38216802,500.0548,0.7143779751722977,0.3801220472333765,500.0
BATCH_0862,0.9467917,0.74183553,470.30746,1.0,0.747680172366131,498.3245243316209
BATCH_0863,0.8802828,0.58126104,348.8177,0.9097630839404304,0.590276292254931,348.79661362679815
BATCH_0864,0.88662577,0.61686224,402.79138,0.8576188806674804,0.6165205869432052,402.8504335475843
BATCH_0865,0.86459595,0.5330391,461.46954,0.8575839453135434,0.5173517575565239,461.34350115838856
BATCH_0866,0.85177064,0.6185987,393.4356,0.8414381655544897,0.5788168378398143,393.437257410867
BATCH_0867,0.8390619,0.6037169,351.1374,0.8332976991462473,0.5794144088073452,351.2034162304845
BATCH_0868,0.90476286,0.43987814,488.36194,0.903669329175293,0.4615911632642558,488.36204318113255
BATCH_0869,0.80648977,0.31265485,500.04065,0.8302015149439553,0.3,500.0
BATCH_0870,0.89691186,0.64638704,499.98236,0.8838657219951196,0.629144385582996,500.0
BATCH_0871,0.91375136,0.7717008,393.3483,0.9041084466399338,0.7849944795827706,393.386233136408
BATCH_0872,0.9842064,0.76762784,468.52774,0.988743173292368,0.7201562248838745,468.4845634897976
BATCH_0873,0.78352946,0.45217997,356.6987,0.7678229108998014,0.4393658492202527,356.6897736495237
BATCH_0874,0.8613207,0.7000701,477.41708,0.8645697338881866,0.7244239713646214,476.1977703599143
BATCH_0875,0.7816063,0.4575089,446.32144,0.8222486732717077,0.4542820185362453,446.2237640799006
BATCH_0876,0.78340316,0.3504113,437.3372,0.7770341832771489,0.3163241365579073,437.12214003240825
BATCH_0877,0.82219404,0.3634784,430.56183,0.8161248742481007,0.3488969078236543,430.51836596622434
BATCH_0878,0.7779939,0.5522021,443.5808,0.7688295692987445,0.5676450710742184,443.55712213822784
BATCH_0879,0.6827429,0.3364652,408.81796,0.7287511618096395,0.3136552840224249,447.92863120400045
BATCH_0880,0.77835155,0.41946587,396.3258,0.8208870456947659,0.3549855224071088,396.4050060123584
BATCH_0881,0.8513618,0.50791353,499.94403,0.8585497723200938,0.4435422841422668,500.0
BATCH_0882,0.5947908,0.3009075,413.03436,0.5963448256249941,0.3,412.9985902376045
BATCH_0883,0.7049989,0.3825062,281.01294,0.708923304493681,0.3806533703531113,281.02025797450733
BATCH_0884,0.85523987,0.3774555,386.74814,0.8508887056855776,0.3,386.7338534846649
BATCH_0885,0.77472484,0.45900404,500.0238,0.8137145723359092,0.4629038872470264,500.0
BATCH_0886,0.9171565,0.5668398,398.38687,0.9507268134114448,0.5927736154912469,380.5382677758551
BATCH_0887,0.7398283,0.35950872,464.47183,0.7037779414309904,0.4273764394234073,477.92660308317886
BATCH_0888,0.8880729,0.8164995,360.1206,0.958496347201276,0.82390090428528,323.37733832151827
BATCH_0889,0.80291486,0.54685026,499.7413,0.824334834959381,0.5340910510047742,500.0
BATCH_0890,0.9420869,0.56420594,385.06256,0.9456419754584676,0.5683791553638462,385.055806605618
BATCH_0891,0.99541205,0.6846143,455.31717,1.0,0.6216408408282498,455.311494204262
BATCH_0892,0.97193956,0.60278714,500.03583,0.9948837681447892,0.6369414886328859,500.0
BATCH_0893,0.90430224,0.6045077,400.21698,0.9141919340582983,0.6324421695938957,400.2828473497154
BATCH_0894,0.8967121,0.48381513,367.4934,0.9050074620988968,0.4933363059975634,367.5357507735593
BATCH_0895,0.93078196,0.7715696,466.21902,0.9320009482866212,0.9183907828809804,466.2332965242626
BATCH_0896,0.80573565,0.5101748,389.64584,0.8012203729161897,0.455132356717055,389.6401823407107
BATCH_0897,0.9670606,0.5832588,309.8428,0.9549181639446556,0.6211117519090044,309.8379009043786
BATCH_0898,0.8103969,0.6027571,296.57632,0.8273848269641514,0.5886721514171197,296.6038056446333
BATCH_0899,0.63718224,0.3065278,451.639,0.5971911793758168,0.3,451.6215021816545
BATCH_0900,0.85369354,0.5849584,206.11742,0.854444065878632,0.6056652494218044,206.11854651529995
BATCH_0901,0.7689929,0.5626837,413.79068,0.7645326477249358,0.5545243272705128,413.6891450601286
BATCH_0902,0.7967283,0.49826288,171.95126,0.7925020343354595,0.495992958235121,171.84663097504273
BATCH_0903,0.87116355,0.5245443,422.9539,0.8984078993033803,0.528598730837492,422.9077052856621
BATCH_0904,0.68024373,0.32198215,499.9426,0.6788578027908496,0.3,500.0
BATCH_0905,0.9174703,0.5029102,276.35748,0.9374227236054572,0.5535097562234658,272.62531018578443
BATCH_0906,0.8380744,0.42317352,497.21738,0.784680633509644,0.3667424609505316,500.0
BATCH_0907,0.8168303,0.54635715,398.43463,0.8702947615474484,0.5217682010047378,358.6669029324672
BATCH_0908,0.7479098,0.38811904,499.85236,0.7576917599616554,0.3753817468778046,500.0
BATCH_0909,0.7979731,0.45707205,439.65155,0.8662103225590597,0.5166618736272706,417.0304817119359
BATCH_0910,0.71987087,0.29761043,497.3984,0.7034048951161427,0.3,497.3842793755516
BATCH_0911,0.63742566,0.30365968,463.99063,0.6296538748694033,0.3,464.0409594777465
BATCH_0912,0.92442626,0.61109746,489.26743,0.9366815111857272,0.5905727197185642,489.5048509602291
BATCH_0913,0.9554859,0.7460863,424.6386,0.9941465187213436,0.7804160487885446,424.6597313870305
BATCH_0914,0.9055624,0.5821288,283.79523,0.8946775247797638,0.6085870179320019,283.8584960567033
BATCH_0915,0.74730927,0.38977185,500.01126,0.7616466159016868,0.4473274387947366,500.0
BATCH_0916,0.91559315,0.69319534,424.7048,0.9251037462824416,0.6947018320468189,447.7169220218608
BATCH_0917,0.94466764,0.5799709,499.9908,0.9535890523308376,0.5891642292609139,500.0
BATCH_0918,0.7466904,0.3188901,499.99582,0.7434366741722083,0.3,500.0
BATCH_0919,0.81398106,0.54164684,368.88898,0.8006082014709557,0.5958018823401181,369.048410656468
BATCH_0920,0.797439,0.31964263,499.9619,0.8040431824717207,0.3,500.0
BATCH_0921,0.8561879,0.57190377,496.69348,0.8273770668255431,0.5674947657250207,496.8191763191936
BATCH_0922,0.9416032,0.5457132,500.00757,0.9404339910595552,0.539048955467273,500.0
BATCH_0923,0.79390544,0.33220258,500.07278,0.7754789088285259,0.3,500.0
BATCH_0924,0.88408405,0.58814895,347.16568,0.9077422995600932,0.5998972366020967,347.2107116500126
BATCH_0925,0.7749516,0.6178506,364.66168,0.7497349514975155,0.6343701751483164,364.6819894252214
BATCH_0926,0.8784353,0.6810643,472.88745,0.8691653831597128,0.6683049448354392,472.8050809111929
BATCH_0927,0.9106256,0.65755004,499.98575,0.9315220037870504,0.673172015991867,500.0
BATCH_0928,0.80281705,0.40363565,500.01855,0.8406450141246039,0.4531471679529087,500.0
BATCH_0929,0.71682674,0.3767351,499.9429,0.7165385592287319,0.3973332961392345,500.0
BATCH_0930,0.79325795,0.5936453,416.5348,0.8127760151466189,0.6475756306239028,425.1860821631777
BATCH_0931,0.9691545,0.6003506,382.35617,1.0,0.5698336829036467,382.30708338784535
BATCH_0932,0.7391725,0.31491715,499.97424,0.7052519196377922,0.3,500.0
BATCH_0933,0.75027937,0.4465388,420.3982,0.7282128238351222,0.466966295705535,420.4271613672608
BATCH_0934,0.7916322,0.555928,499.90256,0.8074043597064737,0.584911011498124,500.0
BATCH_0935,0.72864175,0.41818836,355.48505,0.7291876988251053,0.4706005813021959,355.4686497155397
BATCH_0936,0.73429185,0.47283155,499.94382,0.7116451653297445,0.4729811986806239,500.0
BATCH_0937,0.92209095,0.48080772,499.99637,0.9253984585672504,0.4667802207348311,500.0
BATCH_0938,0.7504892,0.45925215,500.3151,0.7298292419804024,0.3868827883000241,500.0
BATCH_0939,0.7020464,0.29836854,415.08652,0.6736556061878121,0.3,415.0679573531072
BATCH_0940,0.7069399,0.37607226,422.61783,0.6757908085538468,0.4095335778486195,422.63286373276753
BATCH_0941,0.9393719,0.6162273,500.00638,0.9385501523614552,0.594248668340668,500.0
BATCH_0942,0.7326523,0.2965293,500.03088,0.7134765423249473,0.3,500.0
BATCH_0943,0.9607209,0.59945506,411.6799,0.9489183640257204,0.5912075763065936,411.7081274026984
BATCH_0944,0.7946957,0.53015506,491.9692,0.8545172883971278,0.545888454967094,500.0
BATCH_0945,0.57833946,0.29740977,500.00946,0.5303510317589895,0.3,500.0
BATCH_0946,0.7582019,0.48491472,405.6805,0.729463099829636,0.5145535505572222,405.5302813061464
BATCH_0947,0.9035914,0.41461074,492.75412,0.8825213287891961,0.3453560228263823,492.747221905536
BATCH_0948,0.7994633,0.3116811,500.0209,0.8088615112524085,0.3048609312335343,500.0
BATCH_0949,0.84998596,0.49223265,491.40378,0.8557013493969547,0.4294149038145388,500.0
BATCH_0950,0.95616454,0.7366024,500.04358,0.9628067603568614,0.7547219909212016,500.0
BATCH_0951,0.99130374,0.7832644,413.6186,1.0,0.820895780587954,413.67665358968793
BATCH_0952,0.7925877,0.5783689,459.0645,0.7757316131839282,0.6029775600721151,459.08201572145896
BATCH_0953,0.8004704,0.35172382,469.1463,0.8545529872367333,0.3747823132519332,469.1790078726475
BATCH_0954,0.874126,0.61072147,500.0085,0.8869985062678626,0.6005100268830108,500.0
BATCH_0955,0.8418601,0.56380945,500.00024,0.8653811273310551,0.5971417458826227,500.0
BATCH_0956,0.8993006,0.6227836,474.21005,0.9038854066522128,0.6435626230992023,474.0473358254906
BATCH_0957,0.72553545,0.4600608,500.0167,0.7312513243905407,0.4591005519228018,500.0
BATCH_0958,0.78230363,0.54462767,351.54642,0.7923986172689814,0.5564424353368442,351.60452479870713
BATCH_0959,0.91267365,0.55081624,499.98053,0.9364368554528087,0.5222095371150218,500.0
BATCH_0960,0.6757957,0.3281017,391.4005,0.6918455311506149,0.3157176562687807,391.3456556534565
BATCH_0961,0.92851394,0.58530957,338.79718,0.9618536714920102,0.5850019486511475,338.7084902233625
BATCH_0962,0.8261243,0.5597399,431.68396,0.8369931040963186,0.5518378606102066,431.674903086764
BATCH_0963,0.8452767,0.5085277,500.067,0.8555420781297294,0.504493342507602,500.0
BATCH_0964,0.9061434,0.6859858,461.05478,0.8927031296678459,0.7327358876225172,468.5191091260709
BATCH_0965,0.9445701,0.7099037,379.84766,0.9773423467641064,0.7190434853943956,358.80242196555406
BATCH_0966,0.7637385,0.3277492,500.0114,0.7409333909917817,0.3108433689108001,500.0
BATCH_0967,0.7327035,0.33122393,499.94794,0.7516006551410446,0.3107395409530197,500.0
BATCH_0968,0.78175604,0.36800936,500.0383,0.7711255431116234,0.3047320392636176,500.0
BATCH_0969,0.76050425,0.4138058,460.76688,0.736192393823035,0.4293284658343547,460.7817939333572
BATCH_0970,0.8993552,0.51645374,424.84424,0.8900504851580902,0.4435283716782768,424.893798811856
BATCH_0971,0.7523717,0.30051023,500.0647,0.7466897155513877,0.3,500.0
BATCH_0972,0.95521814,0.6102838,456.20575,0.9882408752696256,0.5885458741460387,456.1564947653477
BATCH_0973,0.8033697,0.568267,485.84726,0.7941534817315526,0.6363168242310642,493.6050479857975
BATCH_0974,0.8132474,0.6018757,367.58304,0.791600455451052,0.6414139433096124,333.4148604959928
BATCH_0975,0.6608554,0.33333135,318.28482,0.6409561077037323,0.3305254207730993,318.24653248185325
BATCH_0976,0.92549527,0.64943635,496.02557,0.9117759423897496,0.7029036321286074,496.0126556409217
BATCH_0977,0.73533016,0.4802511,322.69885,0.6784280127443224,0.4579011416564357,322.7320148341629
BATCH_0978,0.91114676,0.75275487,436.80704,0.9582334420153784,0.83268031729161,422.7204665686464
BATCH_0979,0.9413563,0.7220535,336.8315,0.988974278888665,0.7378580113846209,336.8347950204046
BATCH_0980,0.7431771,0.34895387,496.00046,0.7537450573542079,0.3622608344138695,496.03514388762494
BATCH_0981,0.8866162,0.4827817,389.7206,0.8907706414746324,0.5272521960765683,389.7180290004577
BATCH_0982,0.773124,0.5714608,500.07025,0.7665250062398863,0.592263021562375,500.0
BATCH_0983,0.75153345,0.53081363,500.0739,0.7728593414657853,0.5478814091686015,500.0
BATCH_0984,0.8100282,0.35430416,500.02383,0.8137550401147033,0.3235574409644032,500.0
BATCH_0985,0.9860067,0.8255151,455.67407,0.9877847720947788,0.807631306996989,455.661479245037
BATCH_0986,0.7821419,0.33046383,439.4885,0.8264595107697614,0.305132031235395,439.4780903853232
BATCH_0987,0.78521085,0.43748376,490.7437,0.8140992621129177,0.4403190755903072,481.9518249538666
BATCH_0988,0.7193456,0.38355377,494.16168,0.7057230740815156,0.33703176157067,494.1919346317962
BATCH_0989,0.8535445,0.4579201,499.99686,0.8459529989401108,0.5147362483539417,500.0
BATCH_0990,0.7572394,0.33257848,498.98856,0.7333185966386757,0.3,500.0
BATCH_0991,0.9358495,0.63685334,499.96368,0.8869752188302772,0.6539997214229717,500.0
BATCH_0992,0.75794923,0.46060598,376.67694,0.7581727570615926,0.4732135336938649,376.697911042692
BATCH_0993,0.73369217,0.33065122,421.76944,0.7192733573120295,0.3,433.9871407297029
BATCH_0994,0.86016375,0.57340467,335.40228,0.8321667423868696,0.5473582556358085,335.3596452262288
BATCH_0995,0.7810754,0.535101,500.03534,0.7661571788180354,0.534428741988279,500.0
BATCH_0996,0.86405313,0.43027687,372.3873,0.9218262861026436,0.4255878452167867,372.4271415642912
BATCH_0997,0.81580263,0.53522605,470.59534,0.8167822591022769,0.500814263496738,470.55316817306135
BATCH_0998,0.7502832,0.29743758,499.92603,0.7419712206986911,0.3,500.0
BATCH_0999,0.9090895,0.64512575,499.92868,0.9237706885204874,0.6397924081397921,500.0
BATCH_1000,0.8738672,0.6178535,369.97366,0.9013666837674172,0.5765204255539779,369.995845934116
BATCH_1001,0.90039563,0.5732275,459.37115,0.9148347195824976,0.5518847163201672,459.28284532006137
BATCH_1002,0.81878746,0.33909103,500.02353,0.8305528214151007,0.3156642707896913,500.0
BATCH_1003,0.90994865,0.59492284,498.30847,0.9015133346680264,0.6517117963835977,498.3316137808077
BATCH_1004,0.8627246,0.46858498,490.18427,0.8912432689841381,0.4612545872770981,500.0
BATCH_1005,0.9304292,0.65717757,394.35257,0.9558438165313464,0.6100209574956399,394.2196448713403
BATCH_1006,0.83111364,0.43214613,500.022,0.8530470929493033,0.4502725087919102,500.0
BATCH_1007,0.79014665,0.3158551,418.9124,0.8015729766185052,0.3,418.8720777675916
BATCH_1008,0.93213224,0.7252721,347.92828,0.946380238094532,0.7760329940120583,347.9103985082751
BATCH_1009,0.7007467,0.3128455,318.62262,0.6850890737489223,0.3,318.70511473800207
BATCH_1010,0.91414315,0.66618675,355.62997,0.9294583151141432,0.6912926697286368,355.70239932778964
BATCH_1011,0.83668375,0.34433362,500.02676,0.8439146551691198,0.3737267726941433,500.0
BATCH_1012,0.8962734,0.365495,435.77692,0.9292199284177348,0.3401298540662582,435.7830647259941
BATCH_1013,0.66963065,0.36343655,388.62042,0.6536775890107741,0.3144044937881849,388.6692352915076
BATCH_1014,0.982594,0.62489516,426.11847,0.9957291960357828,0.6054257715049443,426.1418267413965
BATCH_1015,0.94486207,0.54081,439.76315,0.9387668083969072,0.5640479437551846,439.7344337121007
BATCH_1016,0.9229452,0.78646487,298.06662,0.9201588929213024,0.7451093276213095,298.0143470401552
BATCH_1017,0.918377,0.5442026,373.51648,0.8874738934530468,0.4725230353280329,373.6581569034395
BATCH_1018,0.81031716,0.3169126,410.81982,0.8038418840608362,0.3,410.8273170575144
BATCH_1019,0.75082445,0.5201025,499.96646,0.7690039629568908,0.5396599841168761,500.0
BATCH_1020,0.8495553,0.43951294,487.8597,0.853220127025384,0.462928090799995,487.82412554409126
BATCH_1021,0.7686145,0.46379435,458.6449,0.7630775750042699,0.4546683321014191,458.6873898583158
BATCH_1022,0.8960269,0.44064805,500.0139,0.8969044774085915,0.4310282519452237,500.0
BATCH_1023,0.9023561,0.42432877,500.03964,0.9544728279630312,0.4577987341563421,500.0
BATCH_1024,0.79859793,0.29954284,499.9261,0.844831970459607,0.3,500.0
BATCH_1025,0.7823926,0.38569298,427.06006,0.799720747229587,0.4024860454701022,426.86801835399626
BATCH_1026,0.9956398,0.7828894,423.68582,1.0,0.8060848564925811,423.68080601974026
BATCH_1027,0.9380349,0.5990902,465.7171,0.957457673749358,0.6277657805191259,468.85037371631415
BATCH_1028,0.7272331,0.37901005,499.96826,0.7378749102938909,0.3473436149994432,500.0
BATCH_1029,0.97815305,0.66838163,363.56134,0.9546495059278516,0.6621877699893323,363.5169438510097
BATCH_1030,0.689111,0.3391708,334.95084,0.6549437901787034,0.3,334.9006105905794
BATCH_1031,0.8105803,0.39853716,450.17575,0.7680023674417139,0.4054103254859826,450.1836093569984
BATCH_1032,0.7439584,0.46497205,499.8935,0.7602643072851467,0.4743130575119348,500.0
BATCH_1033,0.6260048,0.30443296,433.49225,0.6216597375086794,0.3,412.0978491613868
BATCH_1034,0.7198905,0.45001313,313.42438,0.6976574800830687,0.4422620916138455,313.4510027924167
BATCH_1035,0.8878475,0.46205235,494.33038,0.8902673166338528,0.4571850611870384,494.4174631123189
BATCH_1036,0.7680228,0.37974274,456.453,0.7155265844071607,0.391056821454904,466.9046279919864
BATCH_1037,0.8957918,0.54836303,499.96896,0.863524708342294,0.5512655359319585,500.0
BATCH_1038,0.61413085,0.3024719,442.65588,0.6164290535797378,0.3,442.720665121931
BATCH_1039,0.69754124,0.31108165,499.97116,0.6833164442142023,0.3,500.0
BATCH_1040,0.70335746,0.29435912,499.96674,0.7182593203181661,0.3,500.0
BATCH_1041,0.94512165,0.55966604,505.3791,0.9307564894769984,0.6091218459974977,500.0
BATCH_1042,0.7848236,0.45016423,324.41068,0.8081008826130275,0.4291862124459258,324.3564973621343
BATCH_1043,0.78814054,0.3484702,431.7243,0.7933340712489643,0.3852218875384963,431.8325007601719
BATCH_1044,0.9611516,0.5880867,499.99084,0.9601601147272604,0.6180767990826117,500.0
BATCH_1045,0.8241898,0.38675603,499.9691,0.836008398714548,0.3436704597450318,500.0
BATCH_1046,0.81191516,0.53032136,432.7987,0.8242955623463891,0.5756482850155219,432.6147457458963
BATCH_1047,0.7129375,0.48717043,336.92923,0.6942314210354144,0.4745870427402302,337.0078774237928
BATCH_1048,0.8574616,0.4290761,402.14407,0.9029977079878588,0.4357679821538249,402.1041493855523
BATCH_1049,0.6552582,0.32282445,388.10577,0.6693638116345954,0.3506443093104692,388.12312159114015
BATCH_1050,0.884812,0.47391295,430.0456,0.8836222013230822,0.4279161160287319,430.0083522450896
BATCH_1051,0.7624489,0.3289631,499.97046,0.7735737988970895,0.3237458550383684,500.0
BATCH_1052,0.96697575,0.5819725,445.0224,0.9938151304434892,0.577778508776619,444.9802704507081
BATCH_1053,0.9296692,0.5718306,352.30444,0.932326701833062,0.5223990831605106,336.3669022675887
BATCH_1054,0.93372416,0.559195,491.50555,0.9440445536452936,0.6206698253656335,491.432536393872
BATCH_1055,0.78443736,0.4728988,499.96704,0.7726688938569688,0.4628518925271174,500.0
BATCH_1056,0.853171,0.43249428,499.98373,0.8537823667704615,0.4299073396662285,500.0
BATCH_1057,0.77569616,0.42673102,287.01776,0.8040735309810616,0.4163355752551166,287.0106175399448
BATCH_1058,0.684048,0.30471697,459.4143,0.6942539424142586,0.3,459.40255460309936
BATCH_1059,0.9463058,0.6970712,500.0152,0.9462383753508528,0.6720450230461226,500.0
BATCH_1060,0.7389833,0.29686055,500.02628,0.7448251883867115,0.3,500.0
BATCH_1061,0.6823088,0.29047132,500.0211,0.6234034447950879,0.3,500.0
BATCH_1062,0.87695086,0.42178565,499.98206,0.8754713154767165,0.4225406986570998,500.0
BATCH_1063,0.84179217,0.5120732,460.17538,0.7580419243587201,0.4791472901468114,459.6898964183752
BATCH_1064,0.78043526,0.4084627,499.54163,0.7727025570433562,0.3749732194405704,499.5779599378919
BATCH_1065,0.9568833,0.6380646,335.19022,0.934716139796738,0.6576870843975591,335.2137056779953
BATCH_1066,0.64238393,0.3092464,281.87234,0.5966811068319087,0.3024476850745867,281.8107938543945
BATCH_1067,0.88166046,0.6994825,499.93732,0.8933577138953728,0.6973701716890277,500.0
BATCH_1068,0.6768664,0.304955,461.38138,0.647946966692686,0.3,461.3459497809084
BATCH_1069,0.8600175,0.6588149,314.957,0.8671270411776598,0.66481697579581,314.9342579264326
BATCH_1070,0.8733399,0.58119696,462.12503,0.8544844081593204,0.5542416562012995,461.94204170747486
BATCH_1071,0.69361115,0.3850991,499.92538,0.702701393887658,0.4088543394030195,500.0
BATCH_1072,0.69576406,0.4119196,422.2677,0.7000430281127284,0.4207289945101735,422.3894503210337
BATCH_1073,0.7808088,0.64406234,197.41476,0.7768017398660132,0.6931318284699669,197.38177224458695
BATCH_1074,0.85719967,0.3440108,500.01837,0.8705204954115267,0.3001895578645231,500.0
BATCH_1075,0.81336004,0.5101,465.86728,0.803037057027218,0.5866020369003684,482.61482714378286
BATCH_1076,0.8835196,0.6699941,499.99802,0.8577426948145528,0.6970431832649505,500.0
BATCH_1077,0.8338684,0.4449507,376.2006,0.8248270899608114,0.4554599664600943,376.2336848016417
BATCH_1078,0.6943942,0.34663972,371.04367,0.7498431045382709,0.3672392106682764,391.6578284136066
BATCH_1079,0.9764024,0.6563085,500.02963,1.0,0.6447854863667292,500.0
BATCH_1080,0.9504688,0.64191467,409.5376,0.9444066115507406,0.6827226555053882,380.45321500055366
BATCH_1081,0.9387206,0.82767206,448.1031,0.9251112870927648,0.8398521009040422,448.0728174545953
BATCH_1082,0.6356538,0.29244688,480.087,0.6228464738410711,0.3,480.1202565694951
BATCH_1083,0.9293955,0.5017478,436.3917,0.9759275673776324,0.4760351143425391,422.8159527194
BATCH_1084,0.94525206,0.59242237,473.22876,0.9676179407206476,0.5698556761464195,491.9318848052546
BATCH_1085,0.90255183,0.6132407,456.9919,0.9078194007961332,0.6260973250142604,457.0266819361551
BATCH_1086,0.76361847,0.31252143,499.9947,0.7533086595466001,0.3,500.0
BATCH_1087,0.73181206,0.4110688,269.50885,0.7109522407778484,0.435917099216584,269.55034535869584
BATCH_1088,0.8676393,0.37520316,499.92996,0.8600275671498904,0.3146770754556013,500.0
BATCH_1089,0.75750935,0.46295673,259.99103,0.7421600332883542,0.4546251401078544,231.9148681154287
BATCH_1090,0.9794689,0.59927195,280.69412,0.9901518711852,0.5561969230749186,280.6630354213357
BATCH_1091,0.9304187,0.6885462,480.4421,0.9706284549858224,0.7507628650378714,498.7692434804316
BATCH_1092,0.7625332,0.31488726,499.98737,0.7783697808188311,0.3080724720190065,500.0
BATCH_1093,0.90570074,0.65694916,399.43634,0.9116658712515052,0.6714752798529909,399.4267343418071
BATCH_1094,0.84577924,0.596001,251.88885,0.8730202008124259,0.5795021319340378,251.8673132842865
BATCH_1095,0.79619145,0.5820424,465.8457,0.7963470212137668,0.607327313896478,465.74344880795394
BATCH_1096,0.78365487,0.5290416,500.02994,0.7835188549341227,0.552123868637725,500.0
BATCH_1097,0.70457584,0.4485748,224.8197,0.673200714752156,0.4456012162425151,224.8037252510909
BATCH_1098,0.8133165,0.34370142,323.9923,0.8305617910501363,0.3245890583327609,323.9619325454194
BATCH_1099,0.9253841,0.6960016,386.80872,0.930480102271406,0.7249773191218136,386.7972345201066
BATCH_1100,0.6552484,0.31587136,315.68576,0.6483657227307398,0.3,287.8159013416951
BATCH_1101,0.88560766,0.5412168,499.9839,0.8561194314966464,0.5645518435085844,500.0
BATCH_1102,0.9804259,0.677133,500.03015,1.0,0.7369811229628983,500.0
BATCH_1103,0.92820543,0.50243604,437.77927,0.9230012044470908,0.5550717532818463,458.5819546547431
BATCH_1104,0.85534984,0.36644375,378.8732,0.895688508486765,0.3480400332134322,378.8725239008163
BATCH_1105,0.8245326,0.59985745,249.68352,0.7904497456640017,0.6115139972420132,268.228609525811
BATCH_1106,0.9308497,0.6560618,376.48953,0.9344925640161552,0.6289317042548038,376.4926283240772
BATCH_1107,0.8378754,0.38685358,302.37643,0.7817760435554824,0.3937540681727951,255.4725500313045
BATCH_1108,0.8628541,0.5105344,499.9589,0.8532735839547194,0.5018595535671262,500.0
BATCH_1109,0.6804052,0.3140355,499.9908,0.6853377656140657,0.3,500.0
BATCH_1110,0.76788425,0.31421378,499.98062,0.7582151460831502,0.3,500.0
BATCH_1111,0.6181381,0.2919621,499.92422,0.601960855084203,0.3,500.0
BATCH_1112,0.80485564,0.50369066,493.8572,0.8092366152253262,0.4975870072943542,493.8184949879037
BATCH_1113,0.76328784,0.32690284,375.34235,0.7785426693088046,0.3,375.2656683569892
BATCH_1114,0.8788117,0.5502569,363.0695,0.8819280541505893,0.5433515909323123,363.2651290031448
BATCH_1115,0.925304,0.63150287,500.07578,0.9387565960048316,0.6456345531219565,500.0
BATCH_1116,0.75766283,0.5114327,486.19992,0.8122400922795057,0.4849137564352034,500.0
BATCH_1117,0.80732507,0.3201174,323.62277,0.8098343403817241,0.3,323.5651452425205
BATCH_1118,0.6606139,0.29994765,485.7505,0.6323053947107227,0.3,472.27851594300085
BATCH_1119,0.8057043,0.55262077,355.1024,0.8196321119561084,0.60053917022217,355.3197789131046
BATCH_1120,0.9116806,0.45627716,455.30865,0.926052610670286,0.441174901073634,445.6928297772754
BATCH_1121,0.78267455,0.30272162,492.672,0.8163736092374143,0.3,492.6916550472544
BATCH_1122,0.89590037,0.47165227,300.9671,0.9215973043774834,0.5054483995573613,300.9689220794797
BATCH_1123,0.9095408,0.5138188,499.95978,0.8930955008678207,0.529195143714005,500.0
BATCH_1124,0.8122175,0.4046962,500.13077,0.8593832074767745,0.3935805279956803,500.0
BATCH_1125,0.8306495,0.47612438,500.07996,0.7929202212167743,0.4980561017882807,500.0
BATCH_1126,0.7242575,0.40624502,408.43396,0.7183119014446809,0.3592281876794867,408.4118263173623
BATCH_1127,0.7282428,0.36671072,285.66925,0.7037203834042111,0.3924802382707823,285.6983999128044
BATCH_1128,0.90364224,0.6799636,472.72217,0.905226783023605,0.6922006611358811,472.7443763252575
BATCH_1129,0.76701725,0.45035785,500.0465,0.7723324759919756,0.4424942601358116,500.0
BATCH_1130,0.8588878,0.44946495,500.06824,0.8673973701767529,0.4735054458914522,500.0
BATCH_1131,0.8338832,0.48017016,499.99017,0.8370214157989748,0.4985131833066469,500.0
BATCH_1132,0.88670594,0.6677896,444.358,0.8925925300091804,0.6248582331311585,444.3838390789748
BATCH_1133,0.9272068,0.73181504,286.84018,0.9324027520448228,0.8092758585672525,286.84123260936883
BATCH_1134,0.7768899,0.32147938,481.61447,0.7526407791519626,0.3,500.0
BATCH_1135,0.78184855,0.49069428,461.61023,0.7597726029027999,0.4972245352337188,461.6081008873121
BATCH_1136,0.9532653,0.53229743,499.9943,0.9490015539178212,0.5568656153194262,500.0
BATCH_1137,0.8759574,0.6461193,418.36978,0.8590831871149528,0.5925314369262649,431.53968365876966
BATCH_1138,0.84199685,0.4790801,499.95923,0.8512772847662544,0.5102781772736747,500.0
BATCH_1139,0.6918521,0.29796267,434.30554,0.6953259669400823,0.3,434.2422902922254
BATCH_1140,0.9040063,0.49793184,500.05136,0.8876765664021693,0.5128858895851721,500.0
BATCH_1141,0.9419607,0.72875524,387.82175,0.9813479710281094,0.6748859702573362,387.810932946422
BATCH_1142,0.91368926,0.5321125,500.01718,0.8999580611624783,0.5474477736028944,500.0
BATCH_1143,0.7870418,0.3701766,499.82132,0.7905439935684024,0.3619231489938965,500.0
BATCH_1144,0.73621655,0.44608313,462.24542,0.7453238245793592,0.4439830468438769,462.21533819115496
BATCH_1145,0.78490514,0.3130496,500.0593,0.7965466246951662,0.3028197339874802,500.0
BATCH_1146,0.892905,0.54319775,500.00488,0.8880226570906271,0.5268099879017166,500.0
BATCH_1147,0.8215908,0.4426805,499.93948,0.8086024053508462,0.4325567677088998,500.0
BATCH_1148,0.96347094,0.597692,500.032,1.0,0.602344352903272,500.0
BATCH_1149,0.9480144,0.56519586,412.11313,0.9335745814936236,0.5589222194792619,412.1060360499477
BATCH_1150,0.9439221,0.6136878,499.90842,0.8934369821403884,0.6231314829632945,500.0
BATCH_1151,0.9441137,0.58179736,294.83496,0.887151022187909,0.5614928694475534,294.767175116072
BATCH_1152,0.8033115,0.37071618,499.97177,0.7955430898108267,0.3,500.0
BATCH_1153,0.77560914,0.34105346,500.0167,0.7512236871589392,0.3345175592984898,500.0
BATCH_1154,0.80830747,0.3445424,458.12582,0.8473612493317808,0.3446997890101499,458.11426231971774
BATCH_1155,0.9004855,0.49519843,499.95734,0.9175225950893218,0.4541494111216125,500.0
BATCH_1156,0.880065,0.70991015,444.49686,0.872798068157647,0.6941843624663914,444.4895857406341
BATCH_1157,0.77604425,0.29403624,499.96832,0.7839781507918844,0.3,500.0
BATCH_1158,0.97388446,0.5995475,499.8715,0.9874438637054396,0.6489965364967271,500.0
BATCH_1159,0.79343885,0.57498074,320.6041,0.7835755645457223,0.5951903855423808,320.478201950003
BATCH_1160,0.77650756,0.33496615,500.02365,0.7267622848448384,0.3048784317366245,500.0
BATCH_1161,0.75249594,0.41013497,192.46626,0.7703798794242226,0.4157806383261618,192.3909539283995
BATCH_1162,0.77601355,0.456288,391.3937,0.744290840033446,0.4496886695351549,391.4511429385761
BATCH_1163,0.8541383,0.48677185,499.92468,0.8261019136048114,0.4574280471823443,500.0
BATCH_1164,0.7254338,0.39267185,297.55502,0.7233491192706087,0.3230027450512571,316.3639921037737
BATCH_1165,0.85450596,0.3445961,500.01593,0.9082523127847923,0.3,500.0
BATCH_1166,0.99787074,0.78742677,500.00003,1.0,0.7954802601169664,500.0
BATCH_1167,0.8178497,0.4564125,292.56085,0.8413109736044899,0.4793273421683125,292.4770967583181
BATCH_1168,0.8733008,0.7343577,355.30072,0.8960121608695368,0.7523637303182448,355.3254925041577
BATCH_1169,0.77498764,0.42604586,444.0209,0.7829386563741256,0.4033482666288064,443.9260090346498
BATCH_1170,0.8918039,0.5448566,483.6264,0.9089833781287636,0.516916335428706,483.5591345616336
BATCH_1171,0.9050425,0.43821236,499.9404,0.9184323780113998,0.4683816795550273,500.0
BATCH_1172,0.8767798,0.51163536,267.50314,0.8839955143820624,0.4802585812217268,267.4772723023858
BATCH_1173,0.7583796,0.44979194,310.09723,0.7520799312300042,0.4792912908336753,292.7080524992506
BATCH_1174,0.7733285,0.34066647,329.43338,0.7577056432042847,0.3023989190329005,329.48703179390395
BATCH_1175,0.6568695,0.29606745,499.94168,0.649662181879067,0.3,500.0
BATCH_1176,0.7619266,0.32682502,499.97897,0.7276920881608685,0.3,500.0
BATCH_1177,0.9395347,0.8325229,415.27905,0.9398089355742526,0.8210206654214373,415.1808655296003
BATCH_1178,0.9560788,0.6332154,479.5479,0.9414178502720828,0.6870703250081421,500.0
BATCH_1179,0.82879746,0.5007563,503.28305,0.7958238747403019,0.4829609996391012,500.0
BATCH_1180,0.87014097,0.4001754,361.08234,0.8702784098408245,0.4172982537758,361.0712179595412
BATCH_1181,0.7494142,0.37681356,476.94464,0.7762750758456725,0.3760141212553016,476.9347030284574
BATCH_1182,0.84795403,0.45522526,412.40604,0.8630999834850162,0.4191497428218608,387.035865802613
BATCH_1183,0.8073509,0.3191447,499.97336,0.7772039554113203,0.3,500.0
BATCH_1184,0.73275805,0.4376669,476.07297,0.7132294567425154,0.432260271659466,476.01024992075855
BATCH_1185,0.8368496,0.34582907,499.92285,0.8538016412078975,0.372666434074359,500.0
BATCH_1186,0.781405,0.33278704,499.8339,0.7670185514743119,0.3083070828706461,500.0
BATCH_1187,0.7064911,0.4213318,358.31305,0.6778296794937967,0.4282976386335319,358.2372498451194
BATCH_1188,0.76324177,0.4418202,499.9944,0.76819804947825,0.4588946743747085,500.0
BATCH_1189,0.9805754,0.74662024,499.9072,0.979543441518855,0.8110997638645915,500.0
BATCH_1190,0.7455848,0.46276757,399.3997,0.7356001307683208,0.4517763816099313,356.7331349579097
BATCH_1191,0.8051907,0.4731811,500.0205,0.7807335634845471,0.4905156849881947,500.0
BATCH_1192,0.8464138,0.64356405,500.07114,0.8495790252274288,0.702757717090411,500.0
BATCH_1193,0.69371635,0.29764417,479.48923,0.6867095223733481,0.3,490.5739533244295
BATCH_1194,0.72354996,0.49944255,352.09216,0.7141946037280603,0.4708462187801963,352.03584115092315
BATCH_1195,0.83039653,0.32230774,500.02063,0.848936143941395,0.3,500.0
BATCH_1196,0.87836987,0.45714656,494.43817,0.8958011954443476,0.4859459955173777,500.0
BATCH_1197,1.0089337,0.79990035,490.88364,1.0,0.7724628346823664,490.9100394378192
BATCH_1198,0.83024156,0.39130297,465.5121,0.8276653953935296,0.360797346832912,434.7786169810753
BATCH_1199,0.78657776,0.5328907,446.42352,0.8110799033021769,0.5339112412290171,446.36466668958286
BATCH_1200,0.9714056,0.63544977,417.89172,0.9741181035493944,0.6519030287528553,417.9369158446505
BATCH_1201,0.6420448,0.33392406,488.9573,0.6160096862063397,0.3095090801273931,488.96780167654987
BATCH_1202,0.6117809,0.30005458,416.24753,0.5944335049294232,0.3,416.176938798828
BATCH_1203,0.8217757,0.5169256,499.93082,0.8220727719525677,0.5676119432688276,500.0
BATCH_1204,0.73748493,0.36672437,499.98477,0.755720253667133,0.3176050048262127,500.0
BATCH_1205,0.9829792,0.72031087,477.323,1.0,0.6897374572381755,477.3651173071234
BATCH_1206,0.81221616,0.39151472,499.99088,0.7898088612794422,0.3739710567916801,500.0
BATCH_1207,0.90662724,0.6819246,466.80725,0.8970913747477554,0.6971831100183277,466.7692430340271
BATCH_1208,0.68147385,0.32378554,496.4244,0.6477983489642953,0.3486645270425862,496.4481704498557
BATCH_1209,0.99127954,0.6389519,484.52222,1.0,0.6489937990364002,484.585246130408
BATCH_1210,0.6853703,0.31631786,499.95786,0.6672489010741538,0.3130853224184023,500.0
BATCH_1211,0.93975085,0.72494394,355.35004,0.9269920823953652,0.6716148707670825,355.32527835131884
BATCH_1212,0.7857651,0.53976375,301.27292,0.7581940309081421,0.5720949138529444,301.26086642704325
BATCH_1213,0.817031,0.38672602,500.01862,0.8394821205287912,0.4252398137570025,500.0
BATCH_1214,0.8142357,0.4195758,354.10397,0.8224645954301699,0.4471260580666915,354.14310650581393
BATCH_1215,0.7270048,0.3857308,427.1155,0.7611031434117144,0.4493356451160018,427.2019316128227
BATCH_1216,0.6763676,0.3489484,375.0499,0.667107998407699,0.3098695803418885,375.0193182340344
BATCH_1217,0.69367194,0.29452103,472.61984,0.676354282203133,0.3,472.6156419581605
BATCH_1218,0.85672224,0.55042773,500.02014,0.8695487119983477,0.5415225081832284,500.0
BATCH_1219,0.867027,0.67825425,424.3036,0.9191469706159764,0.6682777949068974,424.2532748470697
BATCH_1220,0.8567281,0.45021957,499.88916,0.8672468833689702,0.4307475188331551,500.0
BATCH_1221,0.6837478,0.3639358,333.49594,0.7036897708792739,0.3939110370172223,333.59504904863155
BATCH_1222,0.7681421,0.39208382,241.95169,0.7669160369498719,0.4260579443163554,241.93336064533503
BATCH_1223,0.83113086,0.3297555,339.78134,0.8136209129844987,0.3064542706352647,328.209828038214
BATCH_1224,0.803352,0.4768985,477.33945,0.8082249018139193,0.484368271024199,477.29915340735687
BATCH_1225,0.92227906,0.6790232,477.167,0.952686196100126,0.6557625622249689,489.0509812149476
BATCH_1226,0.7834495,0.4018642,479.349,0.7876484056213939,0.3969236378814973,479.3197250883707
BATCH_1227,0.6327276,0.30005202,465.05695,0.6173331337257206,0.3,465.0100062120052
BATCH_1228,0.88243127,0.39567104,416.7979,0.8943255077118424,0.4161412873672852,416.7886009933437
BATCH_1229,0.79051757,0.40810648,410.40552,0.848645923485117,0.4170876708611901,434.8498196326568
BATCH_1230,0.8038702,0.34657508,488.72882,0.8026076689438595,0.3207350161008688,488.7614600381046
BATCH_1231,0.7945781,0.5065057,443.14044,0.7604253786642047,0.4594306190017901,443.1621889000517
BATCH_1232,0.6835044,0.30629155,363.53754,0.673916378431543,0.3,363.5171944639124
BATCH_1233,0.6796786,0.3205292,368.31488,0.6918635766688506,0.3476386904052504,332.069327474853
BATCH_1234,0.8232052,0.3959549,436.27936,0.8056815868835298,0.3814042983629528,436.2396139717425
BATCH_1235,0.8764328,0.64137644,310.7473,0.9435647707639292,0.65179298096515,310.777212494893
BATCH_1236,0.7704054,0.29721937,483.1584,0.8043783577446473,0.3,483.1896248604005
BATCH_1237,0.80373174,0.462432,500.00754,0.7985411027865487,0.442751569625346,500.0
BATCH_1238,1.0054296,0.7536417,429.655,1.0,0.7736932600678675,429.6156019191764
BATCH_1239,0.8804542,0.6235965,421.74228,0.8925451001264311,0.6593302863374849,421.8303187561047
BATCH_1240,0.8245837,0.36702886,499.99222,0.821383951837362,0.3438843188125774,500.0
BATCH_1241,0.81678736,0.44343194,499.78806,0.8222746272589802,0.51209042796399,499.7678958142233
BATCH_1242,0.91518426,0.55475396,435.61282,0.9137077611748372,0.4993432540637599,444.2803876876126
BATCH_1243,0.86303383,0.46776643,500.0023,0.8618852773371471,0.5098757643480982,500.0
BATCH_1244,0.85523623,0.4770163,497.208,0.8456603939761976,0.4548658607181231,500.0
BATCH_1245,0.77363366,0.33205932,365.35126,0.7330167334855515,0.3576933747187906,365.2115912288524
BATCH_1246,0.6348377,0.30467832,500.01016,0.6377308386898327,0.3,500.0
BATCH_1247,0.6392797,0.3207218,499.98334,0.6146852427814349,0.3,500.0
BATCH_1248,0.96710974,0.617812,499.98846,0.9865003864978954,0.6275112669911831,500.0
BATCH_1249,0.9194711,0.59161955,499.97052,0.8752869263509795,0.5335149275210621,500.0
BATCH_1250,0.9618645,0.60449076,500.04443,0.9678744099861788,0.630737222399011,500.0
BATCH_1251,0.6627317,0.29975703,500.02084,0.6787401467392907,0.3,500.0
BATCH_1252,0.7061086,0.45272392,462.90604,0.6632311377354791,0.4610823226500367,462.8399082399776
BATCH_1253,0.77645284,0.5081844,303.8684,0.7707109453167649,0.5371374501635406,303.8215744577656
BATCH_1254,0.7409175,0.29918393,499.00085,0.7420483861592247,0.3,498.9021623069787
BATCH_1255,0.68580097,0.30702394,380.97842,0.6593715139184825,0.3,380.9208742117504
BATCH_1256,0.879224,0.6347786,295.2666,0.8811045921250875,0.5862003280836445,295.2884143272197
BATCH_1257,0.7588578,0.33787295,342.40878,0.7680714090871139,0.3225554386104497,342.55577551034145
BATCH_1258,0.7319779,0.4705882,402.4449,0.7087932631209789,0.5131835608070141,402.4120370353232
BATCH_1259,0.8007947,0.40321982,500.88065,0.7803927870520039,0.4467835615713273,500.0
BATCH_1260,0.7471741,0.40675604,302.27548,0.7465265165526085,0.3904883403836372,302.3496902461779
BATCH_1261,0.8101161,0.3439803,499.87848,0.8179039714839536,0.3546476537161351,500.0
BATCH_1262,0.8195541,0.46484494,480.63757,0.8221662323308991,0.4664272472138123,480.53566049130256
BATCH_1263,0.76189524,0.41387665,193.09227,0.7357640887695169,0.4377748244716523,193.1033246664958
BATCH_1264,0.7029287,0.40170074,499.99176,0.6857323328807117,0.424640024701099,500.0
BATCH_1265,0.6410031,0.34029377,339.38785,0.6119831569677504,0.3945840481299598,283.4202210398951
BATCH_1266,0.8931901,0.6044584,368.9582,0.8823524623704111,0.5867775139179008,369.04768950798575
BATCH_1267,0.79221284,0.50146425,440.36014,0.8059112623906405,0.4900895215219319,440.35887453888176
BATCH_1268,0.78107524,0.37999964,500.00406,0.7694834168332957,0.39251042789707,500.0
BATCH_1269,0.8098518,0.5392124,423.25546,0.8383883793965786,0.5575419801223884,423.41716087477135
BATCH_1270,0.8415144,0.42566153,348.2687,0.8587894305798853,0.4127649800485324,348.5164856240708
BATCH_1271,0.9300431,0.48443705,417.59238,0.9462805534774008,0.4851724106132287,417.6064277725705
BATCH_1272,0.98453724,0.7045662,476.8868,0.9738487943843346,0.7417643085848329,476.7985106166142
BATCH_1273,0.6752056,0.37639388,459.55606,0.6688400820533829,0.4088071916334594,446.2491319090149
BATCH_1274,0.8328586,0.52616847,489.9172,0.8686702339891937,0.4841303451517651,499.2829836108008
BATCH_1275,0.8880632,0.7719736,494.84753,0.907591127676249,0.8213980376743854,494.81712175372616
BATCH_1276,0.96273893,0.8082694,372.09137,1.0,0.8446527322399673,372.052108280586
BATCH_1277,0.9858196,0.599804,373.0373,1.0,0.6153814371913586,372.9968072228408
BATCH_1278,0.655665,0.33005777,486.472,0.6363288187484977,0.3,500.0
BATCH_1279,0.85423803,0.55222934,494.44626,0.844379270712638,0.5755726645303566,494.4578884948533
BATCH_1280,0.79289,0.37299132,500.0285,0.7912454991614312,0.3179382882670006,500.0
BATCH_1281,0.75443363,0.3080784,359.48373,0.7518924032169516,0.3,359.52920945107184
BATCH_1282,0.9854316,0.7748512,412.5734,1.0,0.7109590957033421,412.6209797004744
BATCH_1283,0.78300655,0.5277274,500.00204,0.7912879984479949,0.5747766482678729,500.0
BATCH_1284,0.73737425,0.40507182,394.2564,0.7135772593118253,0.333115420825825,415.74792946267286
BATCH_1285,0.6451046,0.29468018,448.1686,0.6152970222850658,0.3,448.13965339241327
BATCH_1286,0.5962114,0.2978257,499.94003,0.5155535181790851,0.3,500.0
BATCH_1287,0.9327251,0.7408484,383.25726,0.9499668346884864,0.7389557451646739,383.26824209216267
BATCH_1288,0.8970839,0.82446337,461.88135,0.8965200367538649,0.8192510938274622,461.9004628088256
BATCH_1289,0.6201551,0.3293186,479.75964,0.5736627269994456,0.3,500.0
BATCH_1290,0.7142356,0.3388109,367.73465,0.7267322628817027,0.3794976417789645,381.70291673104055
BATCH_1291,0.9412118,0.7509433,369.94235,1.0,0.7034472884788032,369.9939214396361
BATCH_1292,0.9047815,0.5951617,295.70142,0.9055465553583664,0.6576096391537354,251.3505990869402
BATCH_1293,0.98531145,0.7376976,350.43115,1.0,0.7599447597428898,350.37078147814685
BATCH_1294,0.89977926,0.50713396,500.00323,0.911926946123422,0.4851100671335555,500.0
BATCH_1295,0.7234635,0.38037387,343.75406,0.7021583248038779,0.3348726237844272,343.76003513592207
BATCH_1296,0.79399824,0.5563062,408.5946,0.814221929088594,0.6035717927073799,408.6398546885985
BATCH_1297,0.688089,0.37129608,395.60855,0.6843649447687999,0.3259053170111881,395.61040591473306
BATCH_1298,0.88095295,0.5277758,423.02057,0.8972218663410851,0.4896481793261193,423.0137183053498
BATCH_1299,1.000151,0.82050276,440.29947,1.0,0.8816626778862081,440.2853153197666
BATCH_1300,0.70165986,0.42183977,430.61078,0.6875992167342694,0.4364443330454427,430.594916263672
BATCH_1301,0.9773984,0.7061237,441.57825,1.0,0.7125543416014566,446.3740574514608
BATCH_1302,0.68951637,0.37482318,487.36304,0.6833981564443239,0.403627038355939,487.3647821064184
BATCH_1303,0.661566,0.29738715,499.99875,0.6447352009922759,0.3,500.0
BATCH_1304,0.77422005,0.34430996,337.81772,0.7909594536487166,0.3637568496071282,337.77378352391963
BATCH_1305,0.8027826,0.339152,500.00946,0.7832249868474356,0.3693085981834077,500.0
BATCH_1306,0.891623,0.53838986,498.94568,0.8953221319007478,0.5377981215371004,498.9675200135119
BATCH_1307,0.8796348,0.45740432,336.2996,0.8745987849802573,0.4575629976694774,336.2473987450462
BATCH_1308,0.74033934,0.38841957,500.0238,0.7695053543062557,0.4320142940301804,500.0
BATCH_1309,0.79555655,0.32145485,492.15005,0.8119822011547633,0.3122458685030113,492.1474178096571
BATCH_1310,0.86370367,0.6423102,473.33224,0.8582016829892586,0.6447521115261742,500.0
BATCH_1311,0.9167003,0.50731754,499.956,0.928693676635064,0.5021831184103434,500.0
BATCH_1312,0.84435177,0.49718887,500.05487,0.8734210072133416,0.5489195255069895,500.0
BATCH_1313,0.7821413,0.30197823,447.80298,0.7692876261326185,0.3,495.1707161002092
BATCH_1314,0.70519716,0.3144985,336.36905,0.7081625593390484,0.3,336.3254454878738
BATCH_1315,0.8009732,0.46851683,500.011,0.7978986629239091,0.4834380404823852,500.0
BATCH_1316,0.7814542,0.4582038,315.01184,0.784706345381611,0.4677297164294847,314.9616090031404
BATCH_1317,0.70938784,0.2903088,499.95477,0.6763432142026466,0.3,500.0
BATCH_1318,0.864273,0.7231191,388.82233,0.8442868050844939,0.7578920749230315,388.6169908123934
BATCH_1319,0.7893251,0.58077514,488.8268,0.8096010856912651,0.7108488885144115,500.0
BATCH_1320,0.8303202,0.56773674,365.42123,0.823325540384056,0.5788356150892137,365.3914168246747
BATCH_1321,0.76522726,0.48552784,293.85468,0.7839614592235092,0.4474713235518315,293.7849141988984
BATCH_1322,0.9647187,0.5828068,499.86328,0.9592207414172952,0.539458626068195,500.0
BATCH_1323,0.70297164,0.37452692,498.79205,0.6937477054149095,0.3250714440239542,500.0
BATCH_1324,0.9970371,0.7462705,398.47684,1.0,0.7822287206730028,374.1183985201576
BATCH_1325,0.76327425,0.4593524,470.90445,0.7077212563541503,0.4701649753720353,470.8508310688845
BATCH_1326,0.8878052,0.7417205,340.80972,0.8662694626685324,0.7349900122852598,340.77915750521885
BATCH_1327,0.8941515,0.5224926,440.66553,0.8959543607115761,0.5047866459236018,440.6165047826035
BATCH_1328,0.74618196,0.31207675,355.1031,0.7127965377351949,0.3,355.141601383712
BATCH_1329,0.8452841,0.5419971,482.54593,0.8663533241295696,0.5618726194809709,482.26439093791913
BATCH_1330,0.9701724,0.69734746,377.90234,0.9969220347942872,0.7216695364869167,377.8944801220735
BATCH_1331,0.97815955,0.6618625,500.0082,1.0,0.6442879999741451,500.0
BATCH_1332,0.8377229,0.59331363,353.32922,0.8324728391762993,0.6554392786490097,353.36691621414576
BATCH_1333,0.90679866,0.44577608,385.11124,0.9484401465300488,0.4624967498592673,415.3544533472141
BATCH_1334,0.9207985,0.5395977,499.9969,0.9463806813687904,0.5701677020648926,500.0
BATCH_1335,0.77913326,0.34496468,502.8684,0.7460070855227228,0.3,500.0
BATCH_1336,0.91465205,0.7476347,399.0999,0.8980118802182618,0.7026676460271262,399.04737263714895
BATCH_1337,0.8637641,0.51839095,493.69403,0.879369528445368,0.5305213639121448,493.68731657983767
BATCH_1338,0.704371,0.4347235,500.04993,0.7083632540956637,0.4530174625058094,500.0
BATCH_1339,0.8054099,0.6437028,352.09885,0.8077501152492639,0.7034819573864981,352.1073303384675
BATCH_1340,0.7782613,0.4748931,500.00314,0.7842601093754221,0.5204315910550118,500.0
BATCH_1341,0.78135514,0.40638307,499.98975,0.7871272772068312,0.4022365307108533,500.0
BATCH_1342,0.99325925,0.6479181,415.46875,1.0,0.6310350448332159,415.37964192472657
BATCH_1343,0.88572603,0.49510798,323.38995,0.9070294738709158,0.5284239912476809,323.3865529421053
BATCH_1344,0.7845152,0.3292555,500.06366,0.8001844873698634,0.3,500.0
BATCH_1345,0.88025194,0.60343397,455.38058,0.8419951792605067,0.6793001775110976,496.9456403874464
BATCH_1346,0.8109392,0.5788943,279.63562,0.7684997232649349,0.5631308204995712,279.5647773018577
BATCH_1347,0.8431506,0.566244,303.5094,0.8671167026758093,0.6028002465519777,303.32713303838847
BATCH_1348,0.80385,0.35175326,453.61603,0.8030236424213719,0.3732677566300943,453.53654321205295
BATCH_1349,0.6985426,0.3676253,500.00986,0.6861672070594725,0.3842045585855055,500.0
BATCH_1350,0.76331735,0.2952852,452.6409,0.7103551074819002,0.3,479.9299709435118
BATCH_1351,0.77096266,0.3638474,499.9678,0.7190645177182425,0.3267784125629412,500.0
BATCH_1352,0.9280123,0.6934487,481.94022,0.939875658306346,0.712059447785337,481.9422223513593
BATCH_1353,0.9180639,0.54332364,499.81137,0.9314529029313808,0.5437245980065819,500.0
BATCH_1354,0.7556181,0.3295774,356.71524,0.7371994352379762,0.327023346515263,356.7324768723828
BATCH_1355,0.7738408,0.3158509,443.2676,0.7096792274510946,0.3,443.4201205104475
BATCH_1356,0.9977537,0.7422794,493.86298,1.0,0.7483620217961323,493.8767112739301
BATCH_1357,0.6976078,0.30816075,499.98062,0.6995107704985488,0.3,500.0
BATCH_1358,0.694032,0.3671107,500.03683,0.668264345435834,0.3909736108964541,500.0
BATCH_1359,0.8082635,0.41606152,500.03912,0.8230161960085383,0.4097650344252583,500.0
BATCH_1360,0.96799695,0.584811,500.06497,0.9846877502087886,0.571334178054738,500.0
BATCH_1361,0.73361117,0.41734347,329.08942,0.7430092591725543,0.3474644448271553,329.20810379768136
BATCH_1362,0.86091214,0.5012591,499.91006,0.8740479197297621,0.4516497715497497,500.0
BATCH_1363,0.69627553,0.3061296,499.97195,0.6856571064126316,0.3,500.0
BATCH_1364,0.8861244,0.53841734,500.79675,0.9285186701567256,0.5121254938574116,500.0
BATCH_1365,0.67751074,0.36267048,500.0514,0.6680479863936619,0.4145044250683908,500.0
BATCH_1366,0.7528993,0.32226267,494.6836,0.7584896495331362,0.3,494.77733918817296
BATCH_1367,0.83990127,0.36740604,426.36118,0.8081258580551076,0.3673240138309533,426.3611789271037
BATCH_1368,0.6076048,0.2948439,399.4123,0.5825745340280313,0.3,399.389121426426
BATCH_1369,0.80931205,0.6074027,483.0559,0.7919074538485112,0.5894435012183228,483.0511131681968
BATCH_1370,0.89457935,0.41249725,415.22443,0.8815562846089989,0.4142592959803848,425.3381385679712
BATCH_1371,0.78194135,0.46919394,423.97324,0.8053094427375992,0.4354347861390567,423.9357808758276
BATCH_1372,0.84728193,0.45644125,352.1398,0.8209928702109839,0.473731700689627,352.0731566658077
BATCH_1373,0.7112701,0.37296987,500.0482,0.6928471742304559,0.4158095617000971,500.0
BATCH_1374,0.79462343,0.5078422,447.93387,0.8234358694100593,0.4413576701630034,447.89907949118606
BATCH_1375,0.85471976,0.3601272,499.98422,0.8291119236527914,0.3385922726154374,500.0
BATCH_1376,0.78492475,0.45906302,499.93118,0.7706443277803032,0.4439222134532436,500.0
BATCH_1377,0.8078261,0.41829744,320.90833,0.8295367575009146,0.3838452921992973,320.8265208261284
BATCH_1378,0.6669928,0.31402507,458.41754,0.637591749408366,0.3,480.18050713667736
BATCH_1379,0.9412446,0.6203466,370.0857,0.9815233167105046,0.6111425754169111,370.094577322564
BATCH_1380,0.84129775,0.6205196,328.63354,0.8544684531802067,0.6963801501153639,328.5581128333354
BATCH_1381,0.7333118,0.3603333,414.13617,0.7205007010276165,0.4147545264943519,386.5947580949906
BATCH_1382,0.8458283,0.3422996,413.07043,0.8920386983754153,0.3265866764671921,413.0856787551489
BATCH_1383,0.8092318,0.5887099,315.6334,0.8083615927293909,0.6135235696723504,315.62756470559015
BATCH_1384,0.7752565,0.33540964,451.41226,0.8100124413061808,0.3779111855933041,469.2325638082147
BATCH_1385,0.81595635,0.50734967,496.57645,0.8100514650308788,0.4984969378359576,496.6017172741697
BATCH_1386,0.8303878,0.38895324,381.95255,0.8784547038999874,0.3704709689098716,381.9995267344532
BATCH_1387,0.6355674,0.30783823,499.972,0.6599470556449539,0.3,500.0
BATCH_1388,0.77022606,0.30365968,379.2679,0.7677007744141027,0.3,379.25434327351
BATCH_1389,0.74874765,0.38667884,499.94827,0.7455015870434838,0.4001721612320978,500.0
BATCH_1390,0.81312704,0.5244832,335.8735,0.8212641319521712,0.4826858731493579,335.8191117182216
BATCH_1391,0.74144524,0.4827044,453.26083,0.7221520493999336,0.4737063140036139,453.25130889669794
BATCH_1392,0.74344385,0.40900278,499.97998,0.7606185471052527,0.3873900915590488,500.0
BATCH_1393,0.77476776,0.3642185,462.5758,0.7799820094928207,0.3771604332736167,462.5129405742588
BATCH_1394,0.77147347,0.43631265,484.57578,0.7550111143457778,0.5299826837656304,500.0
BATCH_1395,0.9356918,0.6315565,439.43472,0.956216750019808,0.5586993300990349,489.75284369828034
BATCH_1396,0.9332073,0.7532464,368.21283,0.9058486321813676,0.759450483227917,368.1434973836039
BATCH_1397,0.78668606,0.54985106,500.0089,0.7610912169327334,0.58855688537481,500.0
BATCH_1398,0.77843904,0.36023062,400.47086,0.8053671088910033,0.4350812758905217,400.52581864603735
BATCH_1399,0.8512034,0.43975785,499.99637,0.8320430103265539,0.425522374280751,500.0
BATCH_1400,0.7259556,0.43381512,214.93326,0.6953080561433634,0.4366985096152097,214.9526613281924
BATCH_1401,0.65157294,0.30147642,500.0148,0.6533618089543611,0.3,500.0
BATCH_1402,0.7919615,0.55466753,500.01825,0.8110784562316916,0.5631298885470973,500.0
BATCH_1403,0.9482699,0.57733643,372.87326,0.9581177386154563,0.5825080630977071,373.1044885306089
BATCH_1404,0.8826837,0.53895396,448.66876,0.9077050491718636,0.5537839014931029,448.6482505518488
BATCH_1405,0.7169057,0.3570658,500.04758,0.7183108838629289,0.3,500.0
BATCH_1406,0.90426326,0.51763654,499.98056,0.8672995143936639,0.530107591618995,500.0
BATCH_1407,0.9853286,0.7316183,500.05383,1.0,0.752927356673717,500.0
BATCH_1408,0.8768818,0.52019745,326.33243,0.866660435932143,0.5202508818534365,326.322891338987
BATCH_1409,0.7599702,0.30529115,445.12198,0.7481736117934379,0.3037120222603489,445.105617189746
BATCH_1410,0.77426815,0.44762754,454.94623,0.797474698228704,0.4240062181593325,454.9438126999808
BATCH_1411,0.7871142,0.52086437,297.68045,0.7877904416557799,0.4918522516119127,297.66056864988667
BATCH_1412,0.63854265,0.3016682,383.9244,0.6543685805912015,0.3,372.2050112899876
BATCH_1413,0.8051266,0.56929994,358.33588,0.8609127990274349,0.5584954283875355,358.35035816631165
BATCH_1414,0.8983302,0.65057176,419.34122,0.8981423453294615,0.638818341772215,391.6957598151724
BATCH_1415,0.9580133,0.524478,494.2649,0.9698113256928332,0.5324243355619613,494.3134701879102
BATCH_1416,0.74562114,0.4720167,325.96176,0.725184501526334,0.4955492284860356,326.00925669999367
BATCH_1417,0.82720035,0.6060455,341.39896,0.8171346690831621,0.6039693464539024,341.2329960941816
BATCH_1418,0.7350772,0.31324312,338.70517,0.7598531783708669,0.3,338.67581309268564
BATCH_1419,0.862371,0.37876746,410.3785,0.8704520200249308,0.3484716702333029,377.002793302966
BATCH_1420,0.8506698,0.5878029,376.18253,0.8585121292317777,0.5761327884987265,376.1151681957416
BATCH_1421,0.95177406,0.6646199,450.21115,0.964002027314774,0.664170156985256,450.1829169574393
BATCH_1422,0.69127125,0.39296535,500.04944,0.6695996077719177,0.4032505626166911,500.0
BATCH_1423,0.6599993,0.32157025,335.2604,0.6092785097770578,0.3,320.00285316496974
BATCH_1424,0.95970154,0.5764226,500.0538,0.9577207264089884,0.5401841082569163,500.0
BATCH_1425,0.9573472,0.5645803,481.7041,0.9102387596222355,0.6081874382834629,500.0
BATCH_1426,0.63067544,0.30448446,499.96326,0.6474172195305217,0.3,500.0
BATCH_1427,0.9190885,0.54686815,424.2502,0.9013763794864604,0.5883957200804312,424.22022659307095
BATCH_1428,0.82455367,0.46426943,499.9281,0.8205279411853458,0.4698387780458917,500.0
BATCH_1429,0.9284198,0.51822174,499.92023,0.9077308923795951,0.5459864355269014,500.0
BATCH_1430,0.8565746,0.5506414,459.61157,0.863276357082304,0.5592477891214682,459.4493108174604
BATCH_1431,0.98723763,0.84134245,447.77258,1.0,0.9323698578573864,435.2359707185955
BATCH_1432,0.7749977,0.41772017,499.97577,0.8044204956090034,0.4369184804793687,500.0
BATCH_1433,0.94916093,0.65871286,340.04065,0.962674471126122,0.6918507054116153,307.11641394394013
BATCH_1434,0.75154316,0.5450561,438.00595,0.7610195296336179,0.5999328452481886,437.9648622449188
BATCH_1435,0.70928437,0.45033354,499.99847,0.716617365949358,0.4594492085251682,500.0
BATCH_1436,0.73322576,0.41900548,284.63574,0.7331288596557716,0.4289424797269197,284.66694740199245
BATCH_1437,0.8327527,0.36923888,499.81085,0.8582654561591709,0.3272377274206421,500.0
BATCH_1438,0.96834576,0.84995556,374.33792,0.9961019555276476,0.8269487525664648,374.4177666637533
BATCH_1439,0.8620066,0.51515925,499.93253,0.8852153611176,0.5054776274192213,500.0
BATCH_1440,0.8919458,0.41519535,452.9036,0.9133459872119116,0.4378643012566143,470.6578475617279
BATCH_1441,0.75228626,0.5065981,295.87445,0.7854487148160197,0.4835267331028939,295.875236940344
BATCH_1442,0.88373613,0.5150179,264.3701,0.8812899031499178,0.5145450681111958,264.26071627415195
BATCH_1443,0.7859785,0.5148248,499.9901,0.7683972516155634,0.5395257776029634,500.0
BATCH_1444,0.96712786,0.72148776,456.4915,1.0,0.7489577713928557,456.500980012287
BATCH_1445,0.797939,0.51269716,421.37723,0.7729821744358777,0.5120277525315249,421.3651931818356
BATCH_1446,0.8892201,0.5571006,482.80725,0.8778967512480761,0.5516511875140055,482.71589940518135
BATCH_1447,0.93641853,0.48996106,500.03445,0.9198850377311169,0.4704983288547724,500.0
BATCH_1448,0.94155765,0.4765604,500.0123,0.9538795984096984,0.4727969730289346,500.0
BATCH_1449,0.8639618,0.4443569,267.90717,0.8517616939355498,0.4400108626663108,223.41032293817565
BATCH_1450,0.7979562,0.44202855,391.18457,0.8126119280914905,0.4364137026874407,401.9984553941748
BATCH_1451,0.9675889,0.7203947,430.4047,1.0,0.6614378767223988,430.5085916849964
BATCH_1452,0.9832817,0.6397849,440.4043,0.9902507118813956,0.636951307164684,440.4504190228705
BATCH_1453,0.8752366,0.5217922,440.50702,0.9571056467732094,0.5189894847939467,423.0779104832649
BATCH_1454,0.7274978,0.42445275,499.99255,0.731740968388428,0.3534024530083486,500.0
BATCH_1455,0.87236214,0.50685376,460.4718,0.8500005356858944,0.5441489926814763,460.4797183109908
BATCH_1456,0.93919075,0.5905071,451.1451,0.9572345232176528,0.6461720124554952,450.9514190896376
BATCH_1457,0.91681325,0.5640749,464.70328,0.9229130591128484,0.5651633277303523,464.79699810897625
BATCH_1458,0.71419245,0.39963457,499.92032,0.7420207522754694,0.3635790955134783,500.0
BATCH_1459,0.8030191,0.35198423,500.06387,0.8077942754272032,0.3071575771467321,500.0
BATCH_1460,0.72498596,0.38033372,476.0056,0.7441435634822382,0.4291281962885573,487.4850895687653
BATCH_1461,0.7649006,0.41533995,337.86874,0.7533030465193724,0.4449417515240478,337.83918152719605
BATCH_1462,0.85572517,0.69043154,432.07413,0.8459097043534913,0.6883328707348337,432.1926589775829
BATCH_1463,0.8634804,0.5000445,415.87827,0.8305470006553022,0.5368579147709828,415.9090567718106
BATCH_1464,0.8389384,0.38363886,343.09738,0.8413922136252888,0.3747381187209048,334.195381905184
BATCH_1465,0.8126649,0.5979338,434.87842,0.8330396460781522,0.5686075083397623,452.7599131603597
BATCH_1466,0.89890033,0.4255695,499.95816,0.9519173484733052,0.4161892960728111,500.0
BATCH_1467,0.7106694,0.34314469,499.97296,0.7217540567520594,0.32212222365241,500.0
BATCH_1468,0.8912606,0.4628009,500.00906,0.8500274554829217,0.4430725371408742,500.0
BATCH_1469,0.9125398,0.5142688,365.94165,0.9084311817574916,0.4807804834458712,365.8980122309984
BATCH_1470,0.7473274,0.30989176,499.99875,0.745301404343997,0.3,499.99890737748257
BATCH_1471,0.96663797,0.6344815,419.7136,0.9370679807670816,0.6371379412523245,419.6957790403937
BATCH_1472,0.99325925,0.6923196,459.1272,0.9992470251405166,0.6776448597101214,451.2286554477078
BATCH_1473,0.7597009,0.39630425,489.00974,0.7468907795834759,0.3443626721107752,500.0
BATCH_1474,0.9220457,0.74821126,407.23172,0.9207620679041788,0.7459882630672371,372.20335528390217
BATCH_1475,0.8809785,0.51303476,499.89017,0.895636540904745,0.4811569862636432,500.0
BATCH_1476,0.94538194,0.64466774,500.07587,0.9450305165167916,0.6569174474242583,500.0
BATCH_1477,0.82422787,0.3722931,462.8909,0.8528358067621447,0.3283348229800588,462.8160879203672
BATCH_1478,0.81203866,0.34170425,500.03766,0.797618083764371,0.4147750328785018,500.0
BATCH_1479,0.8520235,0.5217285,401.12018,0.8155136827389589,0.5670790073630378,401.24334521901886
BATCH_1480,0.76156163,0.3072938,499.9037,0.7805772687928235,0.3,500.0
BATCH_1481,0.73490566,0.4541362,350.7437,0.7371427663291461,0.3910682628062658,350.73564763878755
BATCH_1482,0.8014023,0.42810693,405.49295,0.851303717510536,0.4001295760404405,405.59841169184057
BATCH_1483,0.75150794,0.5174296,494.94202,0.739594293326695,0.5322583151926885,500.0
BATCH_1484,0.71534973,0.35484812,464.71146,0.7180480066775305,0.3088477667405319,464.51510590031614
BATCH_1485,0.77950335,0.3859695,499.99026,0.7905075699594921,0.3816221503084338,500.0
BATCH_1486,0.8519659,0.5964951,351.81537,0.8355378004485355,0.6659960551805131,351.89755203583275
BATCH_1487,0.7216446,0.2979936,474.38556,0.6431636776266201,0.3,500.0
BATCH_1488,0.732939,0.34711155,403.80908,0.695719426928949,0.3104970377020055,403.7516717229369
BATCH_1489,0.67660236,0.29967546,499.94632,0.7007968826768912,0.3,500.0
BATCH_1490,0.7622921,0.45258123,219.333,0.7449024215266197,0.4428813865128143,219.3971158550177
BATCH_1491,0.7768488,0.4271914,493.69485,0.840269156175754,0.4069338519199313,500.0
BATCH_1492,0.86974865,0.6496218,499.81293,0.8534479152542933,0.6800877883676246,500.0
BATCH_1493,0.8464236,0.67546093,488.47137,0.8541672168653887,0.6696078161083818,488.5160769125464
BATCH_1494,0.94200516,0.6197205,499.99158,0.9706942082476788,0.6382127837555656,500.0
BATCH_1495,0.9306384,0.55821,299.0027,0.945091756606945,0.5911710787167609,299.0129440313172
BATCH_1496,0.93413883,0.5732677,490.65854,0.9552199255879196,0.602426405827703,490.635279466402
BATCH_1497,0.7876318,0.4606171,500.49448,0.840646491871353,0.4598339330108923,500.0
BATCH_1498,0.78601,0.4101406,341.74796,0.808215680219282,0.413013366736828,341.7463720376591
BATCH_1499,0.92136425,0.50347775,500.01987,0.9268347501638056,0.4919362977800731,500.0
BATCH_1500,0.7292681,0.34119317,448.64014,0.754991138696183,0.3579770359545628,448.66081979723725
BATCH_1501,0.9355895,0.7367542,463.39502,0.9435429589705224,0.7216445065684199,463.4073004603261
BATCH_1502,0.85892504,0.69212896,406.29462,0.8435135572660475,0.748520214497725,399.0069750077514
BATCH_1503,0.65656924,0.30574462,289.32452,0.6551526668757769,0.3,289.28920851059274
BATCH_1504,0.8934161,0.680124,481.03796,0.9004123841748503,0.6626684539101007,481.0805037625252
BATCH_1505,0.8737339,0.6024203,479.9792,0.8718884911950814,0.5798607156837186,479.9082570830726
BATCH_1506,0.9599646,0.700702,499.95972,0.991308400335148,0.7295530811329798,500.0
BATCH_1507,0.8603254,0.51423603,351.61417,0.8845194200676779,0.5242594997170905,351.47499928255246
BATCH_1508,0.95286715,0.6660711,486.439,0.9551415240156086,0.7048050282874131,486.42028180110685
BATCH_1509,0.78322697,0.3092464,458.01157,0.7957364035996973,0.3,458.0709389881658
BATCH_1510,0.96682245,0.59002554,435.19067,0.9420398517168722,0.6811989226991105,417.8267770833665
BATCH_1511,0.748412,0.3061059,500.0277,0.7443286616470435,0.3,500.0
BATCH_1512,0.9282288,0.58995426,495.71268,0.9516214140152875,0.6494634213586757,500.0
BATCH_1513,0.7335937,0.4532864,484.26987,0.683181604183904,0.4356776874993116,484.2727156064085
BATCH_1514,0.95452166,0.8308937,442.24457,0.9488909468680118,0.8409522146726943,442.2885225722642
BATCH_1515,0.7279566,0.43137696,499.98022,0.6915184405082923,0.4613510878767931,500.0
BATCH_1516,0.78237903,0.31789145,451.48016,0.808625597007942,0.3,451.5570567674277
BATCH_1517,0.7955348,0.30580094,499.81522,0.7943851034361732,0.3,500.0
BATCH_1518,0.7995716,0.48653764,347.57663,0.7879639571894558,0.5983057502860918,297.34839978281053
BATCH_1519,0.90914226,0.36194292,387.84708,0.9301908528147392,0.3086393480679356,387.8391483371432
BATCH_1520,0.61489475,0.2919621,437.0801,0.6031053696405742,0.3,437.0427866598188
BATCH_1521,0.93077713,0.4466963,499.1911,0.953318754209792,0.412949165596074,499.14805036617184
BATCH_1522,0.76171046,0.39085504,469.00656,0.7625897295784697,0.3779674007573131,469.030912509238
BATCH_1523,0.7148916,0.45942453,379.42368,0.6980043519300746,0.4936226871973894,379.3978091523544
BATCH_1524,0.7534583,0.3245803,375.44937,0.7404150806152624,0.3220853548907358,375.4275713382373
BATCH_1525,0.7550419,0.42875454,275.03546,0.7836520019042585,0.3966999267849759,275.0316901078652
BATCH_1526,0.899425,0.6544632,499.98285,0.9408733887999796,0.6580482368699354,500.0
BATCH_1527,0.87566775,0.6694003,399.91727,0.9081385075005164,0.7229259261138231,399.978049927979
BATCH_1528,0.91956115,0.56582797,500.00922,0.9131338417934208,0.5073187500785219,500.0
BATCH_1529,0.77629423,0.43414387,365.85312,0.7748660003743227,0.4071111121869162,365.8445428773752
BATCH_1530,0.76523614,0.4402851,367.2887,0.7875088638954725,0.5177907545797225,378.5023687528882
BATCH_1531,0.9588999,0.80987406,364.74014,0.9660230840883104,0.868679586943522,364.6619424612121
BATCH_1532,0.73588926,0.31140342,450.9492,0.7533221911229249,0.3,473.636249463854
BATCH_1533,0.6715037,0.31923723,488.92752,0.6749834224390153,0.3,488.9131022337136
BATCH_1534,0.7675679,0.46345443,375.0772,0.7579089138978014,0.5089529186914237,374.97913549333816
BATCH_1535,0.7552912,0.5189321,340.05698,0.7090157252593715,0.5550479302914945,340.0626099183678
BATCH_1536,0.7373632,0.43887016,337.4343,0.7486981275295735,0.4673516448210977,337.3222556390176
BATCH_1537,0.7269181,0.31057122,498.79828,0.6887745879487386,0.3,500.0
BATCH_1538,0.72640246,0.44372678,447.15292,0.696871269582777,0.4408658260588506,447.087857387134
BATCH_1539,0.76525366,0.40480465,376.8557,0.7166742827329633,0.4052604180322013,376.9649336866868
BATCH_1540,0.8933298,0.5337153,306.60928,0.8875326905122584,0.5318945489041104,306.70500027018
BATCH_1541,0.78315425,0.50154024,468.10736,0.8202559864201505,0.5826148290934795,487.8484153172668
BATCH_1542,0.6917383,0.2913552,499.99313,0.6961462482282774,0.3,500.0
BATCH_1543,0.70727015,0.39414147,501.8615,0.7136386215520478,0.3312610572071973,500.0
BATCH_1544,0.9713041,0.64293724,483.693,0.9849466773749675,0.6879199647833301,500.0
BATCH_1545,0.8308445,0.5038667,200.68199,0.8536031697017206,0.5235196257563536,200.58297647641143
BATCH_1546,0.93798345,0.51224756,399.64886,0.9036601717554544,0.5792916391097183,386.4382843545032
BATCH_1547,0.92776424,0.65743405,321.50204,0.9264541071182734,0.6947590624829637,321.4876880311015
BATCH_1548,0.7422663,0.48338565,378.55295,0.7646045836541473,0.4498289127822698,378.5706982936941
BATCH_1549,0.9521523,0.62403685,444.47507,0.9677194840103518,0.6298868542359488,444.5686954128206
BATCH_1550,0.99673647,0.73495436,483.44644,1.0,0.7275555145201851,500.0
BATCH_1551,0.8158113,0.3801847,380.93933,0.7918872682476586,0.3258908229442312,369.3203395558317
BATCH_1552,0.7909268,0.3496573,500.02783,0.7834275726882053,0.3484945346715207,500.0
BATCH_1553,0.79179835,0.39538386,499.94876,0.8009512469623228,0.4534993057816949,500.0
BATCH_1554,0.6213729,0.3069538,483.51428,0.6277610119785242,0.3,483.5390908426486
BATCH_1555,0.76204765,0.4304736,489.29556,0.753679360438881,0.4357264327260405,489.32585671338353
BATCH_1556,0.8381092,0.45522526,293.62988,0.8563583856668084,0.4842071897067741,287.95547411267614
BATCH_1557,0.6958124,0.31012836,500.0305,0.678736421504063,0.3046949871664208,500.0
BATCH_1558,0.9215862,0.497671,360.2017,0.952542159700176,0.4861081108116704,360.2805824910041
BATCH_1559,0.8472445,0.3630061,499.94073,0.856774477547836,0.3542203228639202,500.0
BATCH_1560,0.82849926,0.5335642,399.26324,0.8370142865492006,0.553712943416473,399.2596192051586
BATCH_1561,0.76832026,0.49983576,500.01425,0.7534519267808937,0.4484357661099898,500.0
BATCH_1562,0.8217894,0.36576602,302.81052,0.7209237702007549,0.3,276.64800849845346
BATCH_1563,0.87246686,0.6127553,409.91168,0.8810057843309042,0.6546223085016136,423.1067384496917
BATCH_1564,0.81504464,0.32015675,500.0133,0.8130113858466879,0.3347843354037857,500.0
BATCH_1565,0.88411194,0.6518141,450.51218,0.881880036822783,0.6515769140401138,450.5781072815208
BATCH_1566,0.8348862,0.42279214,499.66318,0.8295536673166388,0.4339052683573532,500.0
BATCH_1567,0.7698173,0.42761734,459.9958,0.7396181818458335,0.4894996420006314,464.87537074564113
BATCH_1568,0.79561794,0.39357147,501.7993,0.7304886451639545,0.3722988697203382,500.0
BATCH_1569,0.7785595,0.4770691,500.0057,0.7647906285578357,0.4575170014813904,500.0
BATCH_1570,0.6689085,0.2915503,499.958,0.6825268386024638,0.3,500.0
BATCH_1571,0.8439892,0.66242206,337.44165,0.8097628943061049,0.7013085123328999,337.35751116342544
BATCH_1572,0.8347616,0.3929096,499.99762,0.8230330765223108,0.403679510458689,500.0
BATCH_1573,0.951321,0.65319484,501.794,0.9607011782121776,0.6767037484604868,500.0
BATCH_1574,0.792211,0.52194476,461.69443,0.8179859086044199,0.5027760149269266,461.6918269999358
BATCH_1575,0.7432336,0.49547264,239.92639,0.7392677885845567,0.4983605536100897,239.91858433743656
BATCH_1576,0.61334866,0.31489715,415.69626,0.5913663025423284,0.3,415.5904381468257
BATCH_1577,0.76693064,0.3164059,499.99036,0.7849306213353048,0.3,500.0
BATCH_1578,0.786232,0.38937324,500.00836,0.7805128073364128,0.3700275194326773,500.0
BATCH_1579,0.75693494,0.4121172,482.28513,0.7658682100070062,0.3700757796858662,482.18464146792826
BATCH_1580,0.89846313,0.7322905,381.71265,0.9113894558793648,0.804123668298177,381.81032088950633
BATCH_1581,0.9450341,0.73651403,481.97632,0.9710630974586476,0.7757741511080894,482.1039705822459
BATCH_1582,0.77851117,0.41386467,476.1236,0.7681952303798653,0.4584096559090775,476.1119569121462
BATCH_1583,0.7982691,0.43636844,499.96594,0.7956669884403362,0.3939501723524162,500.0
BATCH_1584,0.9382583,0.53348523,493.9448,0.9717777321054136,0.5379779594818053,493.9707026325561
BATCH_1585,0.76304334,0.46905115,312.20767,0.7761427707195759,0.4474782062946933,312.16839718211514
BATCH_1586,0.8635646,0.47710097,428.97028,0.8706613959191207,0.4559831508982737,428.8890199020356
BATCH_1587,0.86074156,0.557075,490.87225,0.8432883830662583,0.5392470038053345,490.7751079185009
BATCH_1588,0.6868508,0.33777967,499.97003,0.6777814748023532,0.3104757451747595,500.0
BATCH_1589,0.73347515,0.2995698,418.27045,0.7332421077635578,0.3,418.2384697762091
BATCH_1590,0.9517377,0.70237106,456.60117,0.9452525451937324,0.7438710185843496,456.5326398426437
BATCH_1591,0.77347356,0.30667132,494.14703,0.7171355242740995,0.3,494.1764329375987
BATCH_1592,0.7830596,0.5753653,402.76126,0.807755507678713,0.6710793709267505,364.571150226469
BATCH_1593,0.6668092,0.36730713,500.60953,0.6877029319786206,0.3,500.0
BATCH_1594,0.81405306,0.44569144,401.51685,0.7701002131423919,0.4917154280850354,401.5937858966684
BATCH_1595,0.8581258,0.5240273,499.98813,0.8358661360211839,0.5773182137254896,500.0
BATCH_1596,0.74250436,0.45109722,325.41693,0.7737187769383039,0.3932727101692391,325.35244934201205
BATCH_1597,0.7169239,0.4404193,411.30817,0.770585600065723,0.4627752283872132,411.3069611778761
BATCH_1598,0.6300069,0.32325146,499.97943,0.6323002154280711,0.3003693784838658,500.0
BATCH_1599,0.87999994,0.4434822,499.93002,0.8630337313233766,0.4392386240236541,500.0
BATCH_1600,0.70001763,0.377307,358.57724,0.6846781635953861,0.3209171095972521,342.6026781407759
BATCH_1601,0.84984833,0.55403227,367.5652,0.8755448437958422,0.5376670373993245,367.6129736239204
BATCH_1602,0.75868917,0.5316643,303.51337,0.7642507728214182,0.5848678965545224,303.51402927988937
BATCH_1603,0.75447583,0.4253391,499.90784,0.7460772579583638,0.4167361454062698,500.0
BATCH_1604,0.8101297,0.6305857,247.04251,0.8108108014748722,0.6579097074236427,247.12565173541972
BATCH_1605,0.7914819,0.38817412,442.5305,0.768586433205588,0.3732263718660866,461.85292704563386
BATCH_1606,0.6773275,0.36259532,499.93588,0.6718914165088801,0.3366687583780052,500.0
BATCH_1607,0.7254959,0.29355398,499.97394,0.7620725878395926,0.3,500.0
BATCH_1608,0.84674746,0.627064,459.7915,0.8635095232371759,0.5871211150517605,498.1220574431707
BATCH_1609,0.90139353,0.61790085,480.75238,0.9131578147766332,0.6356268500747034,497.8826345399461
BATCH_1610,0.9851687,0.6362577,388.99045,0.9846945274318992,0.6574388172928669,379.1713602207736
BATCH_1611,0.7469892,0.32699674,430.6289,0.7048669465397627,0.3,430.6743936919934
BATCH_1612,0.71979815,0.30577692,498.93762,0.7162516503584374,0.3,500.0
BATCH_1613,0.88912594,0.6752977,427.18396,0.887192431194427,0.6882934379389445,427.2287155576328
BATCH_1614,0.7800159,0.4728477,362.4073,0.7730561400427205,0.4833131546641754,362.3833022910556
BATCH_1615,0.8013285,0.32464343,486.98148,0.8575858500164317,0.3102767769373729,440.09176824327625
BATCH_1616,0.861433,0.35199064,500.03568,0.8625876499298203,0.3115223911047947,500.0
BATCH_1617,0.946164,0.6794917,499.946,0.9432998636834612,0.6782336015073755,500.0
BATCH_1618,0.8861235,0.5194315,502.64304,0.8619185783653963,0.6049007620222918,500.0
BATCH_1619,0.8423103,0.42216277,333.129,0.8536070084200501,0.4298940550601434,333.0635260125896
BATCH_1620,0.95133865,0.73568064,443.1501,0.9771611125392092,0.7073487004327871,443.2030153932221
BATCH_1621,0.59913534,0.31030563,471.66876,0.556346796310661,0.3,469.00105997191474
BATCH_1622,0.727158,0.304365,431.59393,0.7452120865858073,0.3,431.5653130459445
BATCH_1623,0.9319875,0.60366327,498.1682,0.9568066731692048,0.5877894285630393,500.0
BATCH_1624,0.77890366,0.56610405,308.8264,0.8564466694886717,0.630007444573992,311.1838551916778
BATCH_1625,0.7146204,0.2933699,499.7954,0.7290411839667631,0.3,500.0
BATCH_1626,0.6579893,0.3443262,401.8346,0.669275876018006,0.3,401.8436403340188
BATCH_1627,0.8945601,0.5894369,498.99997,0.9138374292300908,0.611897181970898,499.0603719736849
BATCH_1628,0.7451781,0.4360619,499.96085,0.734742749417735,0.4157674886302952,500.0
BATCH_1629,0.92512697,0.6621331,424.859,0.9403059572769144,0.6449974600650022,424.8873853553772
BATCH_1630,0.9149417,0.55894333,500.0433,0.9294931779363952,0.5677082068747153,500.0
BATCH_1631,0.66208977,0.30763003,439.94113,0.6350053319568196,0.3,439.96964925258686
BATCH_1632,0.94990075,0.6347694,365.4195,0.93885607757905,0.6460031722897747,365.44896982032645
BATCH_1633,0.9252155,0.5382643,457.85837,0.945561866454352,0.5671071390712826,457.9426036903383
BATCH_1634,0.8473664,0.3792634,355.58667,0.8354223483444226,0.3855903831916654,355.54278280537454
BATCH_1635,0.8605545,0.66110516,273.42697,0.8409219723021303,0.6444425103450643,273.4492369302011
BATCH_1636,0.90624464,0.66202855,499.9673,0.8793829529687184,0.6532695679347391,500.0
BATCH_1637,0.61090374,0.2943558,445.58603,0.6123321805453107,0.3,445.59192525933497
BATCH_1638,0.98379403,0.56757724,267.75873,1.0,0.5755001822735669,267.7776361875879
BATCH_1639,0.87364495,0.45530692,259.58362,0.8609306456800029,0.4775748102048,259.6031067075768
BATCH_1640,0.7889351,0.3330471,416.7925,0.7670303520787308,0.3336851940206699,442.0557435393642
BATCH_1641,0.9158589,0.49759373,500.0645,0.9403923577988242,0.4883384521628302,500.0
BATCH_1642,0.85950834,0.5082912,364.72516,0.8507070053654825,0.4866987733166835,364.5301448822737
BATCH_1643,0.8139575,0.437699,413.26398,0.8322993060556669,0.4356990905757913,413.3057177055122
BATCH_1644,0.7946031,0.59942794,466.5917,0.7835873967213927,0.575131503752904,466.6736395933612
BATCH_1645,0.9017314,0.49584058,365.9478,0.9168693159116484,0.4716805799736892,365.83632574041127
BATCH_1646,0.8119919,0.6330563,356.03888,0.8323144592993829,0.6559111825701017,310.401076907909
BATCH_1647,0.7670506,0.3197026,473.38705,0.8051370608423731,0.3,500.0
BATCH_1648,0.8844772,0.4780951,499.81693,0.9043411407911272,0.4906149737362276,500.0
BATCH_1649,0.96691,0.6604287,500.0834,1.0,0.6798166737087774,500.0
BATCH_1650,0.69163084,0.40993506,472.76257,0.6947850464377635,0.412497678430253,472.7902342474764
BATCH_1651,0.78304857,0.47154552,423.267,0.7869692197172602,0.4730733348612819,423.3001895404661
BATCH_1652,0.9398359,0.77833474,375.9387,0.9462371948031528,0.7952287750423098,366.0173710950991
BATCH_1653,0.7081984,0.33752,422.48206,0.7016635887175594,0.3,422.4531469766693
BATCH_1654,0.7011899,0.4086517,306.7582,0.6879444998565063,0.3743455263694993,282.37455857953654
BATCH_1655,0.93551975,0.5133584,375.35056,0.9193588266620344,0.5224261621729767,375.2685788325978
BATCH_1656,0.773163,0.34222382,499.9117,0.7718492082598224,0.3508577784326063,500.0
BATCH_1657,0.78306717,0.38392887,499.992,0.8008173031460646,0.3382691186575657,500.0
BATCH_1658,0.6842345,0.32266682,494.53104,0.6473767549816557,0.3,500.0
BATCH_1659,0.8256734,0.4940597,501.6355,0.8418764705235455,0.5765830735198957,500.0
BATCH_1660,0.9507999,0.57546955,322.83005,0.9445857757392104,0.5800093363320221,322.8499368172546
BATCH_1661,0.937406,0.68599373,371.3828,0.9486933766724124,0.6717045121614434,371.3661598047907
BATCH_1662,0.78874046,0.3098933,499.95813,0.7466962951334107,0.3,500.0
BATCH_1663,0.7236873,0.31141177,377.69144,0.7016908211744535,0.3,377.6369090949736
BATCH_1664,0.8625492,0.3729077,484.5197,0.892893228303699,0.4137585104072419,500.0
BATCH_1665,0.8160752,0.32474297,492.57785,0.8221786823138127,0.3,492.462475331363
BATCH_1666,0.7970839,0.5330948,501.84982,0.7521200614525833,0.544239387946435,500.0
BATCH_1667,0.76765966,0.31220165,500.03928,0.7630064699688496,0.3,500.0
BATCH_1668,0.7644239,0.4634854,271.1697,0.7717439984613251,0.4669740057158911,271.1271576198632
BATCH_1669,0.78125846,0.31870842,499.8282,0.7912147996224015,0.3,500.0
BATCH_1670,0.6830254,0.2965284,500.0227,0.6715322844712125,0.3,500.0
BATCH_1671,0.8146555,0.3430511,366.0284,0.7962937104439011,0.3499570049478632,365.9387313245487
BATCH_1672,0.8912553,0.48078892,499.99625,0.8941968303840979,0.4527209001662512,500.0
BATCH_1673,0.9001662,0.48943046,379.6223,0.8707671017134794,0.5190531035163914,415.63443328576113
BATCH_1674,0.7840549,0.34115073,499.78882,0.8043706546504037,0.3,500.0
BATCH_1675,0.8209258,0.6440874,319.35706,0.8751704542862073,0.653748536815718,306.4113012578335
BATCH_1676,0.6688329,0.31974053,436.5202,0.6979693325323283,0.3312291808269674,436.4321179068593
BATCH_1677,0.8706587,0.5548912,443.0342,0.89129008202628,0.5494644833262625,442.9999404901295
BATCH_1678,0.765118,0.48603186,488.96878,0.7964704286264405,0.5460917446208818,489.0397215311752
BATCH_1679,0.8476584,0.49272043,301.8524,0.8414403955580416,0.4729251772406337,301.8385420472688
BATCH_1680,0.9329907,0.72348255,484.48593,0.949393732495974,0.6947188088766585,484.45121892032057
BATCH_1681,0.77997077,0.3065179,427.90964,0.7981095431949511,0.3,427.886718020556
BATCH_1682,0.7639881,0.33980626,499.96597,0.737215225187501,0.3395546793063674,500.0
BATCH_1683,0.9066245,0.50844675,365.2335,0.9045320152321228,0.53770236553372,365.1959982137637
BATCH_1684,0.8874866,0.7543679,311.0933,0.8642164999699521,0.77212137493977,311.0404858498812
BATCH_1685,0.8964314,0.40204594,499.9957,0.8880785916089445,0.3643858210992053,500.0
BATCH_1686,0.9137013,0.52454317,502.6976,0.9177350618150448,0.641875923066022,500.0
BATCH_1687,0.714667,0.31714672,499.963,0.7208082041991747,0.3,500.0
BATCH_1688,0.8717614,0.5282318,256.46545,0.8923360462548107,0.584192986677074,256.5273921228154
BATCH_1689,0.7569288,0.30269763,481.33588,0.7494572197640943,0.3,481.2946495985207
BATCH_1690,0.93381107,0.7688457,369.32867,0.9348272512410734,0.7884051863217509,369.3169080874748
BATCH_1691,0.92584413,0.6297205,456.55807,0.9293664346427428,0.7234510526178727,414.5531289609211
BATCH_1692,0.82169336,0.52483517,499.92932,0.8387295707770167,0.548777175928426,500.0
BATCH_1693,0.6393351,0.31447032,413.35446,0.5923550920453734,0.3067119597533843,413.29026055909446
BATCH_1694,0.72696507,0.32519004,500.00793,0.7184478543646144,0.3576068940466768,500.0
BATCH_1695,0.6792886,0.3297555,336.48987,0.6953285135576482,0.3,336.49043068128884
BATCH_1696,0.7635381,0.5726277,465.6236,0.7386267287986326,0.5506631007793756,481.8631976487016
BATCH_1697,0.79041976,0.5367906,480.62704,0.7758227966552816,0.5800061891343457,462.6774657284515
BATCH_1698,0.8589619,0.39546174,500.00497,0.8591992808109745,0.3999133546219571,500.0
BATCH_1699,0.76717764,0.37660298,362.41653,0.7846329226265468,0.3794215557918405,348.6538004435568
BATCH_1700,0.96198463,0.61607015,500.01553,0.9847833375601164,0.6310626781775193,500.0
BATCH_1701,0.90583444,0.6201019,489.8729,0.8823955420974097,0.6476240804111427,489.9046310152108
BATCH_1702,0.7519102,0.3613054,457.04877,0.7556450004622065,0.3477667778433486,457.0075866092192
BATCH_1703,0.87094223,0.5913763,434.17245,0.9167144812768,0.5737403750047149,434.116420568349
BATCH_1704,0.84609544,0.5522102,499.98163,0.8676279726806273,0.5476577820166456,500.0
BATCH_1705,0.8018335,0.61948955,344.54974,0.8000320154258206,0.6273717110963206,344.5255988739373
BATCH_1706,0.8772156,0.47405797,499.94992,0.8822113833311713,0.4667598616930253,500.0
BATCH_1707,0.82679033,0.5854479,349.2044,0.8594527241699512,0.5973975961909505,349.24602134057204
BATCH_1708,0.82506406,0.4270299,466.43167,0.819316925687172,0.4343172757978396,466.2825193087393
BATCH_1709,0.8361897,0.49311268,500.00278,0.8228120933321494,0.4836344246714016,500.0
BATCH_1710,0.7675158,0.4381469,197.24567,0.7617187122931173,0.367882153223415,199.0663888230428
BATCH_1711,0.72909033,0.44851628,500.0099,0.7238820936672606,0.3998622479404297,500.0
BATCH_1712,0.9063907,0.5676931,481.771,0.8575198680101118,0.5735952667497971,481.8842211691478
BATCH_1713,0.7937025,0.43411818,492.15094,0.8203238307511354,0.3429943486208515,500.0
BATCH_1714,0.77667916,0.582434,499.97455,0.7684284970921039,0.6182360761548982,500.0
BATCH_1715,0.8680984,0.38568613,477.8279,0.872078189427589,0.3947365725398292,477.81733355677136
BATCH_1716,0.7237836,0.49659,291.05115,0.7250499526157073,0.5831004242675114,291.0074628010203
BATCH_1717,0.83015007,0.42865163,413.1862,0.8281841194504427,0.4910447987215266,413.059727626942
BATCH_1718,0.9727817,0.60136074,382.8387,1.0,0.5978398565469044,382.8904230022437
BATCH_1719,0.8204632,0.554187,392.93967,0.8329865711796964,0.5981630167021956,358.92383504785346
BATCH_1720,0.7595481,0.51445305,313.66852,0.7647205660054016,0.5257609411923263,313.64094462796413
BATCH_1721,0.85833883,0.74425787,500.05746,0.8621248010546697,0.7666232020831071,500.0
BATCH_1722,0.79424787,0.49474108,500.0317,0.8220908811235762,0.4485565263405879,500.0
BATCH_1723,0.7573665,0.474253,318.52252,0.7738254288401862,0.4255327237565,318.5257723628628
BATCH_1724,0.94076097,0.62173027,416.6744,0.9313566283226452,0.6216265713819119,416.6272890861298
BATCH_1725,0.77995104,0.555424,473.3971,0.8135055343885683,0.5920443439983435,473.3865985716794
BATCH_1726,0.75212765,0.36842918,215.5952,0.7374944488069834,0.3725642866235069,215.5677352064252
BATCH_1727,0.94874245,0.5457826,309.869,1.0,0.6035132787474646,309.87242467141544
BATCH_1728,0.8528403,0.43033683,422.81296,0.8497453357192497,0.3514207282604763,409.949526567368
BATCH_1729,0.7477334,0.35607517,499.98294,0.7805814289175381,0.3,500.0
BATCH_1730,0.61205536,0.29226348,470.0574,0.5973375029120083,0.3,469.8907794866751
BATCH_1731,0.9795323,0.76444423,441.44785,0.9977404995648947,0.7379246717059871,466.539380834573
BATCH_1732,0.7941558,0.34958145,434.71457,0.7840701660467534,0.3146777822171642,434.71933697162814
BATCH_1733,0.73900497,0.38453308,499.9381,0.7389393814224684,0.3848554583354192,500.0
BATCH_1734,0.6485866,0.29973835,365.55103,0.6391140305547618,0.3,365.52943800502726
BATCH_1735,0.7898252,0.32745308,500.14548,0.7570701397406959,0.3089521208937709,500.0
BATCH_1736,0.8111404,0.46163905,493.6152,0.7817441080525372,0.4625805803281572,500.0
BATCH_1737,0.8544752,0.6325991,379.11832,0.8188820256610432,0.641749495446588,406.2562965917387
BATCH_1738,0.955284,0.79411423,400.96945,1.0,0.7994031106663814,400.8903296603719
BATCH_1739,0.79061323,0.5080512,410.24893,0.8770513955701572,0.4625024617190334,398.3473689244626
BATCH_1740,0.9145595,0.5353218,499.9961,0.9269640851180042,0.518823487409219,500.0
BATCH_1741,0.9564946,0.6046269,479.01605,0.9548921852279644,0.6583824708132248,488.8896852679963
BATCH_1742,0.9033712,0.5204203,499.99673,0.9057529959270344,0.5306873411613634,500.0
BATCH_1743,0.6303888,0.29753917,420.53186,0.6287467272742124,0.3,420.4893171013379
BATCH_1744,0.80078495,0.4917155,253.20547,0.8039249979821167,0.4662452709508884,253.17254288890456
BATCH_1745,0.6654134,0.29895106,470.5443,0.683304881875897,0.3,479.4936488017357
BATCH_1746,0.72426,0.44785962,447.5759,0.7476699164225007,0.3772905658744848,447.6265370083482
BATCH_1747,0.6366641,0.2976718,499.99753,0.6250199253744048,0.3,500.0
BATCH_1748,0.81458724,0.35840484,500.02615,0.8130583930057055,0.3933962238350018,500.0
BATCH_1749,0.7859364,0.5165944,499.9695,0.8093432414593186,0.478135646202132,500.0
BATCH_1750,0.86018157,0.6013365,420.95795,0.8184434117678334,0.6036543429201106,420.9569290378007
BATCH_1751,0.74951273,0.4189391,499.96564,0.7473170138929003,0.4369171742681857,500.0
BATCH_1752,0.80703944,0.6368286,262.4029,0.7978941113654532,0.6848351068282196,262.4529639877481
BATCH_1753,0.68145514,0.3527395,500.04388,0.6415714900729559,0.3361783107423749,500.0
BATCH_1754,0.7106948,0.296512,475.76547,0.7573655767682075,0.3,500.0
BATCH_1755,0.8334109,0.32304347,422.27264,0.8392602697312006,0.3,422.2446805696941
BATCH_1756,0.78508264,0.30045575,418.4554,0.7748986567512863,0.3,444.4486694562258
BATCH_1757,0.7628574,0.3970398,470.31735,0.7817078705374424,0.4451171843716978,470.31439785737655
BATCH_1758,0.81399864,0.5376065,460.3474,0.8401549480379022,0.5624176097809764,460.29184055431233
BATCH_1759,0.9818689,0.7538302,446.10666,1.0,0.7385519672863805,446.1778403847376
BATCH_1760,0.67472595,0.29375222,475.67267,0.6892288755281571,0.3,475.665257873204
BATCH_1761,0.90885293,0.4654904,500.0141,0.91618658097786,0.4707141548678294,500.0
BATCH_1762,0.7103517,0.37438923,499.9284,0.7093912380310795,0.3657070728629287,500.0
BATCH_1763,0.82643014,0.5284912,355.05936,0.7964631577541325,0.5531690847356054,355.0550112172174
BATCH_1764,0.63778156,0.31022045,499.9866,0.6163866535794936,0.3,500.0
BATCH_1765,0.7610924,0.4090796,489.3704,0.7261410717929659,0.3941474639641333,489.2465542163323
BATCH_1766,0.9686088,0.6424684,417.3841,1.0,0.6398000179834186,412.461828896114
BATCH_1767,0.83333933,0.52725506,331.4586,0.8345620350304243,0.5837539604311578,322.4954939242271
BATCH_1768,0.7749072,0.46403816,279.5697,0.784867343090011,0.4686310699092902,279.62843599845945
BATCH_1769,0.6249134,0.29632303,499.7083,0.6139831230589415,0.3,499.591082872098
BATCH_1770,0.7888063,0.44337407,499.74625,0.7949669148661997,0.4789744797866085,500.0
BATCH_1771,0.8718649,0.42837352,500.03336,0.906078253792258,0.430546230278026,500.0
BATCH_1772,0.85920507,0.4113787,374.98492,0.8502193702945776,0.3976729189288376,374.9496199076863
BATCH_1773,0.85351235,0.40143642,500.1191,0.8649675491430111,0.361391354488149,500.0
BATCH_1774,0.94031876,0.5932257,374.09167,0.928041302313691,0.5541431672511734,374.0935372933072
BATCH_1775,0.8685799,0.67929125,406.0399,0.8460963192340852,0.6891604105601664,405.9588785500266
BATCH_1776,0.88401,0.50830203,499.9412,0.871699781895529,0.4640650552177912,500.0
BATCH_1777,0.9479441,0.6805689,423.93835,0.9391791543943452,0.6593878752882864,423.9079905811445
BATCH_1778,0.6704437,0.3254641,500.0964,0.671719832466445,0.3,500.0
BATCH_1779,0.99043155,0.6936302,499.91223,0.9921049907117112,0.7078557385383071,500.0
BATCH_1780,0.6531909,0.36972734,426.4527,0.636952904544269,0.3742133388876351,426.4216568626398
BATCH_1781,0.8949636,0.44422972,355.7066,0.8856428497875578,0.4343613700570188,355.66363823082435
BATCH_1782,0.6698852,0.30365968,462.3684,0.6098911576628226,0.3,461.75923997675824
BATCH_1783,1.0019306,0.7953302,391.66962,1.0,0.7671095685937063,391.69680944720415
BATCH_1784,0.97327095,0.69412404,470.7417,1.0,0.777575739712438,474.0902777794423
BATCH_1785,0.6875617,0.29047132,499.98615,0.6521859309393264,0.3,500.0
BATCH_1786,0.9278243,0.57183963,404.2425,0.8979659909723952,0.5984431629701974,404.1781795228675
BATCH_1787,0.7693831,0.3177571,500.10132,0.7498033298982427,0.3046047708707696,500.0
BATCH_1788,0.6441986,0.30773675,391.36,0.6244032205219135,0.3,391.36996109719433
BATCH_1789,0.9418759,0.7358471,482.9761,1.0,0.8010432792143041,493.44455659696393
BATCH_1790,0.72865784,0.47365114,312.49634,0.6893897375807688,0.4841511646841275,312.5043583169042
BATCH_1791,0.70549804,0.2979936,363.29144,0.7104677310080876,0.3,363.17559056155073
BATCH_1792,0.6914441,0.31412843,500.00473,0.6916232016857551,0.3,500.0
BATCH_1793,0.8712513,0.47378877,500.00134,0.8860188903809817,0.4705463494438239,500.0
BATCH_1794,0.6466947,0.30526832,412.32513,0.5999951952429842,0.3,378.7271912069768
BATCH_1795,0.6461293,0.3484797,459.82056,0.6339464417225151,0.3243603755209959,459.7982378985552
BATCH_1796,0.9741466,0.6780794,499.9729,0.9823564265938196,0.6938240534351305,500.0
BATCH_1797,0.58040094,0.29161748,427.09396,0.5436361562523363,0.3,427.12838070165486
BATCH_1798,0.66336966,0.32877082,426.62955,0.6647152107541576,0.3,458.2866687234596
BATCH_1799,0.7491554,0.5102965,312.36682,0.7525506264481961,0.5017574917763399,312.3226977043861
BATCH_1800,0.974799,0.54434764,343.3186,1.0,0.5008997907752375,343.33239889565056
BATCH_1801,1.0002841,0.7373107,398.70712,1.0,0.7118415367827747,398.6915833559542
BATCH_1802,0.9374892,0.76230717,499.9191,0.922427800220592,0.7009736730437812,500.0
BATCH_1803,0.764657,0.45304897,486.55188,0.7077466237685643,0.4496436015212449,500.0
BATCH_1804,0.706935,0.3574317,339.00143,0.6669240852395142,0.3183049403259973,338.98241906389944
BATCH_1805,1.0091051,0.85975176,407.1645,1.0,0.8917989873685014,407.1891142825394
BATCH_1806,0.8938754,0.5102408,422.391,0.8794649133511269,0.5089858325850585,422.2691565788118
BATCH_1807,0.7042329,0.33457407,499.98373,0.6985775805786114,0.3,500.0
BATCH_1808,0.6334576,0.30840448,396.24747,0.6005123418084959,0.3,396.273630134034
BATCH_1809,0.6843525,0.34415415,258.1149,0.7027958364984598,0.3798394311722202,258.1439993715658
BATCH_1810,0.97795343,0.7517093,404.50308,0.9888230357607086,0.7049974900264587,400.875791208308
BATCH_1811,0.7833729,0.32160994,499.92154,0.7724701823452997,0.3,500.0
BATCH_1812,0.6117523,0.29287037,421.49887,0.6579799953465367,0.3,421.5398840906374
BATCH_1813,0.8392628,0.6768788,388.89984,0.8653133663305065,0.6782424338646701,373.3120377622549
BATCH_1814,0.76164407,0.57934946,279.65884,0.7698791361988926,0.4966446442138942,205.20155933289212
BATCH_1815,0.9334071,0.5689064,412.52954,0.9394848445130322,0.5142122719025806,412.5665292305365
BATCH_1816,0.8370752,0.61301506,279.7978,0.8151164380113824,0.6302685677948477,279.7429567094269
BATCH_1817,0.8331451,0.46485513,499.97534,0.8443557140575972,0.4705059026077351,500.0
BATCH_1818,0.7749815,0.3663463,500.27972,0.7605714313029437,0.328050185571729,500.0
BATCH_1819,0.7283356,0.39357913,476.68015,0.7133469281768791,0.3384326315116939,457.0206682937689
BATCH_1820,0.66599894,0.32634068,480.69608,0.6617580866154052,0.3,480.6601512536394
BATCH_1821,0.76754373,0.51221734,385.15927,0.7826662795293199,0.5354602364514847,385.1926974016917
BATCH_1822,0.8896609,0.5869305,500.13702,0.8995688196202453,0.5794855331160403,500.0
BATCH_1823,0.78289676,0.32801187,499.9598,0.7781244381491238,0.332710583720695,500.0
BATCH_1824,0.90187275,0.5639511,323.8603,0.9166784369537926,0.5461297830654748,323.8906170388299
BATCH_1825,0.7232557,0.3362943,435.25302,0.7423193358793068,0.3460536141290743,385.7749755710469
BATCH_1826,0.74100554,0.47559366,499.9956,0.7122226028146306,0.4423073501455928,500.0
BATCH_1827,0.98588246,0.63811904,361.87592,1.0,0.6467374184362762,361.8315892322648
BATCH_1828,0.92776126,0.5880831,499.92493,0.915840724682319,0.6110161219483071,500.0
BATCH_1829,0.7209696,0.3427749,366.8306,0.7219929681325914,0.381120067610631,366.9009541534832
BATCH_1830,0.75231934,0.2966249,500.01675,0.7665740292208512,0.3,500.0
BATCH_1831,0.86902833,0.5065978,490.9788,0.8579791223415458,0.4888600407628574,500.0
BATCH_1832,0.8961319,0.5667133,500.0984,0.9101195291707972,0.5886904858861196,500.0
BATCH_1833,0.8062248,0.42231026,487.12708,0.8210448975048159,0.3206696476821203,500.0
BATCH_1834,0.80001813,0.32873374,499.93997,0.7973450160464751,0.3082419167527617,500.0
BATCH_1835,0.8573188,0.44983652,450.3636,0.8576493272513328,0.4319672005700395,450.3586922377608
BATCH_1836,0.75953573,0.4931938,499.9637,0.7118481528686166,0.5284270671838398,500.0
BATCH_1837,0.6773016,0.31337965,412.47656,0.6900776597356579,0.3076125663198977,412.59973830690143
BATCH_1838,0.95441324,0.56717575,497.63522,0.961833840521845,0.5464763102770502,500.0
BATCH_1839,0.77862936,0.47381893,500.08466,0.7657718418571904,0.4756839446949139,500.0
BATCH_1840,0.75172776,0.42181617,455.99704,0.7627836785478518,0.4099587245013267,455.8400932323406
BATCH_1841,0.8074144,0.49910522,259.03574,0.7869761274276231,0.4939220952024265,259.0588373679509
BATCH_1842,0.86362106,0.6493298,265.5703,0.868314683852156,0.6555294718878482,265.57344523676943
BATCH_1843,0.8628654,0.5124312,297.2366,0.8754336123137038,0.4865902801055536,297.241902788172
BATCH_1844,0.8122347,0.3307851,500.01697,0.8277233926153427,0.3582024693287124,500.0
BATCH_1845,0.8893383,0.70431656,417.33856,0.8681670343211015,0.7391944567431044,417.35338761681226
BATCH_1846,0.96039003,0.8039566,499.9132,0.9747773239560624,0.8692222534223849,500.0
BATCH_1847,0.7503782,0.38620275,491.1889,0.6974957584319538,0.3872352282317989,497.2002183349578
BATCH_1848,0.9768692,0.6176895,412.97824,1.0,0.6091599755844448,412.9287748693345
BATCH_1849,0.77570546,0.3163135,315.69357,0.7830901363667074,0.3,315.6313734634795
BATCH_1850,0.8775855,0.6178064,323.53165,0.8604723847400859,0.6292553027667299,323.5576917464675
BATCH_1851,0.76615024,0.29767117,499.99973,0.7754440976092242,0.3,500.0
BATCH_1852,0.82793474,0.34602186,498.40897,0.7564518647131173,0.3519780399025706,500.0
BATCH_1853,0.91379493,0.4857092,500.08475,0.9230463568319026,0.4452613740909799,500.0
BATCH_1854,0.9733828,0.56857955,477.83118,0.981568018399694,0.5494618131711609,477.7538065399649
BATCH_1855,0.6737486,0.3168127,397.14905,0.6716819037175343,0.3,397.10857591836816
BATCH_1856,0.95514256,0.53611696,319.7409,0.9578470305705444,0.499348045385912,319.70774145935854
BATCH_1857,0.86305356,0.6124749,298.9183,0.8620021117978567,0.6181540265027163,298.9058928707851
BATCH_1858,0.990896,0.6689521,290.73367,1.0,0.6696732516601733,290.7242312293761
BATCH_1859,0.85924816,0.4710049,500.05136,0.866243365000078,0.4689841380925192,500.0
BATCH_1860,0.9634243,0.6573673,452.87662,0.9868220268540384,0.6612837873040434,479.9024382214001
BATCH_1861,0.9215084,0.5682846,472.01617,0.9420831295678838,0.5533115609666456,472.1010753846905
BATCH_1862,0.84089786,0.60586154,215.89482,0.8550202175509508,0.6126298037207673,215.8847207184614
BATCH_1863,0.7143338,0.34919345,396.27594,0.6979726479281412,0.3272358653028799,396.2185467133153
BATCH_1864,0.8736242,0.33830136,445.06735,0.8915079002294373,0.3179061356331258,445.089784647396
BATCH_1865,0.86301845,0.43098447,500.0038,0.8429456962924461,0.4140655861152917,500.0
BATCH_1866,0.7258537,0.4253551,418.12677,0.747538345124597,0.4478091654869367,418.0359834650623
BATCH_1867,0.90433365,0.71950555,371.55017,0.9218084508900812,0.7803006028773042,371.5400638475872
BATCH_1868,0.734212,0.49929154,499.9397,0.7294571292616746,0.4960231761370686,500.0
BATCH_1869,0.8141901,0.36981276,344.0149,0.8078047704031572,0.4087208623008405,344.0323721107876
BATCH_1870,0.94752544,0.61346793,437.08417,0.9393799828084382,0.5686957211085518,437.10891710483554
BATCH_1871,0.8011591,0.556835,252.86937,0.8016307432818309,0.54616288265264,252.83410627565164
BATCH_1872,0.73433274,0.32514727,468.0601,0.724549704107911,0.3,500.0
BATCH_1873,0.9183921,0.55289495,498.44568,0.954456889880536,0.4842514078520939,500.0
BATCH_1874,0.7627616,0.31507763,401.18045,0.7902887539399338,0.3,401.2131037850246
BATCH_1875,0.892756,0.5374254,384.0049,0.9041107872589318,0.5825273190194383,383.91022218761645
BATCH_1876,0.6607376,0.29244688,499.92554,0.6380788339502588,0.3,500.0
BATCH_1877,0.89416784,0.63425744,499.9919,0.8998212336428785,0.6315101549630787,500.0
BATCH_1878,0.7286842,0.41419804,457.47897,0.6996567394300266,0.3706240995195115,457.2337208628518
BATCH_1879,0.8272702,0.44675463,352.79694,0.8128967720688899,0.4551694234466411,352.79927000980007
BATCH_1880,0.97191507,0.65068144,299.89877,0.9963082275056102,0.6763213753881525,299.88321015820367
BATCH_1881,0.9428829,0.50294256,500.00555,0.9594390866122005,0.512990688804918,500.0
BATCH_1882,0.941308,0.6705449,499.97702,0.9209405441363724,0.6120611183289887,500.0
BATCH_1883,0.77593476,0.31060258,500.04614,0.7550016250633503,0.3,500.0
BATCH_1884,0.80709,0.6118006,437.57578,0.8246981702130513,0.6125316914561142,422.4903717418801
BATCH_1885,0.84708714,0.54297656,500.08502,0.8517139489607719,0.5712509740182042,500.0
BATCH_1886,0.78280586,0.5453457,465.91705,0.7593635589014068,0.5057076574632234,465.93835497226166
BATCH_1887,0.70612717,0.37392607,500.01404,0.7230809878496417,0.3571265647129441,500.0
BATCH_1888,0.76555383,0.34039962,500.02817,0.7642812604367709,0.3308523923998994,500.0
BATCH_1889,0.89198303,0.47726816,448.31738,0.910280322157044,0.490934424980796,448.3490564085212
BATCH_1890,0.7728042,0.5664798,479.54654,0.8079159129776768,0.5865413374360248,479.5084237634826
BATCH_1891,0.7229664,0.38452128,495.6236,0.7388773548136013,0.3944174471323928,495.57144786953097
BATCH_1892,0.9367947,0.5911084,499.97635,0.950388060104878,0.5854680613988572,500.0
BATCH_1893,0.7807796,0.47417143,358.02975,0.7561781009439179,0.4065217660680146,321.7927280068769
BATCH_1894,0.9315813,0.61930895,499.84427,0.9272482119210842,0.6313255533370585,500.0
BATCH_1895,0.98480177,0.76402414,499.98923,1.0,0.8014483340364691,500.0
BATCH_1896,0.7120138,0.30067855,499.98077,0.6888233043901987,0.3,500.0
BATCH_1897,0.9239488,0.7441485,470.90326,0.9484103481423164,0.7591698094817612,475.7125649900302
BATCH_1898,0.7179241,0.32950562,500.01532,0.7247050699909658,0.3341784135886623,500.0
BATCH_1899,0.8755956,0.4993196,499.9611,0.8733227529735028,0.5159229203315004,500.0
BATCH_1900,0.8556608,0.45888802,498.92273,0.863079366367876,0.4568817053453638,498.9700534338645
BATCH_1901,0.72511774,0.48908505,338.11267,0.7306705364869829,0.4888590914584196,338.1087394137882
BATCH_1902,0.9594401,0.685282,426.91437,1.0,0.7435163060515682,426.9521309629788
BATCH_1903,0.69135064,0.36592,407.0522,0.6681977611111147,0.3142739662822875,417.6159545548927
BATCH_1904,1.0013263,0.83399934,360.2668,1.0,0.887885673374435,360.2500465631355
BATCH_1905,0.7014378,0.3571642,486.2498,0.6964605140223723,0.327918307629841,500.0
BATCH_1906,0.88837767,0.5143601,426.47632,0.87765075208096,0.5503728660565795,426.4923248310768
BATCH_1907,0.65673476,0.30152494,491.3271,0.6197124225470425,0.3,491.2860938142945
BATCH_1908,0.788041,0.512869,404.06934,0.7686220729871931,0.5463245078884778,404.2264912857888
BATCH_1909,0.8164302,0.5823545,309.41162,0.8396907065532513,0.5876408413477685,309.3979181215602
BATCH_1910,0.7322429,0.34191373,409.4894,0.7688983414533395,0.3,409.4887666504623
BATCH_1911,0.7117558,0.30060488,497.08105,0.7859118290697269,0.3,500.0
BATCH_1912,0.7974045,0.3055271,462.4905,0.8074722653793763,0.3,487.06042160391866
BATCH_1913,0.9011721,0.65275204,458.24213,0.9110063770613538,0.6365301586288156,458.20082552655833
BATCH_1914,0.8629191,0.5823584,469.38385,0.8360704579830187,0.569073821360709,469.38823632798847
BATCH_1915,0.9496018,0.66087276,304.56903,0.962419324958122,0.6680506843504966,304.5330263219542
BATCH_1916,0.82027817,0.37704477,499.37946,0.7677972180416813,0.3,500.0
BATCH_1917,0.81167626,0.43825212,398.70847,0.8089470756647159,0.4580621802852341,398.6906715119507
BATCH_1918,0.8347485,0.5461402,384.5471,0.8169767796608134,0.5708398621608877,384.5347583062093
BATCH_1919,0.8112017,0.45397356,496.47202,0.7761773797440384,0.4648457599844762,500.0
BATCH_1920,1.0010567,0.84153795,499.85632,1.0,0.929528930958182,500.0
BATCH_1921,0.61837333,0.30791464,499.9998,0.6319518362958059,0.3,500.0
BATCH_1922,0.9552741,0.6786727,410.77994,0.9277722160751894,0.6797528633380786,402.84749650582353
BATCH_1923,0.6703286,0.30656174,386.08368,0.6765370655143446,0.3,386.08644196640114
BATCH_1924,1.002929,0.7874048,485.8939,1.0,0.8090645020630314,500.0
BATCH_1925,0.60759974,0.29918072,355.25134,0.5821428414649099,0.3,355.2485709258458
BATCH_1926,0.7766707,0.4157956,500.05795,0.7250027394294338,0.4433392614115457,500.0
BATCH_1927,0.754104,0.39886785,501.41714,0.7516415822357738,0.4017940401988514,500.0
BATCH_1928,0.84605247,0.4162953,500.00064,0.8424422024533074,0.3682038825149432,500.0
BATCH_1929,0.66672033,0.30178612,419.05048,0.6948970879148453,0.3,419.0386159405949
BATCH_1930,0.9259917,0.68642735,473.96954,0.9123202884792656,0.7308616544635984,477.6041973386708
BATCH_1931,0.8280446,0.43016282,388.9222,0.8236279313619762,0.4854423648754691,397.630725770142
BATCH_1932,0.9296135,0.6061756,443.90714,0.8906108218368346,0.6453560449689395,443.6593444540084
BATCH_1933,0.7123665,0.29936475,483.92316,0.6899979845192378,0.3,483.8733697759416
BATCH_1934,0.85802585,0.43616524,397.66885,0.9220448869862377,0.4489080183669739,403.002091719252
BATCH_1935,0.8587985,0.4915539,499.97195,0.8477486877472821,0.497063207606632,500.0
BATCH_1936,0.77893674,0.48989186,498.85632,0.7797261164359031,0.5042259560704715,499.0521498455154
BATCH_1937,0.8367692,0.43158734,395.31903,0.8454650378692712,0.3282374003885746,342.86497022307907
BATCH_1938,0.749554,0.41225713,310.40396,0.7951937425943136,0.3612260376792869,336.6838742108108
BATCH_1939,0.71510094,0.4379716,394.61127,0.7173602995896903,0.4149662145743424,394.7083442498739
BATCH_1940,0.83344877,0.6813957,416.63028,0.8550371824716332,0.6910424377982031,416.6323428909822
BATCH_1941,0.91330785,0.7065447,490.56204,0.899866830019055,0.76062461380381,490.615532790261
BATCH_1942,0.8603955,0.40791726,350.01752,0.8562658863169662,0.4031964042918731,350.0066870465906
BATCH_1943,0.758486,0.31401956,480.07294,0.756120510682514,0.3,479.8940051017671
BATCH_1944,0.6776322,0.28846765,500.02615,0.6812923848241038,0.3,500.0
BATCH_1945,0.7135186,0.33241013,296.5238,0.7070380703145669,0.3192574223652676,296.5041530957634
BATCH_1946,0.82660216,0.51570004,458.61176,0.8307607983989813,0.5311666552588277,458.52456740112257
BATCH_1947,0.80802083,0.6211744,386.66284,0.8156351579298191,0.6303253248103396,386.8125948631133
BATCH_1948,0.67405707,0.29783168,477.06876,0.6727133610656321,0.3,477.0288895749002
BATCH_1949,0.69460434,0.30758104,436.86597,0.6922603923341463,0.3,436.79483012100206
BATCH_1950,0.70642275,0.3841141,337.59897,0.6194748474737297,0.378931374005559,331.602565048964
BATCH_1951,0.9195123,0.70211196,353.68198,0.9303372627152244,0.6839853685789747,353.6466263428917
BATCH_1952,0.89376974,0.6542801,499.96564,0.8899007470813209,0.6972243592129221,500.0
BATCH_1953,0.74173397,0.31224957,388.8619,0.7086441996405888,0.3,388.7799115880882
BATCH_1954,0.95313394,0.563544,404.57724,0.9444930904094954,0.5259676836053024,404.5820949352442
BATCH_1955,0.97211283,0.6265149,500.06036,1.0,0.6110328020625262,500.0
BATCH_1956,0.974887,0.75322586,499.98404,0.9494227525510376,0.7697004149537089,500.0
BATCH_1957,0.9092305,0.56075174,470.62546,0.9601699644796708,0.5640175737999463,470.6395222615863
BATCH_1958,0.72962457,0.30177692,400.296,0.7440829385626855,0.3,400.2397751843431
BATCH_1959,0.72424144,0.2925475,409.9195,0.6887309825701066,0.3,439.4931392643717
BATCH_1960,0.7236745,0.4271242,471.0531,0.7252600686906446,0.426483448502876,471.0854135939404
BATCH_1961,0.69826,0.31901196,500.0287,0.7018381325844886,0.342948564516461,500.0
BATCH_1962,0.7750817,0.31933615,330.2031,0.7874590233520671,0.3,323.6873896577593
BATCH_1963,0.7676156,0.42008772,500.00482,0.7767412815353487,0.4304534111368596,500.0
BATCH_1964,0.7126767,0.30592993,412.47498,0.7163015918987131,0.3,412.4985454761158
BATCH_1965,0.8781926,0.514114,477.48358,0.8624617797725493,0.5185301880162451,500.0
BATCH_1966,0.6212445,0.29355398,481.127,0.5845807573740793,0.3,487.5625582492872
BATCH_1967,0.8006899,0.4478956,215.79294,0.7876719687882974,0.3907230264177286,215.80054309332
BATCH_1968,0.717419,0.3879443,500.0968,0.7096597428527285,0.4203492825211946,500.0
BATCH_1969,0.6922867,0.43457097,499.98584,0.7257286709062916,0.4462397579183151,500.0
BATCH_1970,0.75938636,0.505943,500.03125,0.7696669859884505,0.5132008141619128,500.0
BATCH_1971,0.8598728,0.48050967,441.20908,0.8159012410087882,0.4760369898759906,441.2449479737215
BATCH_1972,0.6470073,0.29805297,442.76303,0.6428103961261838,0.3,442.7946082078088
BATCH_1973,0.84364456,0.49260408,500.02625,0.8471302877864344,0.4979717350915782,500.0
BATCH_1974,0.7817993,0.49302536,365.23123,0.7802223455912355,0.4858175834121715,365.24132910399686
BATCH_1975,0.9207985,0.53481525,500.00394,0.9287920722112988,0.5320507184545401,500.0
BATCH_1976,0.8099472,0.5299527,400.98892,0.8230606587842301,0.5377047743501322,400.9678627260535
BATCH_1977,0.9467894,0.6967048,429.0117,0.9633516470617616,0.7591302549796667,429.0112374314754
BATCH_1978,0.80279255,0.31430188,445.44592,0.7829466511402704,0.323831787774308,457.4066283768203
BATCH_1979,0.91808736,0.4685109,499.85236,0.9221416105790374,0.456234036656017,500.0
BATCH_1980,0.769818,0.55570984,477.6806,0.7588660020118153,0.5888984717520075,477.6150972269529
BATCH_1981,0.99552095,0.717428,404.9925,0.9907630761177826,0.8262382409234014,399.8659664774327
BATCH_1982,0.64872533,0.29166472,500.029,0.6011398462790883,0.3,500.0
BATCH_1983,0.79906464,0.44895843,262.89087,0.8342421928236263,0.4224673787488089,262.9406376864157
BATCH_1984,0.82742935,0.6313102,420.7236,0.8537923114981735,0.6471239075293679,420.7581938910173
BATCH_1985,0.8986231,0.75914305,424.96188,0.9261816774796108,0.7221000548594332,424.9445054851826
BATCH_1986,0.8374107,0.38214117,455.17816,0.8511340141705147,0.4079303762154341,455.03940489832496
BATCH_1987,0.72749823,0.3344188,485.55463,0.7393347573970347,0.3,500.0
BATCH_1988,0.68070704,0.3247118,499.94287,0.6756780296638158,0.3503166421503041,500.0
BATCH_1989,0.8216602,0.3878734,500.038,0.8310517503569512,0.3702598099292002,500.0
BATCH_1990,0.91800284,0.5354776,327.31494,0.9694931095057396,0.5216859473223485,317.53312548716093
BATCH_1991,0.6594409,0.31750932,361.93887,0.6640099833927795,0.3,361.9466377992141
BATCH_1992,0.85328126,0.47817135,457.89255,0.8812441363042322,0.4170082907420169,457.7259945946217
BATCH_1993,0.63701624,0.30526832,337.0437,0.6377592358440293,0.3,337.0874155151586
BATCH_1994,0.9831441,0.6795645,327.9275,1.0,0.6277041168990529,328.0130688977858
BATCH_1995,0.8172989,0.36774918,478.73294,0.8361877324314089,0.384212504984238,478.7672695084637
BATCH_1996,0.81790584,0.33481875,440.05356,0.8300754156854677,0.3,440.0969830529058
BATCH_1997,0.7057651,0.42211276,456.08203,0.6853286105196063,0.4033575794821837,456.08620343612495
BATCH_1998,0.6903745,0.424455,499.8418,0.684850114147037,0.4742303438846196,500.0
BATCH_1999,0.8246629,0.5643369,222.40486,0.8132601328590692,0.5798863775084538,222.471426345691
