temperature,pressure,speed,feed_rate,humidity,material_density,material_hardness,material_grade,yield,quality,energy_consumption,carbon_intensity,batch_id
224.9080237694725,3.355351153623154,1929.989695708982,1.331688212747862,63.21607543684374,3.621780831931537,38.31939786151342,2,0.7525172957755539,0.3350914039522445,439.90645390803166,314.901424590337,BATCH_0000
340.14286128198324,3.2228091916479986,2513.5808232499658,0.42753408799981585,61.23698026478766,7.655000144869414,37.28851593503999,1,0.7493646502198105,0.3,476.0989423125497,334.6749277302426,BATCH_0001
296.39878836228104,9.15629122468933,2400.4023244753976,1.7575496703741484,25.74525191980146,6.123957592679836,83.43782063647257,1,0.8569230830410566,0.40543195767105483,500.0,394.43065614302077,BATCH_0002
269.73169683940733,3.245915798645555,884.7497617344343,1.2649208542315589,75.35434429434801,5.190609389379256,37.46823398946543,3,0.9595609275658045,0.5823102445016004,363.58250956632287,451.7569128702229,BATCH_0003
181.2037280884873,3.447547535157679,873.1236743536847,0.39868737875821303,54.10833212940918,2.0921304830970557,39.03648082900417,3,0.823280183601646,0.5284692663138167,238.57673782093724,422.87920932596575,BATCH_0004
181.19890406724053,7.8345843617616735,1170.4359193622834,1.928442309214293,41.82353126814105,2.0919616423534184,73.15787836925746,1,0.7872316090450161,0.5787557522368623,500.0,437.8647652348848,BATCH_0005
161.6167224336399,5.04765858205486,1402.686815852593,1.0848943803371092,65.3923150097184,1.4065852851773961,51.481788971537796,1,0.7477313332717515,0.42705414149428905,351.51338203105763,497.37638446522175,BATCH_0006
323.235229154987,7.990395012596631,1521.1389535212065,0.2385070585561445,35.44192750409805,7.063233020424546,74.36973898686269,2,0.9843750549998103,0.5709943066634048,442.1864222073331,467.9119158179475,BATCH_0007
270.2230023486418,1.588295418079467,2199.2430420833634,1.2909825183886277,61.61059022277922,5.207805082202461,24.575631029506965,3,0.7619652357655134,0.35936152557232653,449.7227572262674,415.81957898961724,BATCH_0008
291.6145155592091,5.388140743060458,641.7010804145885,0.5810779233243394,22.382672454334834,5.956508044572319,54.1299835571369,2,0.9643180452948301,0.6718975612285586,337.48413960540694,422.34281848556105,BATCH_0009
154.1168988591605,1.3025224016495436,586.681760565166,1.6270175585668747,70.36448225655631,1.1440914600706171,22.352952012829785,2,0.7193302752625641,0.4194601014046151,276.66040616571667,361.0974692156261,BATCH_0010
343.98197043239884,1.5638788310981906,1479.7764073597725,1.6538619397757621,46.89025082127911,7.78936896513396,24.38572424187482,2,0.8429055418584731,0.32945316896275967,418.3744163834973,324.8509641582705,BATCH_0011
316.48852816008434,9.157937080099698,2242.909230344951,1.9599999761238576,58.2015748614765,6.827098485602952,83.45062173410876,1,0.8774733994814633,0.4300510301273093,500.0,307.258868146981,BATCH_0012
192.46782213565524,2.2532083400583565,983.5883573912065,1.053552108946557,33.27426918840102,2.486373774747933,29.74717597823166,2,0.701446513005792,0.4236015022381227,305.55110914670274,203.77873589488797,BATCH_0013
186.36499344142013,5.791786140476954,2103.7612031406293,0.9644180714827005,60.62442275950688,2.272774770449704,57.2694477592652,2,0.6821522850243179,0.4639620520025016,474.9070264187468,173.25246502460908,BATCH_0014
186.68090197068676,4.699860423406359,1149.5703448507488,1.5316036503483133,66.3344165535966,2.283831568974037,48.77669218204946,1,0.7218438569735249,0.4436948636317229,395.63398902627137,177.06535694478873,BATCH_0015
210.84844859190753,4.126089936329584,2715.215272033791,0.35169424704966046,48.39279121306392,3.129695700716764,44.31403283811899,3,0.6957680919457633,0.34370727973310194,456.2633158584315,139.71125582230152,BATCH_0016
254.9512863264476,9.098500111185452,2739.224860666541,1.139139476206936,57.06361544370766,4.673295021425664,82.98833419810907,3,0.8772107196746917,0.4639034473142941,500.0,164.53854603449798,BATCH_0017
236.38900372842315,1.1964105709794055,1243.2180107033162,1.1378704402486168,47.37955542934391,4.023615130494811,21.527637774284266,2,0.7336190520261096,0.40657220847429304,321.750410421719,122.75927773436368,BATCH_0018
208.2458280396084,6.9741071755803015,1074.9843849081012,0.2699989333397357,73.64548215547073,3.0386039813862933,66.46527803229124,1,0.7693601097185078,0.501508396631102,347.64516782302184,112.74201501658098,BATCH_0019
272.3705789444759,9.670549907921954,1528.2599301655782,0.8941697624631357,49.87215083085915,5.282970263056656,87.43761039494854,3,1.0,0.7503463676605592,500.0,214.0656524999808,BATCH_0020
177.89877213040836,6.041513651156578,1101.3289629503718,1.7212411172776838,70.50852254172914,1.9764570245642927,59.211772842328934,2,0.8038494391029141,0.6019545972874165,417.0717893927675,187.1606938074218,BATCH_0021
208.42892970704364,9.431402158297827,2180.959608229259,1.7266918817898544,68.08112349621491,3.0450125397465273,85.57757234231643,2,0.8246060503552972,0.6151702643107394,500.0,227.02584614063767,BATCH_0022
223.27236865873834,1.470320913574214,2565.161711370714,0.2885515633473939,44.630289280901394,3.564532903055842,23.658051550021664,1,0.5547234044341618,0.3,406.40588847888466,218.43469764821808,BATCH_0023
241.2139968434072,4.769139871667452,2182.7303272780428,0.2723696772208786,33.8050695114485,4.192489889519251,49.31553233519129,2,0.7456468863587573,0.3,417.19065731460466,283.6685182642445,BATCH_0024
307.0351922786027,3.3414201186584602,2560.8761181233735,0.599121406303677,44.36492795358626,6.496231729751095,38.21104536734358,3,0.822321182893198,0.35427779090835965,481.03448107117237,342.15053445667417,BATCH_0025
189.93475643167196,7.577388684826568,1492.4804055186853,1.7620555188525877,69.57304254651321,2.3977164751085183,71.15746754865108,1,0.7375542903640395,0.5839357241758868,500.0,340.47019267733094,BATCH_0026
252.84688768272233,9.83167381447522,890.7924267721521,0.344914911639648,33.65795214916354,4.599641068895281,88.69079633480726,3,1.0,0.899392971775791,405.4053204753316,417.3369577283522,BATCH_0027
268.4829137724085,3.30877056199823,2344.8773684939806,1.4679939249921479,51.46618075146496,5.146901982034297,37.957104371097344,3,0.7790489748352906,0.38644029319237466,500.0,411.8846498701016,BATCH_0028
159.29008254399955,6.88757141326667,1401.1862628538847,0.29221467726489614,68.36580487764485,1.325152889039984,65.79222210318521,3,0.8261957972872239,0.6391177236625615,376.5306845015852,436.1380614495619,BATCH_0029
271.5089703802877,2.7828786948376614,2178.1770630728315,1.2839619221208682,41.208648507702726,5.252813963310069,33.86683429318181,2,0.7348611808643324,0.33489251587047675,491.65372628511113,431.9488016331181,BATCH_0030
184.1048247374583,6.087972291144489,1176.609854954414,0.7765278683263751,58.532578220161845,2.193668865811041,59.57311782001269,2,0.8673038276992632,0.5424322628687226,352.235943605662,500.4572194786284,BATCH_0031
163.0103185970559,5.175392380195026,703.0740870166817,1.5989365296351474,34.73789444292887,1.4553611508969566,52.47527406818353,3,0.8598673224974839,0.7159695680626642,349.01648413705703,429.4988938255279,BATCH_0032
339.7771074506667,9.748047966683833,2981.4544887194083,0.5440118527681909,26.556766722089595,7.642198760773333,88.0403730742076,3,0.9144903798181135,0.5532024984297919,500.0,374.3346893093051,BATCH_0033
343.12640661491184,6.476745454268199,890.5037698264982,1.3144834758409236,67.66305350557138,7.7594242315219155,62.59690908875266,1,0.9760973614772517,0.6018173762697436,439.1974941342655,399.67634736309566,BATCH_0034
311.6794696232922,4.145557348781369,2971.052484908703,0.5477968156941814,25.93811740452241,6.658781436815228,44.46544604607732,1,0.6702811083070928,0.3,500.0,302.19754726624745,BATCH_0035
210.92275383467415,2.0268620639914,2943.1998314161183,1.4559545379130923,36.282883704775074,3.132296384213595,27.986704942155335,2,0.6222699164513554,0.3,500.0,306.2659078501427,BATCH_0036
169.53442280127678,2.361221458614411,2484.545259770099,1.7599882656654227,71.30656531984641,1.683704798044687,30.58727801144542,2,0.5592051274755637,0.3,499.99236543869694,202.38703951822873,BATCH_0037
286.8466053024314,3.0278523695611157,2148.557405204994,0.34092341834084405,40.78815722472003,5.789631185585098,35.772185096586455,1,0.6856734788103014,0.3,410.2484689790695,185.1544185330472,BATCH_0038
238.03049874792026,3.258699952062682,1944.5176256277118,1.7465318083314567,78.38272097084968,4.081067456177209,37.567666293820864,3,0.8035489248150307,0.36539765142938285,479.82569769368234,199.83981989809172,BATCH_0039
174.40764696895576,8.65554452057024,2665.253863444587,1.2277929833871661,78.7840600864316,1.8542676439134518,79.54312404887965,2,0.7564522257046559,0.4301390154841479,500.0,192.2501868321965,BATCH_0040
249.03538202225405,6.051005094542724,1223.59880404872,0.3415099326473455,36.0965612272134,4.466238370778891,59.28559517977674,3,0.92730862802491,0.6365168577670516,376.85133480751216,160.25217449233895,BATCH_0041
156.87770422304368,5.710518202369298,1669.2030312121926,0.9123295251834528,22.458693334993427,1.2407196478065288,56.63736379620565,1,0.6840823773018071,0.3918428283818158,392.2859238501896,146.5305515283528,BATCH_0042
331.8640804157564,2.0329198468229572,2048.4749234162546,0.405634557621686,62.30379705232275,7.365242814551475,28.033821030845225,2,0.7996113726112365,0.3,406.10379735089447,146.07801518896107,BATCH_0043
201.7559963200034,8.741257240144915,1527.9761896737277,1.430660988846482,47.05919015890062,2.8114598712001184,80.20977853446044,2,0.8099873862379805,0.598955666925955,500.0,125.74052972131129,BATCH_0044
282.5044568707964,7.5053287288763535,1568.7161352256699,1.5418494553941045,26.04517063757458,5.637655990477874,70.59700122459387,1,0.8355184143784287,0.5425188125320979,500.0,172.33865657017665,BATCH_0045
212.3422152178822,1.6090152571000143,1325.7116687552111,0.30101338851831805,62.451369138682566,3.1819775326258766,24.73678533300011,2,0.724646423730672,0.3848354589484468,281.1628276070544,211.18083687120614,BATCH_0046
254.01360423556216,7.370515875067918,1910.5795417113402,1.0616657201198243,21.870494546715275,4.640476148244676,69.5484568060838,1,0.8302912251865808,0.4407833399281735,500.0,292.8908100211893,BATCH_0047
259.34205586865596,5.8918439560838145,2626.43632003779,1.6477876064492427,72.21180142953452,4.826971955402957,58.04767521398522,2,0.7773725780743628,0.3431571394037409,500.0,310.30854868705376,BATCH_0048
186.9708911051054,1.7355281117210044,1003.8209450157822,1.8787097789468934,28.319151746798223,2.293981188678689,25.720774202274477,1,0.6384845730773809,0.36423835661336423,364.22885668861653,285.931652104496,BATCH_0049
343.9169255529117,5.124705773757908,2836.0825968836034,1.075683946809363,27.6387127248035,7.78709239435191,52.08104490700595,2,0.8292469523592255,0.32799676558919466,500.0,384.722519081844,BATCH_0050
305.0265646722229,5.362266584170423,2222.7191343705745,1.9055305248616734,30.54033787811507,6.425929763527802,53.92874009910329,3,0.8729018971934959,0.44155062171149423,500.0,394.5135487654925,BATCH_0051
337.8997883128378,2.4919708614694818,2558.1830317000754,1.1178090438664567,77.61598150952399,7.576492590949324,31.6042178114293,3,0.8127769029970427,0.3,500.0,409.596150558487,BATCH_0052
328.9654700855298,9.51128332300254,1890.4767315750291,0.848961939739825,61.59016161523076,7.263791452993542,86.19887029001976,3,1.0,0.6752738005627777,500.0,463.2391626085863,BATCH_0053
269.57999576221704,8.649778343325957,2448.7917535601587,1.7115859442505015,68.08229212781819,5.185299851677596,79.49827600364634,2,0.877602208018802,0.4363377800452793,500.0,480.92998567487854,BATCH_0054
334.37484700462335,7.021201035961975,540.500993348668,1.0366671498703692,43.85809914396518,7.453119645161818,66.83156361303759,2,1.0,0.6803123546740278,405.03411506523577,472.82727751684615,BATCH_0055
167.6985004103839,5.160660049005465,2545.9510619488383,0.9966147700725937,40.178763650297334,1.6194475143634364,52.360689270042506,3,0.6920590907379071,0.40086195211610043,500.0,404.72728487098675,BATCH_0056
189.19657248382904,4.705889874260577,600.3471477134162,1.0315937298786737,34.0690404069902,2.3718800369340163,48.82358791091559,3,0.8760102268764308,0.7290414346260746,317.12834748390515,396.78964590244584,BATCH_0057
159.0454577821076,6.858761204358587,2724.783440907156,1.7088915035525163,48.83888169874454,1.3165910223737665,65.5681427005668,1,0.6381759095388139,0.3096256505268376,500.0,384.9379029421069,BATCH_0058
215.06606615265287,5.908886824662149,2979.9068680966084,1.680688929207299,53.10972401205011,3.2773123153428503,58.180230858483384,1,0.6741176070118381,0.3,500.0,368.08921057904894,BATCH_0059
227.7354579378964,1.5604579529369706,1235.1686554419446,0.8666879856364013,57.906490619165325,3.720741027826374,24.359117411731994,1,0.6957558974259217,0.35055620722908715,322.5169773234653,285.6247728646416,BATCH_0060
204.26980635477918,5.612523838932985,1025.796390714484,0.7332697337539975,35.427110239921674,2.8994432224172715,55.87518541392322,3,0.8788868025763658,0.6600115969264677,356.6751443478485,255.60737393470748,BATCH_0061
315.7475018303859,8.257632555095554,2413.4084096451015,1.0346632456743456,76.91924485417944,6.801162564063505,76.44825320629877,3,0.9046374309405081,0.5758485985818842,500.0,191.80995077981933,BATCH_0062
221.35066533871787,5.133158898372622,1132.5658523006332,1.1882677685005072,30.18550989242815,3.497273286855125,52.146791431787065,3,0.8475223763996995,0.6267202091965405,400.7317326180907,158.04778409959775,BATCH_0063
206.18690193747614,1.4676091979884158,2663.9059579305085,0.5528407001931942,77.93919048598474,2.9665415678116656,23.636960428798787,1,0.5968023839346298,0.3,404.76000149478665,194.4719641041603,BATCH_0064
258.5392166316497,8.076503794456297,757.1064803936918,1.6085146609596221,20.891367350450228,4.798872582107739,75.03947395688232,2,1.0,0.6983210514208946,454.4174185030704,195.79832691376444,BATCH_0065
178.18484499495253,2.8122740392237695,814.8879909483957,1.0243172548916035,48.867541509010735,1.9864695748233385,34.09546474951821,3,0.8170789828561463,0.49069143877427446,292.3842806282622,147.83969635258998,BATCH_0066
310.43939615080797,3.327587513992349,2947.878887751539,0.7346865419979232,40.00207028699377,6.615378865278277,38.10345844216272,2,0.7712668223472925,0.3,500.0,185.21711299340046,BATCH_0067
164.91012873595417,2.482357180890663,2184.5972456750114,0.30295988663158213,46.94740483581505,1.5218545057583959,31.529444740260715,2,0.6506385734511956,0.3468675622940494,339.723717197268,180.94527018376328,BATCH_0068
347.3773873201035,3.971935583843478,2617.218061072382,0.5538058047668531,54.23987473884734,7.908208556203621,43.115054541004824,2,0.7980850614730287,0.3200411796338305,500.0,174.58039018386398,BATCH_0069
304.4489538593315,7.810763551197716,1310.823443378795,1.903634226336369,46.13534948076254,6.405713385076602,72.97260539820445,1,0.9166402175782347,0.5868554098678499,500.0,235.8418681652524,BATCH_0070
189.7431363068345,5.674472735535436,2191.209373801511,0.6796894049571005,44.8908110180957,2.391009770739207,56.35701016527561,2,0.7740769381074013,0.4625488736284001,450.3247156606567,307.31824022860116,BATCH_0071
151.1044234247205,2.843931467356413,1985.604568271493,0.4208326497973671,63.96340492479839,1.0386548198652168,34.34168919054988,3,0.6980599061368309,0.41741406435048295,326.4284744099815,298.9252188267013,BATCH_0072
313.09228569096683,8.900470703368367,2007.8753003073675,0.975278304144487,61.15257650518788,6.708229999183839,81.44810547064286,1,0.9274109854081649,0.49395186060333307,500.0,385.7621664397979,BATCH_0073
291.3714687695234,8.916236694563763,2206.331148844304,0.6834667123844724,69.99627692215087,5.94800140693332,81.57072984660704,3,0.8645973576305621,0.5921979010890155,500.0,296.4076468773075,BATCH_0074
295.8014336081975,8.835205825414063,1938.3979328227465,0.1668025755152689,34.99753887436974,6.103050176286911,80.94048975322048,3,0.9920907906219157,0.6412998446016085,496.6157244504419,430.72309230923884,BATCH_0075
304.25406933718915,3.1491659024338534,1572.655923256665,0.7139759128308927,56.571710585243814,6.39889242680162,36.71573479670775,1,0.7940363255724782,0.35231113148588467,385.9091577514977,432.5152226148108,BATCH_0076
164.80893034681807,5.061154097628893,1189.806735951367,1.1338063854849902,55.11168712357123,1.5183125621386324,51.58675409266917,3,0.8118772529093107,0.6676181375573934,345.979539096725,435.9186534293842,BATCH_0077
221.6931457088545,9.864906905267876,2421.453327283005,1.1482535068379371,42.184268652361325,3.509260099809908,88.94927592986126,3,0.8780278409276367,0.6159505295296157,500.0,452.75282329606506,BATCH_0078
173.17381190502596,7.948112286789914,1065.6810750079655,0.7774619502360884,49.16345251416085,1.811083416675908,74.04087334169932,1,0.7372545042021602,0.5723446348632453,391.2538567562163,385.26180650533354,BATCH_0079
322.6206851751187,1.2445067910300383,2230.8857653860355,0.9498752368799411,38.82692859834373,7.041723981129155,21.901719485789187,3,0.8124498031297113,0.3148968509753045,453.8908864925021,423.31365393254043,BATCH_0080
274.6596253655116,1.5868413213444286,1083.3320566233165,1.9344840446460563,28.51066385701911,5.363086887792905,24.564321388234443,2,0.8304432644078872,0.4443700684048394,387.986629419668,416.7793943233347,BATCH_0081
216.17960497052985,5.175382391310995,2063.325424886135,0.8169621067375921,32.828072639763974,3.3162861739685443,52.475196376863295,3,0.8489580401481044,0.4351229755060546,483.5401406941147,419.336821342246,BATCH_0082
162.71167005720474,9.182981852754041,2367.6956678225724,0.5906309451939676,26.330818784072065,1.4449084520021653,83.64541441030921,2,0.7414075471382704,0.43122548375267067,500.0,323.2747502171685,BATCH_0083
212.19646434313245,5.848316181574428,1046.7847222663481,0.5625873837268442,60.984174511407446,3.1768762520096354,57.709125856689994,3,0.8711652021065176,0.6495064469638343,368.0880615434067,275.7451919132045,BATCH_0084
215.03666440534943,5.480312572308612,649.8582521532708,0.9697527641378548,59.64364358654909,3.2762832541872293,54.846875562400314,1,0.8076015443717239,0.5079271429524447,331.57034577122846,246.12443192708568,BATCH_0085
295.9212356676128,1.9492632996096753,827.4343574854352,1.5430882825621937,77.03638229479236,6.107243248366449,27.38315899696414,1,0.8461738165920338,0.372475033456113,369.1419699145303,252.4620635310624,BATCH_0086
277.51149427104264,6.911020942518647,2014.9924181775636,0.491377549958099,63.78070481883448,5.462902299486492,65.9746073307006,3,0.9143950529570011,0.5617129611741696,484.85590992052323,203.79651611180878,BATCH_0087
327.44254851526534,8.39892844540203,2623.616015564339,1.4476626415674594,23.122750325367885,7.210489198034286,77.54722124201578,1,0.8196390300651478,0.3560637675145076,500.0,154.2033833193232,BATCH_0088
244.44298503238986,4.423780067568061,612.492053088561,0.14018466436389093,73.05471043573725,4.305504476133645,46.62940052552936,3,0.949317245130067,0.7393718960431924,248.18419510237288,170.50914905004046,BATCH_0089
173.91884918766033,7.980506658327947,2335.378147604116,0.8959726581694973,71.76050977674355,1.837159721568112,74.29282956477292,1,0.6996110570263313,0.41422721626734,500.0,152.9123264804412,BATCH_0090
292.648957444599,9.680289885107305,1353.2966148751302,1.574143623885295,46.59921924636192,5.992713510560965,87.51336577305682,2,1.0,0.7065913110184477,500.0,184.1704757726264,BATCH_0091
302.1570097233795,2.833898132149202,1696.3209247988063,0.7435926159714197,55.15178303167529,6.325495340318282,34.26365213893824,3,0.8520677055661384,0.48175840773660633,397.35020811552897,149.0345966160134,BATCH_0092
262.25543951389926,5.709966680752672,2822.148874613914,1.171100492746259,78.56469994835113,4.9289403829864735,56.63307418363189,2,0.7408529987619065,0.3,500.0,184.10411842408465,BATCH_0093
304.19343599091223,3.58424162276118,1329.9287618396138,0.48946054236923053,51.93826183088997,6.396770259681927,40.09965706592028,2,0.8577207229050019,0.5025734425504701,376.3235333362146,213.23675540603523,BATCH_0094
248.75911927287814,8.135689771304554,1663.3423348487152,1.5097912431397273,74.31930970256539,4.456569174550735,75.49980933236876,3,0.8845000794671085,0.6649671249731182,500.0,217.2716947906585,BATCH_0095
254.5465658763988,6.198340292930418,534.2060369017028,0.19933029621064327,24.982325468611187,4.659129805673958,60.43153561168103,2,0.9446604970948081,0.7088459972127983,298.85749476695855,308.8836083119371,BATCH_0096
235.5082036717099,6.711241757952734,703.996800012096,1.7198310252634508,31.463112122520972,3.9927871285098475,64.42076922852127,3,0.9712449529951935,0.7136300368191857,423.2904471194954,346.6545149307743,BATCH_0097
155.08382534881903,8.181227436543047,1146.47897783696,0.4765731342011694,46.44529660647907,1.1779338872086664,75.85399117311258,2,0.827143459551997,0.6051477585493763,376.1950957880715,375.1534036992736,BATCH_0098
171.57828539866088,4.563734253962094,569.6306020526861,1.7613562602458284,55.08540850023828,1.7552399889531312,47.71793308637184,3,0.8602449083124336,0.7258606614449574,357.78283047447246,399.02840317672775,BATCH_0099
156.28583713734685,9.23581061566339,2078.4383151206275,0.7698055584709829,68.97367111176801,1.2200042998071399,84.05630478849302,3,0.7822658619794519,0.6635721577182716,493.84120357937655,387.4426883061535,BATCH_0100
277.2820822527561,5.797259805215259,1565.9958920040563,1.4730987915015246,79.2957269085912,5.454872878846463,57.3120207072298,1,0.8053282473137761,0.3955786575612401,483.2588617709909,432.26951426039943,BATCH_0101
212.87119621526534,2.421593405518132,1870.363006820055,0.706528065793758,43.33108978844699,3.2004918675342866,31.05683759847436,3,0.7513925882842205,0.37994321371837575,394.26142611740875,439.71856450419693,BATCH_0102
251.71413823294057,7.263092063519222,936.6179647408239,1.8212321753458303,22.844938168405097,4.559994838152919,68.71293827181617,3,0.9479782242474106,0.7880893880245481,493.5150279824344,420.82055586671174,BATCH_0103
331.5132947852186,8.13935215394429,1239.8300735915404,0.3406105384849113,68.07029019771949,7.352965317482651,75.52829453067781,2,0.9902753606268009,0.6040904858999648,436.60895303175073,425.06523921768553,BATCH_0104
199.85844582977498,3.85085509360774,2159.561187131813,0.4391875996179375,56.262843144968485,2.7450456040421245,42.173317394726865,3,0.7662321784358209,0.4926393270341009,409.2055364728857,418.18754288241814,BATCH_0105
232.07658460712594,8.714613312988778,2913.2568090759996,1.0367572378017242,31.9125715320921,3.8726804612494083,80.0025479899127,1,0.7798938831771376,0.3069993892022488,500.0,431.58557703631595,BATCH_0106
301.1102277086097,9.155289292891897,626.041934005523,0.2556830341724776,49.68970739728521,6.288857969801341,83.43002783360365,2,1.0,0.8087795260915251,399.40195247762165,344.06019115033365,BATCH_0107
195.75963309832449,3.4921403864002802,2725.960802138165,0.47236235093334766,64.53861473202346,2.6015871584413572,39.38331411644663,2,0.6552520883769597,0.3,453.238458933991,307.7265117216831,BATCH_0108
165.3959819657586,9.851693254436999,1942.2030032780212,1.8931561262028274,66.22470722411862,1.538859368801551,88.84650309006554,1,0.754820229319272,0.5570295622019183,500.0,258.94376576163734,BATCH_0109
207.9502905827536,2.266403752438826,1909.7989168890592,1.9553303561809856,49.97710471992572,3.028260170396376,29.849806963413087,2,0.6429313158214341,0.3010146371991389,490.20744909825595,167.43686354102852,BATCH_0110
182.2442574508009,2.81814101562241,1750.6963380194009,0.8148927257278016,38.31287180773155,2.128549010778031,34.141096788174295,2,0.6977559544582205,0.36158931699506963,356.24879000770414,193.13856655854138,BATCH_0111
335.9395304685146,2.658023553142235,673.4852147604585,1.8542434399264778,78.42455492230961,7.507883566398012,32.89573874666183,2,0.9370280906487535,0.5250926785350692,417.3091411644423,171.90309573056516,BATCH_0112
311.6240759128834,9.045907390070834,724.6921293404016,1.1351668837795204,59.80175665738957,6.656842656950919,82.57927970055093,2,1.0,0.7241050808704356,437.81221686117703,229.00838943119837,BATCH_0113
276.6807513020847,6.8886329709246565,2002.2800141477153,0.6125106851601574,44.49425116077792,5.433826295572964,65.80047866274734,1,0.7985001806453269,0.4382933650083845,500.0,144.22917105656632,BATCH_0114
324.29211803754356,2.3689385490004558,1352.3964285888958,1.4345575700531374,36.827793452279145,7.1002241313140235,30.647299825559102,1,0.8225255950004493,0.3098484921805978,412.7951269970103,164.15754632664823,BATCH_0115
310.7344153798229,4.962910765315141,2793.1701664442016,1.3519134324922286,63.866178980213725,6.625704538293801,50.82263928578443,2,0.7854976642794324,0.3,500.0,169.0548363411769,BATCH_0116
187.31401177720716,6.5376822256282185,1516.4763433986807,1.9793381063065933,34.531006735626065,2.305990412202251,63.07086175488614,2,0.7616892076892912,0.5081088822802882,485.45807891123826,158.8736416934317,BATCH_0117
328.51179969799557,1.7511767649044496,858.2036467566027,0.6035898460776382,30.302599338421288,7.247912989429844,25.84248594925683,1,0.879163727691007,0.3,284.7882967935933,259.2846844354505,BATCH_0118
257.86844838313016,8.94174731566605,2286.79708375509,1.3769130550572972,51.79003333772422,4.775395693409555,81.76914578851371,1,0.8263176189766471,0.4381850558752982,500.0,283.7351342152247,BATCH_0119
311.4880310328125,8.232431818973817,1233.3835536025244,0.1988451345559491,37.39924355864851,6.652081086148438,76.25224748090747,1,0.9511969415353784,0.6727583212286753,411.30071818508696,323.73095841129066,BATCH_0120
329.21825998469865,5.5468609621897444,1813.6757683897329,0.3159274735237669,57.7343086954169,7.2726390994644525,55.36447415036468,2,0.8677797941134727,0.4961551770092844,438.24572047248085,311.541233121536,BATCH_0121
213.60069499437276,9.704139537332534,2244.581963762925,0.10744491240707721,27.07632049245401,3.2260243248030473,87.69886306814193,2,0.8702007579680723,0.561036605586895,500.0,417.08382932808274,BATCH_0122
172.01038490553535,4.759848813475897,2750.6602780051758,1.998975294013379,59.2964662740393,1.7703634716937373,49.24326854925698,3,0.6550990070508708,0.3631016678771779,500.0,364.0104852942133,BATCH_0123
195.58703250838835,9.85699287132848,2480.4779870041903,1.6243200245802079,36.99779167986213,2.595546137793592,88.88772233255484,1,0.7618943637886308,0.4532655493246275,500.0,447.50952338167366,BATCH_0124
235.42155772525126,7.011279989232643,2190.90266968181,1.5947737279937275,20.014576066070763,3.9897545203837943,66.7543999162539,2,0.8660886127096588,0.48702136373600646,500.0,510.6025427176595,BATCH_0125
313.60295318449863,6.712041459285473,2199.082955987859,1.0684795430475413,27.616163460450583,6.726103361457452,64.4269891277759,1,0.7922010561372588,0.3250399896283469,500.0,420.28391024607936,BATCH_0126
322.1461166512687,2.493594057662065,2864.8116100802163,0.6701274575203359,76.01692267010564,7.0251140827944045,31.616842670704948,2,0.7258441371100094,0.3,500.0,427.89994205527705,BATCH_0127
151.39042610623815,8.937349824741796,1239.56024374134,0.3874021404790843,72.04127834692147,1.0486649137183348,81.73494308132507,1,0.7839621440543962,0.631355931463074,383.15382572303133,432.8933515202953,BATCH_0128
252.14946051551314,4.847407191285536,502.7802354904685,0.6408820038082809,34.01654192217421,4.57523111804296,49.92427815444306,2,0.8937709158785003,0.6629317844769624,319.0921626407091,390.96174755449636,BATCH_0129
233.4822006297558,2.460100652042314,1179.8863984954967,0.8143453216653642,66.70231427272947,3.921877022041453,31.356338404773552,3,0.7917733988589784,0.5373377618019323,317.9111308608266,328.4800970680161,BATCH_0130
194.42156209414605,1.1134676797818313,1044.7284490668599,1.5369891842625587,56.51429559043846,2.5547546732951116,20.88252639830313,3,0.7851695290086147,0.48848803093924625,325.283199018431,340.8797460095588,BATCH_0131
173.97307346673657,6.037801152745443,2154.5864627849955,1.1253573989159897,78.25428268699217,1.8390575713357795,59.18289785468678,1,0.6404930680870627,0.3796409692943573,500.0,268.1308885882165,BATCH_0132
217.5230342807256,5.746596599104087,2084.278999413823,0.24721889045541712,42.41633957204355,3.363306199825396,56.91797354858734,2,0.7799204192287569,0.45562058318051835,445.8487914872312,275.3849161536778,BATCH_0133
338.5819407825038,7.474182601322427,1983.6534567618096,0.13425511702193327,60.88763675103028,7.600367927387634,70.3547535658411,2,0.9017905892409934,0.5000641208772931,482.93089793407415,197.41727297298615,BATCH_0134
214.64058640415107,9.01232247716022,540.6086080236342,0.29443114111472,23.812143345435114,3.262420524145287,82.31806371124614,1,0.9481363794559909,0.6875549564368095,334.6623610733752,240.4320149725441,BATCH_0135
253.75812434867322,1.7146592617872658,2321.9451361266188,0.8799475560250207,43.77484080898436,4.631534352203563,25.558460925012067,2,0.678798099924202,0.3,432.3600401246114,146.598590662247,BATCH_0136
290.60379177903553,7.583468413063261,1308.8260312137288,1.8730665423931347,77.82905967129082,5.921132712266245,71.20475432382537,1,0.8779052320570323,0.601660672996875,500.0,145.4492805704694,BATCH_0137
222.7259204758588,2.68670749687824,2162.6399725165775,1.3110647142975211,52.338852467007236,3.545407216655058,33.118836086830754,2,0.7278543891331875,0.3,473.7069518026212,174.40551652109008,BATCH_0138
344.35641654419214,8.723593478414475,1891.4460712553832,1.6234692097634786,37.272770200090676,7.8024745790467245,80.07239372100148,1,0.8805866709190323,0.4379440472866023,500.0,118.18519656362102,BATCH_0139
342.48945898842226,8.371571624754905,1356.827313569768,0.9861117295586421,27.216257787716412,7.737131064594779,77.33444597031593,2,1.0,0.6497385664655752,500.0,176.91998747045807,BATCH_0140
200.35645916507283,5.867143794869899,836.4406677602694,0.7871655580705812,62.21170041089182,2.762476070777549,57.85556284898811,1,0.8399983642701221,0.5458472221551408,366.160344010911,233.1482654504901,BATCH_0141
249.44970117847708,7.392185187609804,736.0472441512023,0.30596070816158316,58.69136260578361,4.480739541246698,69.71699590363181,2,0.89018512836174,0.7051115594702951,346.4523244166817,176.77550296316352,BATCH_0142
210.17566196335395,3.8291510186537354,2578.795832780559,1.7642727421537894,42.43632281622648,3.1061481687173877,42.00450792286239,3,0.7359940314699531,0.37296129261356803,500.0,266.71615899059054,BATCH_0143
206.96809887549352,5.240511090395332,2795.993855203895,1.5880040551530155,77.05648111195006,2.993883460642273,52.98175292529702,2,0.6958952960945413,0.3,500.0,307.7964838274525,BATCH_0144
157.37738947090656,8.394732079394245,2124.470116910749,0.4194243854356777,21.33216877927102,1.2582086314817296,77.51458283973301,1,0.7287691078592509,0.5084969342061361,437.0167383761953,362.2775429186974,BATCH_0145
271.91286679597937,5.133386774558925,758.5852871512084,1.073295071364895,38.22343109790955,5.266950337859278,52.148563802124976,3,0.9267852579887187,0.6229188667988831,372.8850092325363,337.8914786736568,BATCH_0146
250.53580464577232,4.220184387928976,1505.068042220602,1.0260121350503653,75.26416917797488,4.51875316260203,45.04587857278092,2,0.7749203506341754,0.4263293055396045,410.7566309414761,366.4523187854541,BATCH_0147
160.29575024999787,5.447912025252699,2322.348000262893,1.2876739501044043,39.256126299166425,1.3603512587499256,54.59487130752099,3,0.7491243977025274,0.46049196609220905,500.0,445.5620575361725,BATCH_0148
205.72929284732228,8.454243271934965,2449.55221002517,1.8977550985833964,35.135170031310224,2.95052524965628,77.97744767060529,2,0.7877595216810035,0.4167268544030843,500.0,453.79841414035576,BATCH_0149
331.65317719333075,4.016872426337855,795.5465557277215,1.2015657393487114,52.05322459587484,7.357861201766576,43.46456331596109,3,1.0,0.6309566570433643,378.6899193271383,457.51478551037627,BATCH_0150
197.9123781333945,2.5638543382216943,500.07679711345605,1.1264128068793753,69.42810499523227,2.676933234668807,32.16331151950207,1,0.7695767674136611,0.5322638446596126,285.0838271323261,455.28232022826967,BATCH_0151
178.9789744182446,7.408126182977027,2280.3426147015125,0.19561357257586148,26.188805652701664,2.0142641046385616,69.84098142315466,2,0.7243133472543094,0.4679889744423849,463.28017500603096,409.50306892031136,BATCH_0152
247.89055205551261,8.433803914372735,1391.490439965514,0.21952420443424547,76.58124257874417,4.426169321942941,77.81847488956572,2,0.9122150060605563,0.6495968446817488,408.44490258212267,413.03362809281253,BATCH_0153
347.1300908221201,1.9057373067118,1136.2033290456507,0.45595890352089885,67.70437287086983,7.899553178774205,27.044623496647333,1,0.8531407448316645,0.3,332.05981669260433,383.79217419896054,BATCH_0154
198.41105430230007,3.1588670148035023,532.2436744738136,0.16169446621432174,30.875015333093117,2.694386900580503,36.79118789291613,3,0.8475783580996741,0.6194649319719294,203.02416792220913,317.39231422458704,BATCH_0155
284.4271094811757,2.277747907848945,1850.7485169037493,1.5123705015830236,62.72047767188976,5.70494883184115,29.938039283269575,1,0.7878954216201973,0.3,466.56698854749186,355.9732353343435,BATCH_0156
302.32392306574354,4.131472704239499,2627.876838564954,1.47432757758853,43.097523358253426,6.331337307301023,44.35589881075167,1,0.7389382176926907,0.3,500.0,275.39213086197606,BATCH_0157
197.52750879847994,5.053158810148714,2894.07911568147,0.35850684542012157,44.137680684579124,2.6634628079467975,51.52456852337889,3,0.6813252508308572,0.4147767270648247,486.03886020173735,189.26089508392084,BATCH_0158
295.6432697223719,7.739437032669758,1914.3623765332231,1.6885499115110338,66.99740554633198,6.0975144402830175,72.41784358743146,1,0.8669796285121241,0.4772425038861789,500.0,213.63059108103283,BATCH_0159
223.55662654385065,6.860328263935067,1786.1533193497355,0.39409346620761276,77.76708847884393,3.5744819290347727,65.5803309417172,2,0.7886304761677535,0.4755203385286444,433.28662345378694,140.8557393255145,BATCH_0160
276.4611661187159,6.588357107305881,712.6409637231028,0.6722336152949817,27.599352370831635,5.4261408141550564,63.46499972349018,2,0.9748295692792589,0.6802890451962658,368.26874141407944,178.72366416891353,BATCH_0161
276.7059421521789,4.171374519486889,1872.1820038564995,0.5730561084065935,45.23781421272916,5.434707975326263,44.66624626267581,2,0.8451167396036189,0.4224328006747756,416.80757290153167,184.75786737022213,BATCH_0162
257.1549368149517,8.57302797776284,1449.9476974134866,0.8073834872887907,48.856496485058216,4.750422788523309,78.9013287159332,1,0.8379992110265783,0.6026204505084937,451.0048394083858,130.49065650608836,BATCH_0163
168.05795401088164,5.241584506583481,2017.8382022089422,0.5838611551909275,42.57870901729986,1.6320283903808581,52.99010171787152,2,0.7403638718431655,0.48549640572075126,413.15307841782084,198.9974733096633,BATCH_0164
317.0604991178476,9.81194444213639,1471.8158696913667,1.0290067602330588,41.7913474229735,6.847117469124666,88.53734566106081,2,1.0,0.6413105801784844,500.0,206.3174106301122,BATCH_0165
214.15601299434718,6.707279244661631,1100.7478086259168,0.8740749745739023,23.13612005369579,3.245460454802151,64.38994968070158,2,0.8849035779973412,0.5844032766612068,392.1403270811114,249.661804799835,BATCH_0166
187.30370207997083,2.1363826740805245,737.4131880709413,1.9744820324807204,61.1323172337574,2.3056295727989795,28.83853190951519,2,0.8279420899955243,0.44327756698035015,343.7880795774338,318.0809327142409,BATCH_0167
158.1550283109528,7.085598058678906,1287.2961114722393,0.20626006524362878,46.17286502720272,1.2854259908833474,67.33242934528039,2,0.7895216570866654,0.5942069356412868,364.5922850377149,292.6383565199136,BATCH_0168
268.1785886376484,3.925936138885291,741.6120857193807,0.3701446151359681,31.687628158635604,5.136250602317693,42.75728108021893,2,0.864756259627079,0.581198927521041,272.9744081748144,316.2107718346534,BATCH_0169
285.51287236845644,7.1769447701748765,942.2423770599598,0.2003691984263447,68.9620101381241,5.742950532895977,68.04290376802682,1,0.8769869447183916,0.6183715429447042,338.08012603891734,348.31456711123445,BATCH_0170
153.31756578557122,1.6267703334616517,2968.340396448865,1.289098270466514,68.15364488909768,1.1161148024949932,24.874880371368402,2,0.5239114321899319,0.3,491.2489891835082,381.59170862901846,BATCH_0171
252.4186116598562,2.5739329345836346,1610.2588922665466,0.2035676270860672,49.18349768533363,4.584651408094967,32.24170060231716,2,0.7727635076877819,0.36687576824141005,317.3738628974313,427.5907592852424,BATCH_0172
195.2991550395876,8.701635330152076,1829.6794162625413,1.6892355010146343,37.907039668865636,2.585470426385566,79.90160812340504,3,0.8831920675861251,0.6711264478675937,500.0,455.1234331878595,BATCH_0173
279.03455808188994,3.044616013211634,2684.046321843038,1.0726833982956627,58.28556354778714,5.516209532866149,35.90256899164604,1,0.6835038965785801,0.3,500.0,458.30072397990057,BATCH_0174
184.8732858009983,8.53337012718646,2988.9222512267197,1.101314486704914,37.28912814664419,2.22056500303494,78.5928787670058,1,0.6912424057176706,0.408207605018812,500.0,469.7043714144412,BATCH_0175
288.1875476204932,3.5134847960896938,1956.7861233617039,1.167029564653169,34.16047581942272,5.836564166717261,39.54932619180873,1,0.752304410429688,0.3,467.53698667387323,430.2938673240034,BATCH_0176
227.34706926010747,6.785937190528369,2531.184552610429,0.42454604198180035,63.8308792415796,3.707147424103762,65.00173370410954,1,0.7541770711765602,0.3327206087848124,500.0,449.6720394927011,BATCH_0177
337.3459977473469,7.247355161588479,1317.352560841688,0.47561157591752634,22.41951438325704,7.557109921157141,68.59054014568818,2,0.9689651911146429,0.6862940653713734,467.5035000786432,367.0602950028615,BATCH_0178
177.50418882919865,5.613892778305477,1264.3598936182277,0.7057529134587088,25.68610826207564,1.9626466090219528,55.88583272015371,2,0.8702383279035385,0.5500471733404343,359.6573611714851,420.4279317630667,BATCH_0179
218.2132702100517,3.7477960902705814,1506.7593024864004,1.2276431900615177,20.407290441415388,3.3874644573518093,41.37174736877119,3,0.8413984682495015,0.5132432800708362,411.89318135216126,318.7700204329499,BATCH_0180
172.69470424811783,2.913799387339865,2181.268156684123,0.49922377428640763,29.17659118852557,1.7943146486841235,34.88510634597673,3,0.6807545127676968,0.37293749131484816,376.64565140597637,235.46241654213398,BATCH_0181
334.9387236557126,1.298704191061836,2205.479223137747,0.32103028155319635,24.139400522627568,7.472855327949939,22.323254819369836,1,0.7023476946840962,0.3,384.23758614046193,192.87322505816695,BATCH_0182
325.4678706761962,3.7355176111665145,1288.098586623627,1.9432220841950212,79.74814206679511,7.1413754736668675,41.27624808685067,3,0.9616045084269319,0.6080803914277706,471.61811755669686,208.40815527931355,BATCH_0183
201.58832554303112,6.878465114781547,833.0248103415718,0.14176544813828354,37.32859819724538,2.8055913940060893,65.72139533718982,3,0.9158117594515607,0.6551787786815331,303.08755454808636,163.39230587255915,BATCH_0184
281.9968092068358,9.444743366036343,2080.990641163771,1.6251250701384412,28.956080760154837,5.6198883222392535,85.68133729139379,1,0.8758324400572238,0.5575954383342563,500.0,176.53114087940273,BATCH_0185
313.4444400402432,8.840840340367468,820.8146554719112,1.5972667841925419,34.45977547975508,6.720555401408511,80.98431375841363,1,0.988793203147046,0.6048410843732758,500.0,164.19712873720636,BATCH_0186
261.0401623198925,7.8945829888177235,1946.2312705733252,0.6647068163056823,76.16753429240808,4.886405681196236,73.62453435747119,3,0.9110484530706748,0.6055218880319806,493.81473740596635,152.92625867693377,BATCH_0187
255.9301156712013,8.096026089279688,2233.5553201407724,0.3576905704138955,51.20961338146374,4.707554048492046,75.19131402773091,2,0.8137624003034811,0.48375349530559225,500.0,144.692377890282,BATCH_0188
198.37045818009034,6.984864131283957,2251.5287409861294,0.37669442874030445,41.88908577847141,2.6929660363031616,66.54894324331967,3,0.7625000247863033,0.5585575358595077,470.9685261898793,148.488566081442,BATCH_0189
168.62055356117983,3.342581718094027,2383.680276648992,1.4251200727506657,72.40348747455316,1.6517193746412944,38.220080029620206,3,0.6813823172291305,0.30962338457540234,491.6834443238921,211.60455143798964,BATCH_0190
329.44315159066537,9.16475527635247,2682.1485539141613,1.32133252306373,43.69941623294195,7.280510305673287,83.50365214940808,2,0.9238583366342861,0.493682884303194,500.0,286.86910706432553,BATCH_0191
330.0836114326661,7.036590807152506,1749.897479911971,1.5872167810776348,40.10051419746175,7.302926400143313,66.95126183340838,2,0.9372464415066645,0.6132440721117203,500.0,306.4228123239058,BATCH_0192
276.62029145465357,6.04396567882396,2325.622973823928,1.8812142275582988,32.43695135298413,5.4317102009128755,59.230844168630796,1,0.724077603763859,0.3,500.0,301.4506934040184,BATCH_0193
217.80595820974014,1.9989052229213295,2047.9318384145918,1.4146619902065247,42.66780943456469,3.3732085373409046,27.769262844943675,1,0.6491449433705349,0.3,405.87238483688174,380.19542777553465,BATCH_0194
219.84191492253217,5.023499894257829,966.5998494942064,0.39611791944774255,39.00106136101556,3.4444670222886264,51.29388806644978,3,0.9045434462400173,0.6250001757962537,305.82591403313063,417.62553856984675,BATCH_0195
295.1911357740479,5.143224440817336,564.2241121735204,0.5625409718542803,60.63823755788846,6.081689752091676,52.22507898413484,2,0.926401972530479,0.6535272663423676,331.5665781161136,403.3880874816316,BATCH_0196
329.42205199051546,8.78107248570403,1211.3534641923343,1.7001680886589177,37.37496228024362,7.279771819668039,80.5194526665869,1,0.9627469777475751,0.6016601548007143,500.0,449.50062712172576,BATCH_0197
327.4172848530235,5.919833981690096,1607.5842658440486,0.4976815440849963,54.63198478535369,7.209604969855821,58.26537541314519,3,0.9689534847726815,0.5645297608273463,395.95119434815837,451.74626155338,BATCH_0198
305.97510917152476,4.423604940733687,2042.7648610716408,0.2377924022135147,23.953529901918362,6.459128821003367,46.62803842792867,2,0.7967369101655486,0.4062403543737403,434.93095640224084,410.59976500844147,BATCH_0199
278.4063292308575,9.791202956595933,2624.8983262580136,1.436232102680276,31.47734940179086,5.494221523080014,88.37602299574615,3,0.9249721430725836,0.6603192904314986,500.0,440.63743137811406,BATCH_0200
166.82799299900978,1.9964853399368412,990.6142917654141,0.8648000754312698,44.444316296680924,1.588979754965342,27.750441532842096,1,0.6943320922475605,0.36252391223030644,257.7118134574418,422.88955296902947,BATCH_0201
182.32574281892275,4.802935854807501,813.8744747461927,1.8480760998372168,76.21695523452172,2.131400998662296,49.578389981836125,1,0.7957660392306357,0.534601096383179,381.8231685335557,407.49153729525847,BATCH_0202
329.7108377054159,1.3782220765426476,2908.6998686858187,1.335484635077957,42.635119142941726,7.289879319689555,22.94172726199837,2,0.7561933513024504,0.3,500.0,370.4369183264252,BATCH_0203
271.285811931918,7.659137086902373,770.1113984410179,0.2717960578041554,59.84444727199005,5.24500341761713,71.79328845368512,3,0.9715295607559713,0.7451922774295525,356.04563014476213,258.6699189612881,BATCH_0204
151.83941032332592,9.262688969792356,1696.227675267973,1.9009274777819554,35.30523334528389,1.0643793613164076,84.26535865394054,2,0.7732602245002814,0.6457888930947219,500.0,233.04239203716878,BATCH_0205
170.29430857320642,3.5203359659544047,1963.9093219832546,0.5912588009164672,27.622014558393904,1.7103008000622246,39.60261306853426,1,0.649039340149894,0.34279130818662173,388.61232237598597,240.45105801626013,BATCH_0206
282.7003538216112,8.725075091192089,1853.4360522685956,0.7407037317719429,23.51219600480301,5.644512383756391,80.08391737593846,1,0.8743405499913316,0.5166287129908294,482.72712948645477,209.34756134938502,BATCH_0207
151.01231676924374,3.62996407415708,715.080392582358,0.8642947859987298,38.32480991256508,1.0354310869235308,40.45527613233284,3,0.8318565974349782,0.6224920005533843,260.75243651359415,185.5476200215156,BATCH_0208
182.16161028349973,9.196931454795237,642.5672850090484,0.19732616316819518,29.45966160781448,2.1256563599224907,83.75391131507406,3,1.0,0.8623561200409472,318.34720483582436,270.69307077628133,BATCH_0209
259.7467578733172,7.785657132371055,763.7085686525892,1.0433793022381492,30.44062688096745,4.841136525566103,72.77733325177488,3,1.0,0.7393140716021973,410.12059877180565,167.126715320795,BATCH_0210
288.3790395385387,8.244160991572947,1963.9692096815313,0.33430513304305526,65.645558503217,5.843266383848853,76.34347437890071,2,0.9302116918008929,0.5713026034964885,488.386498904193,189.17809526205764,BATCH_0211
280.39225190052014,1.1620590004040905,1860.8622190858027,0.8618436207078682,20.950284256692452,5.5637288165182035,21.260458892031814,3,0.8333845072865339,0.40246628409022506,395.87983643691007,198.71624233713018,BATCH_0212
194.85386189211195,9.665293213666233,1084.3519800918607,0.7663485971849601,53.468607544126066,2.5698851662239184,87.39672499518181,3,0.9709533052972618,0.7962472146488068,410.8577501446459,213.47572036119186,BATCH_0213
292.4358442695072,7.540038928632909,2094.435354613979,1.5683961585103563,42.767682835607886,5.985254549432751,70.86696944492263,1,0.8162237171338367,0.4013678581221362,500.0,215.54192266078894,BATCH_0214
197.44981749936002,3.7427598584751998,2550.1687551391233,1.6260239721021892,50.392999994512834,2.6607436124776003,41.33257667702934,1,0.6410605908725321,0.3,500.0,283.9462198494193,BATCH_0215
215.07993963185356,8.464551983729622,603.9473996164844,0.3914844765392672,53.76981423287617,3.277797887114874,78.05762654011929,3,0.9628704309010001,0.8222272333164999,371.6322281789603,276.8152435638725,BATCH_0216
299.29828102360483,3.5336907857343696,1745.324858870106,0.7964472560205298,38.80206166743669,6.225439835826169,39.706483889045096,3,0.8732415498264835,0.47408838602967673,413.94999087519994,331.7182985631767,BATCH_0217
279.92657980944296,8.85478455609515,2223.276030256726,0.8093710059604802,37.706531611057116,5.547430293330502,81.09276876962895,1,0.8145992820759349,0.5359613108762965,500.0,360.4390935651261,BATCH_0218
319.8446820988356,2.013223513707433,1130.7798176742176,0.38767984347856155,64.00411096009435,6.944563873459246,27.88062732883559,3,0.9221029911406367,0.49990513596320546,276.7445363660123,408.52224135957204,BATCH_0219
281.52257846006864,7.333173797147162,1269.4272632328727,1.617061659597262,72.27661928726943,5.603290246102404,69.2580184222557,2,0.9960716303445873,0.6015423965454988,473.1246944303401,499.34356756787133,BATCH_0220
263.6617206670943,5.866286289804193,2034.0947574734596,1.4437338238373043,31.554897947511673,4.9781602233483015,57.848893365143724,2,0.7622419100875489,0.41822858097929333,500.0,388.87091816560775,BATCH_0221
168.7349535656185,1.8688102317589674,2744.8382336093423,0.46172539396436596,25.85712563210894,1.6557233747966473,26.757412913680856,2,0.6071119052232858,0.3,415.27188885650827,470.58780571123543,BATCH_0222
223.54316061188672,3.177044454329551,2524.8110507572483,0.7967716263282182,73.86774838352156,3.5740106214160345,36.932567978118726,3,0.6867176895022084,0.33869221534828226,483.18152082971,396.5073978076706,BATCH_0223
203.04047353634508,1.111636326495833,1957.8255477489588,0.301029547227377,40.99372781884392,2.856416573772078,20.868282539412036,1,0.6044892002726622,0.3,300.0607674861772,415.74585459398315,BATCH_0224
198.7979286758167,5.218911689180553,2325.554294393123,1.2935925344767836,53.07904343976885,2.7079275036535853,52.81375758251541,3,0.799800336816999,0.508087805044529,500.0,438.73453508700345,BATCH_0225
344.6021109504891,3.711387346840003,1412.0561755194967,0.3306066566423774,41.57258867120021,7.811073883267119,41.08856825320002,3,0.9577937644185933,0.5904185351186211,398.02490346096886,376.9284005728641,BATCH_0226
228.61954493335207,6.38521735867983,2102.4138202468944,1.9732749203873439,27.548140180763077,3.751684072667323,61.885023900843116,1,0.705798443149318,0.35004610383763324,500.0,306.4905134275,BATCH_0227
328.40931103542266,3.675140269377555,1665.4539778188923,1.5832959419069383,55.35989869686368,7.244325886239793,40.80664653960321,1,0.7972166869196633,0.3,493.3038599682591,278.5408887222019,BATCH_0228
276.2277251994526,3.699272003562862,974.8403411439023,0.8414532442095906,51.50845110617778,5.41797038198084,40.994337805488925,1,0.842613870447238,0.4790461854493362,343.09377875458836,281.5650757026628,BATCH_0229
308.9622607083297,7.6887387885844305,2254.345684693143,1.1992714713307735,32.17961355147183,6.563679124791539,72.02352391121224,2,0.8604783827530529,0.45458057382168965,500.0,203.08900104848536,BATCH_0230
250.5274186210384,1.4332855238051811,1891.161593372055,1.8315494508111767,47.11214267913667,4.518459651736345,23.369998518484742,3,0.784393959314837,0.4048007775531262,479.82401643122193,200.42774050947727,BATCH_0231
265.3807769252718,9.126054956727884,1396.5539548839783,1.1527886327520698,67.81685024093875,5.038327192384513,83.2026496634391,1,0.8875447148662257,0.5077260023761253,500.0,171.4633446294486,BATCH_0232
248.50353876377278,8.670374869520632,2778.347975196577,0.43154712415611485,55.42556618647348,4.447623856732047,79.6584712073827,3,0.8300951877102848,0.5572440532893993,500.0,135.5631156284652,BATCH_0233
189.0485975596089,7.0102421490376585,552.3352945668332,0.8195363756042027,25.81503962401969,2.3667009145863114,66.74632782584845,2,0.9493849396547752,0.6624344677729861,311.222777033067,214.31832267975977,BATCH_0234
294.490423052301,6.338994130966459,1289.43287812374,1.7019752435565163,52.881289833748106,6.057164806830537,61.5255099075169,2,0.9371332460912714,0.6034431825816845,484.76094301691313,174.12869672617998,BATCH_0235
206.15447248817117,9.03072248325687,642.2034944441164,1.324004730380274,62.16429795737521,2.9654065370859906,82.46117486977565,1,0.8246383649980512,0.696546272895718,451.93555389916435,109.3419118326059,BATCH_0236
154.86319328629077,2.66797161575843,2416.318290554068,1.3363763302342206,67.56220434684508,1.1702117650201769,32.97311256701001,1,0.5705107918002167,0.3,458.3939511051472,199.52761226509995,BATCH_0237
279.09445918143354,1.7107224597174575,2255.268635284481,1.7469608228081295,57.747054718056006,5.518306071350175,25.527841353358003,3,0.7630338236099725,0.3130674589570467,500.0,205.14640605694768,BATCH_0238
185.4221358814098,3.155591529185843,1328.3805468407927,1.798548809178759,29.159489872447026,2.239774755849343,36.76571189366767,1,0.7178365227617499,0.3920242157204875,411.05807767471254,286.75014327850806,BATCH_0239
338.0917168705829,8.151204508301714,2189.1572555176826,1.847605886380929,62.61039599540964,7.5832100904704,75.62047950901332,3,0.9522076044422216,0.5939645873420236,500.0,276.22437784701754,BATCH_0240
340.78571540051746,1.31203240053835,1489.8430654898746,0.2802134671809966,60.64051076489098,7.677500039018112,22.426918670853834,1,0.7943968249280874,0.3,337.7980463203911,335.380763521371,BATCH_0241
332.9728780440897,6.245261515751407,2390.634478556086,1.1338394037298918,21.465612976437992,7.40405073154314,60.79647845584427,3,0.9317769684440448,0.5644448438764279,500.0,390.14961836941376,BATCH_0242
224.0317400510889,9.95893764572179,1635.4591568417652,1.5069680903148053,44.70486005541459,3.591110901788111,89.6806261333917,3,0.9683464162432872,0.6805145926722517,500.0,432.03867300308593,BATCH_0243
153.09132330577347,8.701264844537855,1530.6993195791638,1.5381610057413262,39.9770148177424,1.108196315702072,79.89872656862775,3,0.8186517824185242,0.7745772379050091,500.0,393.8949183559922,BATCH_0244
335.66371251754504,5.693011201392305,2836.8247887207526,1.2527607837430075,60.164723855218604,7.498229938114077,56.50119823305126,3,0.8625429163725025,0.401156510358072,500.0,434.85383686813174,BATCH_0245
235.63682966346286,1.572768183579781,1127.1977497267505,0.41689593684898096,32.968148738655245,3.9972890382212003,24.454863650064965,2,0.7626680140220897,0.37724329385838706,269.9641254549597,435.7516406651713,BATCH_0246
343.33096380873394,8.482361629471388,801.1183499914137,1.6150990524891622,55.45231537845551,7.766583733305687,78.1961460069997,3,1.0,0.7576004325067268,500.0,425.28899696614883,BATCH_0247
342.7239954178506,6.390806573594895,1961.3577831486455,1.468211533678397,74.79235770885035,7.74533983962477,61.928495572404735,1,0.9165951314462898,0.3878739947586456,500.0,482.86743777609905,BATCH_0248
320.601891093472,2.0343969735361016,2923.304530710447,0.2636579659431689,67.86814233251647,6.971066188271521,28.04530979416968,2,0.739574919436187,0.3,472.9589254048535,418.2154685068119,BATCH_0249
208.88977841391713,1.844715563410206,1444.5980343179667,0.9812386668813148,75.28746417299183,3.0611422444870997,26.570009937634936,2,0.6923897283066325,0.37105837972537825,356.59478152473037,337.1734813699489,BATCH_0250
227.01954572038505,9.186641374929332,655.0919090719538,0.43055705909142683,78.71035801596139,3.6956841002134766,83.67387736056148,3,1.0,0.9205517976519082,373.8034511132776,366.35871517702043,BATCH_0251
320.2273343033714,7.022802366442706,1348.2631682739186,0.7412063868546466,20.640207620369765,6.9579567006179985,66.8440184056655,2,1.0,0.5339335891851773,457.3014555647397,363.6646859103788,BATCH_0252
213.38440103125555,8.4635811938508,1764.829135798896,0.13435407519080234,57.364476582648656,3.2184540360939438,78.05007595217289,3,0.9224436518608944,0.6650424514771879,422.31302625072266,292.15110105115696,BATCH_0253
183.8985493372185,8.910810102540406,904.8075165805342,0.8606267499804406,44.770363865534385,2.1864492268026474,81.52852301975872,1,0.7941490510829635,0.6018257498351887,412.9193063621672,179.4189010213791,BATCH_0254
261.36025249167005,6.1459511684349,2145.25554514123,1.1447661501967998,71.5912694201073,4.897608837208451,60.02406464338256,3,0.8481318100630821,0.532877266750727,500.0,179.4069606360305,BATCH_0255
337.23095483215616,5.657017165795372,2994.3734725255017,1.277206926371465,35.108882120547904,7.553083419125467,56.221244622852886,2,0.8488287548216221,0.32742569783933123,500.0,208.10352390793344,BATCH_0256
289.2059593349946,4.873846692888912,1629.3486899536094,1.3606316557445493,78.86176934690457,5.872208576724811,50.12991872246931,1,0.7851049140279207,0.3694168183720631,499.3518583986555,133.88104208807627,BATCH_0257
264.01223401787297,3.8525192901200738,1386.8213918255315,1.688953494894674,56.82247817262484,4.990428190625555,42.18626114537835,3,0.8934314913186187,0.4387395426879767,449.37749612060725,163.31458284438685,BATCH_0258
169.4352987541537,4.911363647728406,1501.7604170861666,0.5093795238238871,67.61224413372986,1.6802354563953799,50.42171726010982,1,0.7207607599447086,0.41480244960948387,342.63948845997146,178.35014765951948,BATCH_0259
273.00144533983394,7.964916901571407,787.8654459880029,0.32891546263308913,25.1359731693661,5.305050586894188,74.17157590111094,1,0.8914626335448793,0.6501476046766945,382.41310666362114,142.28827528499158,BATCH_0260
348.01077002085265,6.417310879136184,2708.1840035655596,1.7179206266060587,31.007473085531903,7.930376950729843,62.13464017105921,2,0.8579165066364776,0.38061739051892995,500.0,192.1482221401631,BATCH_0261
178.0168030473048,9.032709609593615,1537.06413880338,0.3975643482960348,65.50422038205218,1.9805881066556683,82.47663029683923,1,0.6884678439328346,0.6112548183365754,447.3643583147414,127.76197979792799,BATCH_0262
253.66593047274733,4.99042012941269,1468.1860285621033,1.952044154538771,21.319191322359416,4.628307566546157,51.03660100654314,2,0.8052878215360041,0.45211295356243825,494.69723398914937,230.44551399459257,BATCH_0263
325.47461438559105,6.463806208468786,2149.225682326186,1.7008226358574103,69.01267915362698,7.141611503495688,62.49627051031278,1,0.8252356394270772,0.39730614442065404,500.0,292.4229554582059,BATCH_0264
298.1537235508409,6.681767977827898,1605.0835523278088,1.0516655511902384,20.836941121514688,6.185380324279431,64.19152871643921,3,0.9159489034622288,0.6678954112321437,497.5341651923667,301.3893613064324,BATCH_0265
289.4031481990536,6.32527446075693,2120.583672019615,1.9647007073518479,59.4271303436764,5.879110186966876,61.41880136144279,1,0.8452342827705721,0.3,500.0,423.97233911794814,BATCH_0266
290.49681679742184,7.323703957769647,653.6157253269688,0.285015785305208,41.905635213908354,5.917388587909765,69.18436411598614,3,0.9917773965878383,0.8006655348176444,313.87782368482806,363.16177583916334,BATCH_0267
221.89823024395105,3.1369012153732565,2534.3083593055685,0.6758249462326931,56.68969116315195,3.516438058538286,36.620342786236435,3,0.7186902512060611,0.3227882667950401,438.58058042060446,416.702475966756,BATCH_0268
208.71836885289866,5.611273997912116,2851.2598821985066,1.3126263885771619,61.76188441934682,3.0551429098514538,55.86546442820534,1,0.6467652755538432,0.3,500.0,448.8110912619426,BATCH_0269
311.8722310957027,1.938023225275129,2121.9134653984647,0.7650130500990395,40.548513151178255,6.665528088349595,27.295736196584336,3,0.8741178170413116,0.3720987205146854,426.8260871032449,493.23819867198347,BATCH_0270
312.02267893583615,4.460601948803313,2886.414822147027,1.8639078487635046,26.47774688665013,6.670793762754265,46.91579293513688,1,0.6772456676047572,0.3,500.0,401.81300940797735,BATCH_0271
323.41446371602075,5.38900361759138,878.5807859249082,0.22468956753785338,24.17875206489594,7.069506230060726,54.13669480348851,1,0.9458029857585046,0.49186803296224185,313.92976841909183,464.7987231323145,BATCH_0272
332.64811051129425,6.870018335909252,1693.5404737008841,1.1438824809158328,55.33616135375287,7.392683867895299,65.65569816818308,3,0.9848722311639961,0.6156135164853038,500.0,406.37300900857014,BATCH_0273
252.26847977218756,9.55477947327583,2004.5168348636182,1.2226459080507175,51.23932122404669,4.579396792026564,86.53717368103425,3,0.9035574629171762,0.6285185056211164,500.0,345.55474046856085,BATCH_0274
250.30325893743992,6.405859598935203,1954.3416185529668,1.340183435176726,64.53206054726795,4.510614062810397,62.04557465838491,2,0.8359362256598047,0.4336436253535721,500.0,352.68596099327635,BATCH_0275
309.65903579335503,7.692345245589038,1503.654447722608,0.5857658243304474,50.58413060023623,6.588066252767426,72.05157413235918,3,0.9991853757545314,0.7018846348216647,457.97771444943584,305.9717908672051,BATCH_0276
279.99278615555306,5.556394535456825,1345.2110234156535,0.7926762122877424,45.346747401852745,5.549747515444356,55.43862416466419,2,0.8654972886766735,0.48945970590462673,400.0617468233851,243.1706369198577,BATCH_0277
290.3933754515407,6.706936282386982,817.060056376047,1.7029930063634575,43.885230694173856,5.913768140803923,64.3872821963432,3,1.0,0.7660299025616775,460.20000182494084,227.09406254970102,BATCH_0278
309.1585338872202,1.638389945203961,1479.3561264056955,0.47039126104330364,21.586814155860047,6.570548686052708,24.965255129364138,1,0.762018434772991,0.3014265084001244,339.4997587514312,182.37457491616604,BATCH_0279
328.00106836351324,3.289524227576623,906.6520377637128,1.671048909629388,40.13343210179943,7.230037392722964,37.807410658929285,3,0.9746649102514863,0.5240069784784657,443.83794400863366,173.5017097898717,BATCH_0280
217.59903137030716,4.256677838846248,2335.914191230546,1.1690453035152106,78.56120945146965,3.365966097960751,45.32971652435971,1,0.6857233730844199,0.3,473.23000986735565,174.9750462922714,BATCH_0281
225.11659052798882,5.252440195058622,1022.077338736475,1.548156271268756,72.41333457362532,3.629080668479608,53.07453485045595,1,0.8459797118146039,0.5398254495637035,434.7905618106243,197.58050448436057,BATCH_0282
168.7963879681738,1.4108387095214536,646.4132632113347,1.455853995900596,39.762684022053065,1.657873578886083,23.195412185166862,1,0.6581656361368907,0.35976845019854686,290.50167938769715,117.97666109183417,BATCH_0283
265.6560281992348,2.2602168779798593,1880.915344543086,0.4942718412312701,55.267724303982334,5.047960986973218,29.801686828732237,2,0.8243781394350732,0.30829496196982287,361.6308380914891,234.0871906720226,BATCH_0284
157.18845475934842,3.491328770121752,1988.074331798504,1.1807441992243586,70.83780473212963,1.2515959165771946,39.37700154539141,3,0.659406449632228,0.4571562936872573,428.6580430047965,135.3713488363428,BATCH_0285
243.11960362649205,9.743794218109455,2679.7826532012637,1.7486739903296755,46.476460205004116,4.259186126927221,88.00728836307354,1,0.7690593228815126,0.4494046642064821,500.0,220.44644714893172,BATCH_0286
258.52892694151535,3.9821230639274567,1942.4540310442046,0.9210208499236657,21.077471825009056,4.798512442953037,43.19429049721356,1,0.7504245819310654,0.3,448.3399855126743,278.8266594291596,BATCH_0287
207.30825042565687,5.338369523008743,1363.7021343086144,1.936522463424302,24.470627709118403,3.005788764897991,53.742874067845776,2,0.8134092261731937,0.5002586424052711,500.0,308.42975603205053,BATCH_0288
268.1666521138021,2.764879414645536,2507.5297038158014,0.9592086901932643,50.6235632809224,5.135832823983075,33.726839891687504,3,0.754180878506831,0.38939953835400765,493.2296756192525,320.14187117075903,BATCH_0289
156.10004998780988,6.497020639681915,1850.6972329685527,0.37129270966898087,78.1663625405527,1.213501749573346,62.75460497530378,3,0.7817410166332458,0.6457244264831391,414.4776959582471,368.75633248928176,BATCH_0290
157.4696377498429,3.5261489396437686,698.2007115779793,0.8399258921475791,61.59257253313206,1.261437321244501,39.6478250861182,2,0.7573465315767148,0.5926633407251659,263.696854735605,391.2759891382165,BATCH_0291
314.5201121319317,2.8629332059458408,1914.6264007831167,1.9082345721420206,24.254971486314172,6.758203924617607,34.48948049068987,2,0.8009277214798727,0.34866616803858286,496.70125924090127,412.2228678593386,BATCH_0292
222.03812828225256,5.649153656013811,2770.046363554156,0.707469613745723,31.361652547511767,3.52133448987884,56.160083991218535,3,0.7889055552288271,0.37296283655733226,500.0,470.37693685399086,BATCH_0293
175.41210253037696,1.0495521924437874,1490.7815637455515,1.7493865037474194,66.27938859301099,1.8894235885631936,20.385405941229457,2,0.68785108585856,0.30509201888205195,397.01347873181516,460.7104645789514,BATCH_0294
254.44865201096087,1.0689762938430278,1240.8145047495002,1.7743762951955906,70.48638559737469,4.655702820383631,20.53648228544577,3,0.8057757296500418,0.4774607999254341,361.0605903224494,424.1015860855406,BATCH_0295
303.99871061972215,2.9716192819167198,858.6736425450501,0.765354396230726,57.06167517131545,6.389954871690276,35.33481663713005,3,0.9717252011174501,0.60460896563944,304.60130978554986,456.8918068306637,BATCH_0296
193.16420549936862,1.3304922625073903,878.6138048383933,0.25818955029620105,58.66539017778899,2.5107471924779023,22.57049537505748,1,0.7087039319887433,0.41712434986738556,212.12787772597326,415.28500280428005,BATCH_0297
274.57809516380007,1.9722317871762223,1581.9287108545473,1.4766600274017547,21.70024702300308,5.360233330733002,27.561802789148395,1,0.7618542976041296,0.30653771101900545,404.6028205557406,399.38586356516913,BATCH_0298
167.0694929987536,4.049745844048765,1989.1995604038239,0.6918733681265734,69.71181557489051,1.597432254956376,43.72024545371261,3,0.7578173103051314,0.40009808113759676,389.3512132143191,357.71172202308765,BATCH_0299
160.33634423372155,8.223271116218315,701.5385129240044,1.5875548670893875,67.29651249024977,1.3617720481802538,76.1809975705869,3,0.8938088351965053,0.8577521156232506,418.88740473979766,275.1301496723378,BATCH_0300
256.2709263136296,6.148437790323707,2848.9214725629145,0.9410442116948229,35.54210864620083,4.719482420977036,60.04340503585106,3,0.7845205331091616,0.3729563792022417,500.0,244.37171202871355,BATCH_0301
258.12702432202127,5.614009533607748,2387.8340436129897,1.022006810450981,62.52060319793042,4.784445851270746,55.88674081694915,3,0.851799299658835,0.44589974666470317,500.0,247.41880815369925,BATCH_0302
277.4859802996413,3.6413994088730948,1966.5597957091568,1.57802787282222,32.891276385499886,5.462009310487446,40.54421762456852,3,0.8613002927833747,0.4577451270165368,500.0,212.24509078502203,BATCH_0303
295.21826674453234,9.385783474895348,2571.096677347477,0.826490329017093,22.41980966309078,6.082639336058631,85.22276036029714,3,0.9266191542357167,0.6602759997907227,500.0,169.46914161341036,BATCH_0304
345.1704158925069,4.573135371134725,700.4668920302832,0.9419419561135376,32.06819255542264,7.830964556237742,47.79105288660342,2,0.984115593452042,0.7182819728686891,341.2063166597607,158.6309475559032,BATCH_0305
253.26006966023908,1.7838349011619434,1692.097194332811,0.814761890662282,30.71773260525797,4.614102438108367,26.096493675704004,3,0.8418989390105058,0.4409368115940457,356.75801839757776,188.32994687365274,BATCH_0306
214.59129458824918,6.5535986450602115,2075.2328171541585,0.7979469790268319,40.26487980409084,3.260695310588722,63.19465612824609,2,0.7618975004520459,0.4573604933192911,496.0172985823015,137.363984391565,BATCH_0307
309.0372389537407,2.0245455412894127,2571.6322652957233,1.0992984961127727,45.10696983052749,6.566303363380926,27.968687543362098,2,0.7602104899909723,0.3,498.3072235582384,186.5091108674352,BATCH_0308
204.16645025241485,4.107008285215229,2458.673900123169,1.6367189445521864,50.51233348986247,2.8958257588345195,44.165619996118444,3,0.7335469243738492,0.42753323199707033,500.0,187.86820324900026,BATCH_0309
237.7942841411272,5.56670744846028,1192.673124283499,0.7873597926528751,48.60523253049969,4.072799944939453,55.51883571024662,3,0.8971841470708363,0.6258665048864206,384.9836262219141,218.4695639031835,BATCH_0310
165.69127626845318,8.868002722166583,2852.2004238980107,1.0960839690216997,36.24047635791736,1.5491946693958618,81.1955767279623,2,0.7478386023595597,0.5099562742916028,500.0,294.14044879423693,BATCH_0311
155.0701486830915,5.441919223061068,810.8646035771759,1.3743819183409416,21.750240114444466,1.1774552039082025,54.548260623808304,2,0.8238018553277797,0.6203144429501214,369.0705351319218,324.7624904696394,BATCH_0312
342.529682935585,7.3203288942849785,2687.8340465528804,0.6119349479769445,56.306097334229044,7.738538902745475,69.15811362221649,3,0.9483148261770733,0.5025251846918062,500.0,363.228145845397,BATCH_0313
317.19602410244113,9.935351550991633,2927.350624011546,0.6272933293145458,43.744689790841264,6.851860843585441,89.49717872993493,3,0.9708793694159801,0.5750202701301212,500.0,414.1643642146289,BATCH_0314
289.1948412187396,2.1834020790818345,942.8838080565639,1.8734849413445642,37.92032944325298,5.871819442655886,29.204238392858713,2,0.8580622934048341,0.4814520851803872,411.6422797983633,406.696132426965,BATCH_0315
231.79058888285397,3.4725837296756756,2305.165160509463,1.4747156893290685,72.01646256983074,3.8626706108998894,39.231206786366364,2,0.7372876397744593,0.3439388798741969,489.65971041548863,450.3623997065144,BATCH_0316
184.65886401416915,4.551184680378817,600.7137969449961,1.196654684824287,64.80459846788959,2.2130602404959205,47.62032529183524,2,0.8183174511683422,0.5833044294555499,335.8766853917817,435.58087124555675,BATCH_0317
181.2874085342172,4.796453606849482,1513.5570628478874,1.3306681033991627,71.46593290234654,2.095059298697602,49.527972497718196,1,0.7158569062180291,0.3782742329035667,427.0062246646161,459.72499057465325,BATCH_0318
200.04857963291906,4.699189677389912,1790.708247994185,0.15566894189649488,49.69896768274766,2.7517002871521674,48.771475268588205,2,0.7468714217101519,0.3912449698249455,357.97684772228547,440.98458231232996,BATCH_0319
259.8453329412241,9.168499023008994,1951.6130647740852,1.274395634567224,27.855875127606648,4.844586652942843,83.53277017895884,1,0.8399961471692589,0.5225019404034905,500.0,432.81368951744724,BATCH_0320
292.91918454001245,7.426293800201708,2839.8431206213986,1.0680668591259836,61.773286167276346,6.0021714589004365,69.98228511267996,3,0.8821123216574422,0.4950924176106745,500.0,423.92072794109,BATCH_0321
282.03947534354626,6.471146926816334,2180.626718235487,1.1369243915809277,32.36442679623052,5.621381637024119,62.553364986349266,3,0.8624656559240298,0.5439837318424988,500.0,350.45337950299705,BATCH_0322
205.98677938918857,3.784354460765039,1703.1948780480925,0.7829052709785524,46.47378014550301,2.9595372786215997,41.65609025039475,2,0.8081898966312057,0.4797809168786614,372.08418457254504,401.5944750359421,BATCH_0323
340.9730561326388,8.414113457991652,2524.1875906647233,0.2548004056545896,23.90004733693331,7.684056964642359,77.66532689549064,3,0.927139796594303,0.5494746551245829,500.0,269.81947855500994,BATCH_0324
297.5793833391537,9.5955446033649,2876.3320523860225,0.46734454386289914,69.51850414537896,6.16527841687038,86.85423580394922,3,0.8729580528319381,0.5695710373855432,500.0,224.75148485099174,BATCH_0325
260.87081050228016,8.390784542952039,555.1653717057271,1.9064149551040763,27.556438462850036,4.880478367579805,77.48387977851586,3,1.0,0.8004765580911476,465.71718408597974,259.7433262050025,BATCH_0326
272.3441492468704,1.0140859467232561,2956.303180640097,0.8765291683147745,74.18585042295858,5.282045223640465,20.109557363403102,3,0.729871494549016,0.3,500.0,217.68386364090546,BATCH_0327
233.92001248555798,6.727612331650663,715.3303476592008,0.9866979960786418,71.85383613569343,3.9372004369945293,64.54809591283849,1,0.8799694258174,0.6232624377179434,399.88466520030056,188.8197839439,BATCH_0328
199.5461979002315,1.4602184329789065,2535.9669481719034,0.2001486007215341,47.87496586635476,2.7341169265081025,23.57947670094705,1,0.5947235759839857,0.3,370.12719539544776,173.96149133456842,BATCH_0329
221.1945357302523,3.318464983003497,1200.8368813785312,0.1713758361335631,64.66209225823944,3.491808750558831,38.03250542336053,2,0.7911294816946324,0.4582783170034557,295.30157709282605,149.63259681459257,BATCH_0330
301.5692220928738,1.5357223031299452,830.4491443846794,1.4626447493888397,57.166704429089194,6.304922773250584,24.16672902434402,2,0.8389301054601235,0.4534023033896955,326.514783964582,128.19349491206466,BATCH_0331
152.87869772595118,6.43415907654449,1599.6390992845872,1.1223798618301115,68.1845385402647,1.100754420408291,62.265681706457144,2,0.7558648880598858,0.4706675937723652,450.76602408085756,172.37032617814637,BATCH_0332
173.21452810138325,7.179309221433461,2109.891448619034,1.0665413700109068,45.908306047154724,1.8125084835484135,68.06129394448247,3,0.7776945452951665,0.549541584397293,500.0,173.61913147665445,BATCH_0333
159.20052840435056,2.030388742593146,1452.3796125586875,0.5619366078030705,67.14850905466099,1.3220184941522692,28.01413466461336,3,0.762871526254051,0.49782905798005517,301.1164239059033,254.25359200253357,BATCH_0334
158.14576046379403,4.454549947404815,636.4135207067474,1.5150263900968524,47.74740902390888,1.285101616232791,46.86872181314857,1,0.7419119563102864,0.5418897816039934,327.10189730831627,256.76542178955594,BATCH_0335
321.0921168022014,5.106128580599878,1998.6528491467916,0.41964950030613457,76.45794727056763,6.98822408807705,51.93655562688794,1,0.7885575445786802,0.35991147961766934,430.5258061984304,275.2350840962241,BATCH_0336
290.73157187600475,4.321477195848249,2756.008190276687,0.46087601295593805,49.18232604950886,5.925605015660166,45.83371152326416,2,0.747038885321245,0.3,500.0,329.181281515787,BATCH_0337
244.83476581746504,2.0892250043667375,1458.0384148681292,0.9753531255617234,47.75715631602377,4.319216803611276,28.471750033963513,1,0.7323641363436182,0.3039355142847252,327.85771236800645,387.38794362826866,BATCH_0338
169.56683213020028,4.770530111687279,1040.8319440770674,0.6439317380126877,67.10431169381076,1.6848391245570102,49.326345313123284,1,0.7147991422536613,0.44409408937511846,313.0964695443994,389.15428059386227,BATCH_0339
248.32317502336647,7.760602430275763,1606.4433648320385,0.5701796643429781,69.29466150565028,4.441311125817826,72.58246334658926,1,0.8003531425753259,0.5298989488162419,470.00159749063516,405.23719870067305,BATCH_0340
244.69435415611315,1.639068980799299,620.9067776219522,1.3259515246513303,53.26934685927024,4.31430239546396,24.970536517327883,1,0.7851138079071005,0.4285555837189222,296.96966934302276,452.1994902881169,BATCH_0341
184.64037398200304,1.7216201267371312,2551.218961200687,1.3368463159152346,30.787868809704523,2.212413089370106,25.61260098573324,1,0.5723242567539525,0.3,497.8512744935784,457.34899713326166,BATCH_0342
236.7703298475946,4.192941626523858,2565.852027375467,1.6665824326198655,48.06549385745477,4.036961544665811,44.833990428518895,2,0.7001527049269004,0.3,500.0,429.6805786822263,BATCH_0343
229.70094687947469,9.475531404570326,1970.001158574071,0.8936462772486541,78.0843501745807,3.789533140781614,85.92079981332475,2,0.8474803331164058,0.5079701084856633,500.0,415.7726613991166,BATCH_0344
273.1700196104433,7.017153820506227,1382.7572223459738,0.23886167294968547,65.1791715823511,5.310950686365516,66.80008527060399,1,0.8598540163536192,0.5504729514712716,401.24694004212347,413.0275152987109,BATCH_0345
277.01873017352875,7.108029610053083,2499.4584111144586,0.6199661313507695,68.66975623274793,5.445655556073507,67.50689696707954,2,0.7757801192405139,0.40346222492789274,500.0,331.55746975508066,BATCH_0346
159.0608019544089,4.257279917540785,1886.717561970918,1.9620103800739521,21.969529929154408,1.3171280684043116,45.33439935865054,3,0.7010450821162544,0.4491533319358902,470.21681418767486,296.59894353408066,BATCH_0347
224.92252292529423,6.342947120876846,2564.8307713750405,1.232891292942134,48.071567758049596,3.6222883023852983,61.55625538459769,1,0.6750416769952549,0.33079581769329214,500.0,278.446673362429,BATCH_0348
275.1719831428473,1.0911806562496904,2078.6469814575516,1.4485004611219385,58.79726801945332,5.381019409999655,20.709182881942038,3,0.7743004231998816,0.31606836159431223,440.9671286558027,254.77372868326728,BATCH_0349
250.62725171601755,6.72486441768588,2461.0136830319934,0.11397987628828762,69.80196101768448,4.521953810060614,64.52672324866796,2,0.7975706723951158,0.45587901915040574,454.3932773177471,234.3272269679416,BATCH_0350
321.29796823766446,9.21958252818613,1996.4074830444,1.0845908911467896,22.95641921496629,6.995428888318256,83.93008633033656,2,0.9902377066663216,0.6048695471780907,500.0,238.19466933050472,BATCH_0351
281.738726323789,6.513161215103373,1535.3526705391655,0.17130444931042593,71.14633313851238,5.610855421332615,62.88014278413734,3,0.9649035256787839,0.651440586267831,399.87532384434854,195.8259781283954,BATCH_0352
182.58688541628595,8.863287341197106,2894.864649815344,1.181537402973751,52.9040562045147,2.140540989570008,81.15890154264414,2,0.7234653043560977,0.37692658179289784,500.0,150.31297015773694,BATCH_0353
164.11374948008597,7.515757499194844,1852.7845621971119,1.8494646143085431,31.838838234563596,1.493981231803009,70.67811388262658,1,0.7156356482511331,0.5039506444990222,500.0,149.42951376291933,BATCH_0354
278.4838556412631,2.085025747633212,2012.723796351346,1.939996347950775,39.035312986982,5.49693494744421,28.43908914825832,3,0.7790905859466855,0.3907368975379439,500.0,125.03524511750507,BATCH_0355
155.30226210832436,9.122079765572575,1051.2190985368732,1.1270500832389558,36.91577310509365,1.1855791737913526,83.17173151000893,1,0.8030909354570543,0.6234047071996656,442.98882074514216,169.54079535256233,BATCH_0356
267.15511625469264,1.597994599201974,2064.1269735681913,0.9705891299792103,51.85154205730855,5.100429068914243,24.65106910490424,3,0.7753250911856726,0.3593718381829826,412.1629878002033,185.27422365441288,BATCH_0357
338.0460482849915,5.805707252929874,1929.0191237073595,1.8955324790721386,23.10114079466791,7.581611689974703,57.377723078343465,2,0.909520220257143,0.3864863375196806,500.0,234.68155681014275,BATCH_0358
265.0948355751758,2.279234114141119,962.0959948675624,1.3798586807937208,29.51216950999541,5.0283192451311525,29.949598665542037,3,0.8588949099620237,0.5617797065568026,362.6694740915381,236.36021492805148,BATCH_0359
227.6339852413044,1.1053594965781366,648.9677433828592,0.22330863112297797,68.76158260254695,3.7171894834456536,20.819462751163286,3,0.8634041511294736,0.5055772919211047,196.65160313993877,315.58039542723566,BATCH_0360
278.65764368847067,4.798308341148751,2010.8982992869278,0.9848785975682453,27.956239444808663,5.503017529096472,49.54239820893473,1,0.8097341139585688,0.3,468.50727609157076,384.80502415545305,BATCH_0361
241.65057809830333,3.6553663688874063,2409.2306733758014,0.5564655350821774,34.003776167487615,4.207770233440616,40.652849535790935,2,0.7187566471522816,0.3,454.7743513389764,371.73719554629326,BATCH_0362
259.123357863187,5.374004444178427,1808.5034273050205,0.9926282107524949,47.20223633624944,4.819317525211544,54.02003456583221,1,0.7839745242253221,0.423332193733005,483.86607348876777,418.11736884095046,BATCH_0363
338.29296175530504,6.194798980610957,1066.9315632991143,0.9653845868120873,51.02725328679983,7.590253661435677,60.40399207141856,2,0.9975387360549284,0.5768096901145141,424.7730036222784,450.60813031899886,BATCH_0364
227.22052756015484,1.393651650780526,2166.3049417325874,1.2060751253480098,65.81662877684951,3.70271846460542,23.061735061626315,1,0.6197525510805834,0.3,459.4858119497507,432.85225978678534,BATCH_0365
342.23811276478284,2.1070296561137107,700.2643165240056,0.7778639316635773,46.839945599971266,7.7283339467674,28.610230658662196,3,0.9850803350194491,0.5565794472926182,293.7950147656542,456.7227744543125,BATCH_0366
331.07012839121273,6.027781568053828,1604.5842620048866,0.4121138539662633,67.39187726213233,7.337454493692446,59.10496775152978,1,0.8736367908153523,0.366542881153198,437.84381601589274,445.2666459668138,BATCH_0367
189.15822695785928,4.088506178553924,908.4168959960505,1.0570669257209169,57.100778422727444,2.370537943525075,44.021714722086074,2,0.8011852818057187,0.49918506161307646,320.79526272351256,432.8340935241318,BATCH_0368
163.8722601750331,7.562561387945032,961.1476276497084,1.677385480256948,26.785984365429346,1.4855291061261582,71.04214412846136,2,0.815041384206293,0.7204710412951281,449.7611825444929,382.87572366231865,BATCH_0369
170.15560027548534,6.8706248373274565,1005.7348728955092,1.3616232333284444,29.379886303570316,1.7054460096419866,65.66041540143578,3,0.877844612418162,0.711205918955386,387.8369774092663,375.73530522776963,BATCH_0370
153.64436513030995,8.610439266909161,1466.7676426099447,0.74289894525791,46.22202352698625,1.127552779560848,79.19230540929348,2,0.823451687797061,0.6140148887953517,431.40236603316816,353.7628055027418,BATCH_0371
168.8885921511857,7.2324354400230275,627.8755140509941,1.8774937432418288,43.81336358534237,1.6611007252914987,68.47449786684578,1,0.8568415680614181,0.6345918912606912,407.8649489125927,343.53430823385236,BATCH_0372
286.6013546832714,4.869379696511333,1494.4836023227454,1.833194385373446,64.61265617823767,5.781047413914498,50.09517541731037,3,0.9432083852102348,0.5863746461848418,500.0,289.9552680171779,BATCH_0373
164.2377296920458,7.056699601549892,1779.2686177867522,0.4977619588297877,54.84422838784111,1.498320539221603,67.10766356761027,2,0.8276257060254502,0.5733439778061371,438.7817265409057,289.5954737253454,BATCH_0374
213.79512605875226,3.4784305682987666,1708.235712415813,0.17489341172868966,43.287984860134955,3.2328294120563292,39.276682197879296,2,0.723684453544821,0.4580880233227416,346.4020424731333,170.91355593537747,BATCH_0375
318.97506219389095,3.756821489003914,1456.9602510076015,1.5084865458664483,30.24561700702314,6.914127176786182,41.44194491447489,1,0.8537242909949814,0.35427494108967084,425.0777599051327,196.26580853395467,BATCH_0376
154.65438714716518,8.10086643928714,2597.8665201768813,1.6724594965633912,33.61022613952971,1.162903550150781,75.22896119445554,1,0.6643426544909081,0.313422920502464,500.0,160.6113862287906,BATCH_0377
312.89369651778713,5.01777564761424,863.3167310512603,1.9389426753075751,54.53006110814354,6.701279378122551,51.24936614811075,3,1.0,0.6502107146379337,463.2445929725554,215.6940879965302,BATCH_0378
206.37095495467997,8.185423064665173,1764.241859453435,1.7906891487677903,45.40632829398755,2.9729834234137993,75.88662383628468,2,0.804691118931054,0.5852080605267236,500.0,130.86217749598504,BATCH_0379
173.63296552433124,8.401801363014506,655.1035423913858,1.2410160595921882,50.89565053164033,1.8271537933515938,77.56956615677949,1,0.8140690541278872,0.6310319423767651,403.4561229851838,144.90453416691125,BATCH_0380
289.34743307283014,8.718061038951554,677.8891971947744,1.1070994445035236,30.24064611813402,5.877160157549055,80.02936363628987,3,1.0,0.8001774020064315,442.1325449718213,175.95220345869555,BATCH_0381
275.7885693559768,9.249717122570866,1934.6646241927408,0.15289799739891397,59.774375140673946,5.402599927459188,84.16446650888452,2,0.8422928701426805,0.604374154177507,484.7159131829229,161.2831282707049,BATCH_0382
325.4944027054106,4.878866984619666,1915.0460622195524,0.5686472490050779,71.15232445135803,7.14230409468937,50.16896543593074,2,0.8540954067698169,0.42164182378390275,458.96551679177963,245.40449258419724,BATCH_0383
297.01420876077714,3.8698013648902494,2695.083782111142,0.9732680282925602,35.476370407214034,6.145497306627201,42.32067728247972,3,0.78602955364308,0.3486526989121907,500.0,277.2260201533885,BATCH_0384
310.69618607696975,6.2397887193470245,1894.6841891501829,1.294157410158779,49.490853549909595,6.62436651269394,60.75391226158797,3,0.9384290389261818,0.5292271195474098,500.0,343.33467035966504,BATCH_0385
206.4069145142613,4.340551810938648,2899.4775510121253,1.1587784833049803,78.53163974125411,2.9742420079991456,45.98206964063393,1,0.621512425925379,0.3,500.0,385.2526792733147,BATCH_0386
185.48790875594457,6.4096675012020965,621.7371209998245,1.5110083803952121,39.99450443304366,2.24207680645806,62.07519167601631,2,0.920227414276477,0.6401460644593757,362.1784312741272,462.3511423544595,BATCH_0387
300.12295032817167,7.350272763794422,745.0192119518526,0.6315571686853776,55.70278069542567,6.254303261486008,69.39101038506772,2,1.0,0.7308101065775523,386.7625296339947,458.4165257132464,BATCH_0388
311.3669478534528,7.195645166429232,610.1646539259535,1.1734099545396992,25.411742012014663,6.647843174870848,68.18835129444957,2,0.9891595691980891,0.750827031772305,424.0600883808095,427.581764273488,BATCH_0389
348.1010284001346,4.370975983181092,963.19212583385,0.26747026244250505,56.36090014876659,7.933535994004713,46.218702091408495,3,0.9815127378565977,0.5527671770924412,342.19496712359995,423.04755985954927,BATCH_0390
232.5235353822853,2.501741815288775,1853.1752773541953,0.8859644948080931,25.377906398277077,3.8883237383799854,31.680214118912698,1,0.6990619246449205,0.3,407.4116397991708,459.64644908855547,BATCH_0391
224.40361715855664,4.874764046159868,2113.93045356857,1.5253055826137418,77.55412611942933,3.604126600549482,50.13705369235453,2,0.7131774655856491,0.333734530222884,500.0,390.29681435704697,BATCH_0392
305.2825921483994,2.283347296737179,613.962894871672,1.4174616215151836,62.939759124338686,6.434890725193978,29.98159008573361,3,1.0,0.5718125588216413,326.8181899218116,461.0097801536125,BATCH_0393
218.16070805060357,9.010873316654274,2864.927224613998,1.98222120062714,67.28958728814239,3.385624781771125,82.30679246286658,2,0.8045672000362079,0.4384573598306188,500.0,410.38320362164086,BATCH_0394
336.15146512071294,4.112897146640717,2605.4134416259526,0.6279931393767364,62.24626164629821,7.515301279224953,44.21142225165002,1,0.7459010631603099,0.3,497.8289879401691,324.74758720223826,BATCH_0395
321.6825503686024,2.390137725009914,1241.5312053927328,1.0465596684305603,55.38374216458794,7.008889262901082,30.812182305632664,2,0.8187687725646557,0.39095683819424093,362.25947040524,248.60596412727372,BATCH_0396
235.7988054750037,1.229029839151758,692.9688255661699,0.7261077861705937,46.99476686513032,4.002958191625129,21.781343193402563,1,0.7955580674377077,0.34480309724882735,227.53268307820224,301.79331445958513,BATCH_0397
300.17421355829947,6.8124014765783585,924.7176830476432,0.937145916712432,71.50240278566375,6.256097474540482,65.2075670400539,1,0.9090086330884766,0.5756208759190808,432.4532868058206,221.56380464242116,BATCH_0398
300.9085748169365,6.732120857092689,817.3610343874317,1.7282052467518374,77.41014005258378,6.281800118592776,64.58316222183203,2,1.0,0.6630854294324955,481.5947692187728,231.06847218122206,BATCH_0399
170.62477376718653,4.065437499231625,808.2094482473672,1.3999972428581247,49.94217037424488,1.7218670818515283,43.84229166069042,2,0.7394439381281986,0.529110538932857,348.65772361220945,122.26335966850279,BATCH_0400
330.51058133591334,1.6454069996288592,1796.4042216643347,1.7766382635604052,75.89210294931573,7.317870346756966,25.01983221933557,1,0.7517251329067305,0.3,493.93727468958974,137.12987536802714,BATCH_0401
251.05047448957143,4.686660054057088,1114.6186062335007,0.48667110583058426,54.99997459931105,4.536766607135,48.674022642666245,3,0.9057714980635787,0.5943101188948157,326.30717450610877,150.1573109915455,BATCH_0402
315.2914932215483,3.800957455570542,1395.349291322861,1.7593861238987323,52.30305121378599,6.785202262754192,41.78522465443755,1,0.8310921168400724,0.36875752516071647,479.3859175810521,156.52054386958156,BATCH_0403
214.00992020612233,7.094085757615084,2973.7633334608063,0.2135483209389304,47.268963977321405,3.240347207214282,67.39844478145065,2,0.7044886045371822,0.4178658075000738,500.0,156.59422528795668,BATCH_0404
329.1046456992401,6.452013245074213,2210.785622313362,1.7883386328305897,32.55726569180719,7.268662599473403,62.404547461688324,2,0.8999675587860804,0.49402333603305126,500.0,212.61948079244192,BATCH_0405
227.84033574683264,4.28134355377786,2872.4516676175035,0.725240180975383,20.22317964908355,3.724411751139142,45.5215609738278,3,0.7016424605315117,0.3,500.0,192.97138711852216,BATCH_0406
152.16753029605968,2.961032988294911,856.391387582789,0.6977165034867263,34.49037361136368,1.0758635603620885,35.25247879784931,1,0.688605494504696,0.46099298256699517,255.66161108058486,256.90575868398435,BATCH_0407
331.0763952838527,9.892323695400327,1455.3486870814231,1.0729682957274613,50.583390296213906,7.337673834934845,89.16251763089143,1,0.9661038431767024,0.6399661472719074,500.0,303.60886895135525,BATCH_0408
168.2573353572267,5.086014590765034,1886.8295082058858,1.8873113566741404,42.79759713558515,1.639006737502935,51.780113483728044,1,0.684464431537819,0.30994560963765266,500.0,354.2560217871402,BATCH_0409
213.86272751808298,7.194468122022133,691.8951547218451,0.1907845928946702,46.90911368015803,3.235195463132904,68.17919650461658,2,0.9237489239234447,0.7298628150650006,300.66842205282774,396.3484463426656,BATCH_0410
340.012393410161,2.264976708205247,510.4686090698947,0.769238852634416,78.83889317384298,7.650433769355635,29.838707730485254,1,0.8607351760935383,0.5141405240284442,283.47370590511844,372.3267544228461,BATCH_0411
340.1214293875112,5.37030729693458,2176.0858344922935,1.7274867784983379,41.01634224015966,7.654250028562893,53.991278976157844,3,0.8774172834447507,0.4386417274571687,500.0,383.88038544559674,BATCH_0412
264.68757762465725,1.2478304788251893,2104.5487920035885,0.8525035071273868,47.13097636160647,5.014065216863003,21.927570390862584,2,0.7596105884978294,0.3,366.28150625328954,483.2191786003156,BATCH_0413
276.36744243395987,5.549096061194049,1526.9720249990294,0.4783981054344273,28.010933081169174,5.422860485188595,55.381858253731494,2,0.8751610220173063,0.5485699461925433,409.18647148163006,459.96942035938775,BATCH_0414
239.68910439566395,9.67615666405932,1724.1101900800816,0.9071089445296823,22.877463946219258,4.1391186538482385,87.48121849823916,1,0.8228288263737472,0.5696493764122095,500.0,422.4342778466639,BATCH_0415
208.64215433961292,4.457860416872202,1538.607501480224,0.8325497528341717,66.52457087554967,3.0524754018864515,46.89446990900602,3,0.8712453218243147,0.5657402753325774,394.0776948673656,476.4383698333414,BATCH_0416
215.7329090739832,1.3509641131742043,560.0126121122221,1.8392907827867366,54.24099050431872,3.3006518175894115,22.72972088024381,2,0.8014214213972752,0.5032702812404056,283.9268985072238,409.5362562067684,BATCH_0417
284.5036912154077,1.2786021182740916,1338.429015543656,1.5476753139118844,65.6422883626337,5.707629192539269,22.166905364354047,2,0.8383803278593118,0.3856980113273476,385.0425195070438,410.37891552191434,BATCH_0418
300.474905887536,4.4918808395218255,942.7056384932246,1.059719555913612,28.991767933193096,6.26662170606376,47.159073196280865,1,0.8669216260408179,0.4213306350749773,348.2767457727194,340.8484112076817,BATCH_0419
308.3158087451697,2.4402244281687464,746.0604727534219,1.977904076770985,54.309726270961455,6.54105330608094,31.20174555242358,1,0.9092578972347305,0.4659923651139625,417.5989116560181,361.82243774645866,BATCH_0420
307.92362855891076,1.2101688669536732,2891.8010847233745,0.9840273094242542,35.21854846048253,6.527326999561877,21.634646742973015,3,0.8034431443934105,0.3,491.0881218291987,313.83736850791996,BATCH_0421
168.24122060973806,7.805922525551591,1998.399312605414,0.21065187855852294,33.683709014001195,1.6384427213408326,72.93495297651238,1,0.7070188016579646,0.43573923822902877,458.0260134115619,217.53107554562843,BATCH_0422
248.8840609405163,5.126707079937016,2321.640710591507,0.5983212114484713,20.691560843179115,4.4609421329180705,52.096610621732346,3,0.8448340742205668,0.4504978685273812,491.36137555821165,223.08111135064965,BATCH_0423
161.51175200332887,3.603202947753891,1288.4093581652937,0.9285339124166939,27.820443414144314,1.40291132011651,40.24713403808582,2,0.7498643407927377,0.40672996636340614,325.7079656780669,189.45746791988876,BATCH_0424
259.9057764647471,9.100748647148327,1482.867823735038,0.39811498587762817,38.556086689981726,4.846702176266149,83.00582281115365,3,1.0,0.753169130736226,443.62620168032595,196.1700727826105,BATCH_0425
238.3061002746754,2.0452506418047305,1092.3099847418086,1.9003737400156817,27.01272563545634,4.090713509613639,28.12972721403679,3,0.8128786105140222,0.5396844360274784,398.3285988534615,121.05229618259686,BATCH_0426
327.54083655165994,9.603269460597874,742.4141774135619,1.557012905853769,79.15150642465625,7.213929279308099,86.91431802687235,3,1.0,0.860721822842355,500.0,175.6926698565933,BATCH_0427
220.18300251041575,3.8257004563961754,947.5790936039594,0.609745680812768,38.51795891143704,3.456405087864551,41.977670216414694,2,0.8526434187555102,0.5727256214362998,306.1528934643595,201.84892403782106,BATCH_0428
173.41340328552118,8.995633050778132,2493.7851132412143,1.22252861368404,27.81943680213969,1.819469114993241,82.18825706160769,1,0.6510610706490932,0.40351042908265866,500.0,141.17179822932428,BATCH_0429
178.59833641056719,6.426485888315154,2193.8645129594397,1.4707533985081869,31.944938769677464,2.000941774369851,62.20600135356231,2,0.6961211377601418,0.46453456685963973,500.0,189.50224462002578,BATCH_0430
302.3021263434945,8.440366237673388,1867.3221899636922,1.8884299649229161,55.26219370048859,6.3305744220223055,77.86951518190412,1,0.8105467105670638,0.4484626738672823,500.0,200.00017790181906,BATCH_0431
273.6436126632522,9.856118468894179,1687.7246821669203,1.7751071634332802,23.84261143188731,5.327526443213827,88.8809214247325,3,0.9776658024344455,0.730303818763655,500.0,291.9177949666626,BATCH_0432
170.22453522455805,3.5956489403687115,2806.0857091403113,1.078865229662606,71.74604780846941,1.7078587328595316,40.1883806473122,3,0.6891769249745863,0.3130548765494009,497.48598922804973,360.3491244392576,BATCH_0433
166.82136122299949,9.650219368668337,681.837369446671,1.5718399776067333,77.68998075422884,1.588747642804982,87.2794839785315,3,1.0,0.8831341313572945,444.5264517009103,420.0707115628788,BATCH_0434
290.193826291824,4.505337054121783,1201.50203309479,1.1680750322724116,34.80484524004285,5.90678392021384,47.263732643169426,3,0.9364032481392698,0.5813122810982942,423.2087437622527,408.28886059057464,BATCH_0435
164.5526012728387,4.4696071426323005,1374.8446339267853,1.1501373910865262,47.00571611545156,1.5093410445493547,46.98583333158456,3,0.8428156397784806,0.5634435677420383,401.5826421272268,478.7622769348036,BATCH_0436
314.37201185807123,4.063483938290551,2456.0645305319695,0.3180097208425646,21.328067061769826,6.753020415032493,43.8270972978154,1,0.7077534844348781,0.3,465.75894281631093,403.4858301969133,BATCH_0437
291.2484454312993,5.872668466128267,2981.286550404928,0.3396615502306889,58.44261348363329,5.943695590095474,57.89853251433097,1,0.6690974175408159,0.3,500.0,398.89852681934536,BATCH_0438
166.26975612837995,2.387305388606384,1101.6762868928827,1.1061138685426692,44.83556348315533,1.5694414644932984,30.790153022494096,3,0.7742153299821785,0.4644362380489909,319.5994060864707,443.2224429764617,BATCH_0439
166.96754281703838,5.983403368222101,2685.7683353427014,0.6108369354601125,36.20350796609334,1.5938639985963434,58.759803975060784,2,0.6832961068222435,0.4209171257421156,482.69646217599103,441.4257740358444,BATCH_0440
347.32791570023505,5.875343311690036,2576.5569010794784,0.1399701146748904,32.41022663699651,7.906477049508228,57.91933686870028,2,0.8577293874048547,0.4183713123291991,500.0,405.08517473516065,BATCH_0441
224.85415915122405,7.85711631344383,1061.6434941044165,1.4733944874104035,59.24138465952563,3.6198955702928424,73.3331268823409,3,0.885041742890551,0.6957286024918173,475.65547995241127,312.9767369988042,BATCH_0442
224.12842941337817,8.50284965743827,1498.3314504980565,0.16172453371131343,44.97302186193887,3.5944950294682365,78.35549733563099,1,0.8216453053369155,0.5746160813132543,428.97650431642296,336.14925557999584,BATCH_0443
312.5599134515005,4.963972152811817,1524.1821732312978,1.2310259980977036,30.77955734179472,6.689596970802518,50.83089452186968,2,0.8507706976340874,0.4654081558026,438.0244193976706,260.86591498485456,BATCH_0444
339.44971547677176,3.7209992441634436,2945.5516713163956,1.1244682088418974,61.34654488920944,7.630740041687011,41.16332745460456,2,0.79831574311963,0.3,500.0,281.267319699524,BATCH_0445
347.2002127645742,3.33401407585385,952.2297534472458,1.9407479120978284,53.90433698220162,7.902007446760097,38.153442812196616,2,0.948700061388777,0.519701716204436,433.00921550487686,235.99794738290518,BATCH_0446
300.6756370517883,2.7516145303438475,2497.894927761955,1.0200049647605192,71.52032329576977,6.273647296812591,33.623668569341035,3,0.7776799398478883,0.32405779166975907,500.0,165.73758923219907,BATCH_0447
225.25191710618316,1.5188282397912238,1335.4817854327748,0.220842729117815,27.048553932589574,3.6338170987164102,24.035330753931742,2,0.7333739315472849,0.34850375933128663,275.141501352211,154.68018191223408,BATCH_0448
166.70014333973376,4.08203180951242,2327.175864440401,1.1482071388322772,67.13999611666736,1.5845050168906814,43.97135851842994,2,0.6303903047180816,0.30315877083343923,494.51050002146724,123.33472039997125,BATCH_0449
305.4293831854874,3.4322292291770493,1550.0275107391572,1.6980827241705927,60.41100720903554,6.440028411492057,38.917338449154826,2,0.8481913939917005,0.3854348890156508,466.46975550050365,148.11962708180485,BATCH_0450
261.680849947161,9.697756472797666,1945.89940779135,1.994013640134736,26.90065620968587,4.9088297481506356,87.64921701064851,2,0.9286182963948435,0.5730882855553223,500.0,183.765395671677,BATCH_0451
234.84440184939524,6.019379436250396,2581.529433315328,0.9176520300092377,61.689243792303245,3.969554064728834,59.03961783750307,1,0.6691378545191106,0.3,500.0,140.52440804226762,BATCH_0452
331.2708770189472,4.125493351274568,2510.4139124597104,0.7085676107438107,46.492837332789826,7.344480695663152,44.30939273213553,3,0.8780690265131971,0.356354477227291,500.0,209.05537828755374,BATCH_0453
172.23949646123026,6.224208408943264,2666.0579588492506,1.822641264208798,76.69908713335059,1.7783823761430595,60.63273206955872,3,0.7175312993809824,0.4705370491489109,500.0,209.09227144882485,BATCH_0454
248.52502085817184,2.2527703121112594,649.0433133616475,0.4633600452446306,28.49668103707396,4.448375730036014,29.743769094198683,1,0.767870777063595,0.49085219468018343,245.84321854346805,237.39095826675066,BATCH_0455
152.27072895348383,4.996393742819826,2230.126382599362,1.2693149385625606,58.57000344894428,1.0794755133719334,51.08306244415421,1,0.6205775824032946,0.3,467.9237140543579,296.7890892013615,BATCH_0456
243.73212839882524,6.636108892789575,849.9684418044071,0.8708574059438006,42.91880272777676,4.280624493958884,63.83640249947447,3,0.9273995612376827,0.7412629262481265,360.196934129658,307.7655870927964,BATCH_0457
161.26065513636746,5.400080486132063,1539.5464200460274,0.17805649341555504,77.40888023545267,1.3941229297728615,54.222848225471594,2,0.7294890720949111,0.5201696825325712,316.8693167623331,358.3905208395834,BATCH_0458
173.7635832536144,4.616009205888918,1871.4710376367211,0.7598481011808257,39.79849371741659,1.8317254138765033,48.12451604580269,2,0.6804297475827895,0.4387820154202763,418.50316763605866,370.1296804003166,BATCH_0459
173.50524935542097,9.944635500097284,1506.8487118670769,0.6039341927550816,77.731154569508,1.8226837274397343,89.56938722297888,3,0.9607918163954923,0.7648578400514764,483.94810622976235,488.8455645551581,BATCH_0460
279.84206042321273,8.922832859340343,1799.0291895075188,1.4035731924926251,74.08915106604495,5.544472114812445,81.62203335042489,2,0.91543428900857,0.6279630850603855,500.0,445.9467805025116,BATCH_0461
299.20897585308467,6.610653623434961,2991.315771996548,1.9027019456146446,36.22299411863938,6.222314154857963,63.63841707116081,1,0.7211250213222825,0.3,500.0,429.0082347602224,BATCH_0462
266.67375301943196,6.124396250640545,838.0432842821368,0.6092896560194117,68.21250660958566,5.083581355680117,59.85641528275979,2,0.9285376126116986,0.5840690868783865,373.3138181424034,451.30827126538725,BATCH_0463
342.43450969490834,6.585944318421257,2188.6401133410636,1.6417852843881953,79.73625210821035,7.735207839321793,63.44623358772088,2,0.8956923455053234,0.4837013935130159,500.0,426.53396907694093,BATCH_0464
224.9741159047408,2.8118089704018994,1490.002415964038,0.2051836521829781,35.15978013027694,3.6240940566659283,34.091847547570325,2,0.7553810140496591,0.4424505088339156,290.5458164945815,399.436929191986,BATCH_0465
207.14241725637214,4.5562396893788675,832.524497268322,1.122429919075645,46.20663015939918,2.999984603973025,47.659642028502304,3,0.9000902522637865,0.62288809138512,356.9226730664547,393.42500100130235,BATCH_0466
323.7198256378921,1.3551357960180939,896.8419084357738,0.2340451210487997,51.21084419400558,7.080193897326222,22.762167302362954,1,0.8518004201848113,0.3608020636643528,262.57766670469647,361.5480880667997,BATCH_0467
194.71916770389052,5.27991433738144,2873.182765614042,1.8746626831482147,37.69586814823186,2.5651708696361686,53.28822262407787,2,0.6545477987740802,0.32279685799072577,500.0,284.0849655716854,BATCH_0468
342.64450788812223,5.887221255618969,2699.003741779405,1.5560674330590414,20.915890378761787,7.742557776084279,58.011720877036424,3,0.8771940864388087,0.4168354903350969,500.0,243.90259601528354,BATCH_0469
152.43089493796327,3.0497476249288864,2767.6049010375546,1.3501048312887254,33.2077546518516,1.0850813228287144,35.94248152722467,2,0.5837659044389873,0.3,500.0,216.74844908545137,BATCH_0470
343.9757653415278,9.676259624489624,2978.831939568466,1.6654031250868622,36.916213060505505,7.789151786953473,87.48201930158596,1,0.7801367677237756,0.46514020535743433,500.0,124.87634787994998,BATCH_0471
158.6319823901152,9.185091498435177,1020.7884750212949,1.33028761158331,46.615982079091225,1.3021193836540328,83.66182276560694,2,0.8152150024911586,0.6937514012694411,474.6496640062925,124.64045756637783,BATCH_0472
328.22862273961425,7.499289119103153,1388.5983434101545,1.9409943546311532,30.266148704804113,7.238001795886498,70.55002648191342,1,0.9581327656722007,0.4692185967718928,500.0,196.11735407997526,BATCH_0473
255.54022181725998,5.800479658888263,2173.0475748121667,1.456520100943066,72.39526140150036,4.6939077636040984,57.33706401357538,2,0.8470550404150905,0.43288092767024694,500.0,199.34903140503852,BATCH_0474
348.5929592238601,8.829722436829165,1709.5063496516182,1.856851358206269,62.294667963880165,7.950753572835103,80.89784117533794,1,0.9309558188016227,0.5569257536339928,500.0,147.6400448699482,BATCH_0475
164.75931294707976,2.1758710944111663,1545.9738334458339,1.0825505948202123,25.11202865357972,1.516575953147792,29.145664067642404,2,0.7018955370513095,0.36459759036754613,342.96706636938234,187.3928983240064,BATCH_0476
260.77085688026415,8.114588148473965,1394.5281233389826,0.3224223846655391,59.005547068395884,4.876979990809246,75.33568559924194,1,0.870837874618931,0.6056296360282037,437.6566361084103,203.27148745832372,BATCH_0477
343.8605071238198,2.1233873257016347,1984.4515798586306,1.1035376707037325,59.219388584337224,7.7851177493336925,28.73745697767938,2,0.9199385515028191,0.3,436.12966961664233,317.3664242536561,BATCH_0478
254.61956883402976,8.147895962944649,1938.983571600205,0.34105837331987726,77.37327041861766,4.661684909191042,75.59474637845838,2,0.8960460497079437,0.5748429410735256,496.56616866085227,294.7643905776593,BATCH_0479
275.8797276270525,3.481908114262213,903.6445851606002,1.2257376104351696,20.181252281369673,5.405790466946838,39.30372977759499,3,0.9193887953550257,0.5767375282835291,344.2016902090957,296.1624722555742,BATCH_0480
289.14973779692343,8.8938152291637,1679.3495937960977,1.0167368150025595,34.87594698834843,5.87024082289232,81.39634067127322,3,0.9540118616584968,0.7638543805352433,500.0,310.1566435473638,BATCH_0481
240.90821295355465,9.49637884442858,1883.6794405246246,1.2828932558822852,75.66748876251893,4.181787453374413,86.08294656777785,1,0.7819480449924293,0.6075634308869202,500.0,326.8066103922726,BATCH_0482
275.5116160168127,2.3391637246460406,1925.7173468284761,0.11908926400418003,75.92803492389697,5.392906560588444,30.415717858358093,2,0.7743414118394721,0.3,361.11205064810366,412.169926253998,BATCH_0483
266.86286238462003,5.164080445588541,1025.2679822808796,0.4701969341451918,63.235185162238245,5.090200183461702,52.387292354577546,1,0.8154325103553915,0.46616397899441253,343.81728531717255,407.2132882091368,BATCH_0484
330.23160209819775,9.828886403464166,2355.678480630717,1.0335278206330487,65.9457992628524,7.308106073436923,88.66911647138795,3,0.9456874404290935,0.6643773257415242,500.0,402.2212626554298,BATCH_0485
159.08927606829158,5.35066692375832,562.9977370526741,1.9059567670193562,25.488977475778825,1.318124662390205,53.83852051812026,1,0.7516656090519682,0.5492577160411197,385.2813946311615,430.6028134727242,BATCH_0486
206.19263791844605,8.771927702630906,1387.0796388579065,0.828857176674801,50.83255008669401,2.9667423271456124,80.44832657601816,1,0.7882183807539997,0.5723632383341153,451.4537036913583,412.44243383492903,BATCH_0487
340.08229681531174,6.298583699181878,2450.531621339084,0.9063068495019058,33.894979477339966,7.652880388535911,61.21120654919239,3,0.9706256901439996,0.4794918263667957,500.0,480.5180596198433,BATCH_0488
328.05275677818327,4.377969171276417,1909.7323026385059,1.4579225691125821,30.873082616817037,7.231846487236414,46.27309355437213,2,0.8892827487011147,0.32811869612817857,500.0,432.515209886467,BATCH_0489
241.13135055714258,3.5720519997328317,1152.9060812771506,1.2472062388436242,68.61819794739995,4.18959726949999,40.00484888681092,1,0.7701007248101287,0.4065348223987125,384.33543470568213,374.76082076050204,BATCH_0490
274.02651956030735,2.8290078197747857,2237.3827983576193,0.6679596851868331,28.102288200832845,5.340928184610757,34.22561637602611,3,0.8460143762538943,0.3479315511639207,422.8009585670837,383.2211809320783,BATCH_0491
205.47623659622653,7.856183722399275,1918.4773603901835,0.8805511515781127,48.11909821978311,2.941668280867929,73.32587339643881,2,0.8114427714424258,0.5191328500276757,489.99220195052175,302.32104922943086,BATCH_0492
187.62423194475227,4.478864561407251,2490.609023640968,0.5136296178287416,76.31469437516199,2.3168481180663294,47.05783547761195,3,0.7021142752417721,0.45944310398066707,446.01746465768815,235.338617194775,BATCH_0493
242.73968098799645,5.60147915980676,2337.5629654745585,1.9354407723473963,31.149923333920555,4.245888834579875,55.78928235405258,1,0.7634579492642568,0.3,500.0,270.69372231808956,BATCH_0494
220.67044560521055,5.430929320010637,2025.2698050905867,0.3482053249589835,78.67960542429407,3.4734655961823697,54.46278360008274,2,0.7834347489087161,0.46105165470674486,448.89730518489614,210.10128413255657,BATCH_0495
266.7312223701744,6.195511263098181,1720.444188277035,0.8064898906761969,79.65727914566355,5.0855927829561045,60.409532046319185,2,0.8218885279401815,0.4928225147767684,449.25218689718076,138.97880480254125,BATCH_0496
165.54692739299696,8.79019431062097,832.9553141688085,0.14909404721802128,53.33702928094417,1.544142458754894,80.59040019371866,3,0.9190042281294035,0.8068182971034387,352.62108816415616,149.40096571413153,BATCH_0497
344.87896153323334,9.826654092250864,1153.3325447134594,0.5213810346737382,30.208564410629474,7.820763653663166,88.65175405084005,3,1.0,0.8418737643892499,449.2392943610084,123.7314523984573,BATCH_0498
347.24214889592054,4.668257877164352,1547.7486822927133,1.5828951629222943,38.96629327645374,7.90347521135722,48.53089460016719,3,0.9253034199268605,0.5640942224396845,485.8935499035298,113.6271341277092,BATCH_0499
289.63234280394903,8.447670298956726,1998.2482175159716,0.48223294134887096,45.46956996059211,5.887131998138216,77.92632454744121,2,0.9265112178077551,0.5727189099985917,500.0,197.88151585828317,BATCH_0500
257.21927326882405,7.8807501518924585,1784.269638038262,0.25212046480503464,38.559453461493376,4.752674564408842,73.51694562583023,2,0.9293752044777162,0.5986716688447263,433.4507193285557,251.2164820361223,BATCH_0501
211.90552325726554,6.1617605631001595,1220.4613148988237,1.0014610417045942,36.83813479259095,3.166693314004294,60.147026601890126,1,0.7455468021127886,0.4844136004472942,383.31133338148237,183.04297278542748,BATCH_0502
312.7590039413897,9.604424292507398,516.1608944742763,0.11894154599558515,78.33378255298146,6.696565137948641,86.92330005283532,2,1.0,0.7927028967127251,376.3805340387758,278.0662203353381,BATCH_0503
286.94623451077587,2.804270639755625,1740.5980547520348,0.26105569341003304,29.20188964494474,5.793118207877155,34.0332160869882,1,0.7342645258520708,0.3,355.74984035597225,280.4807229263455,BATCH_0504
182.52338786897826,1.9833778927865926,1214.0649714056076,1.6344891521696527,63.999674523011734,2.138318575414239,27.6484947216735,3,0.7604519864993206,0.4631163066983682,368.90745388808386,324.2090952524346,BATCH_0505
332.1854368987685,8.6856577025988,2336.5207517763374,1.565799355233252,20.02461736635049,7.376490291456897,79.77733768687955,3,0.9512051130814715,0.7063723526802962,500.0,357.2281822728327,BATCH_0506
314.50744858463383,4.952348349703735,559.8656631762087,1.8387637587693024,55.77096016414261,6.757760700462183,50.74048716436238,2,0.9428454394342173,0.6795097695748521,423.6964959154496,380.1462940875876,BATCH_0507
339.9599826583848,8.622719687863544,1962.0695282644772,1.7235793282304241,74.95658023724314,7.648599393043468,79.28781979449423,3,1.0,0.5880856950844787,500.0,431.3594594060112,BATCH_0508
295.14390167767203,9.037811846758734,2853.6855937651635,1.3980335701556543,37.27604564559314,6.08003655871852,82.51631436367904,3,0.8726767876193026,0.471630414483878,500.0,419.96037045102867,BATCH_0509
272.683039187158,1.562118342571643,936.0231677787488,0.1994324288712594,31.13155851546315,5.293906371550529,24.372031553335,2,0.837157257389686,0.46073132506860237,225.93344082992758,458.11370477339517,BATCH_0510
233.64860725812377,8.951182866874547,1679.1237268764885,1.5874123741746493,59.100787692705616,3.927701254034332,81.84253340902424,1,0.8268352231620215,0.5592346999087666,500.0,443.381730659887,BATCH_0511
336.5456966708026,5.0348714983248,728.5549795428454,1.7064705405970648,62.75608443790359,7.529099383478092,51.38233387585955,2,0.9717902868678787,0.6295837758605655,426.52488301160975,422.73536916167467,BATCH_0512
323.2127779000817,5.59389240103809,2064.2047806533815,1.6182560769667136,61.28183113711888,7.062447226502859,55.73027423029625,1,0.7927273336073252,0.33882242231132614,500.0,378.83910731673484,BATCH_0513
159.04373402123787,6.639332599838892,1876.329201490564,1.0661101670852495,39.159012801282444,1.3165306907433258,63.86147577652471,2,0.7244209099817206,0.49283982825892303,466.2049242830215,357.6968600829497,BATCH_0514
155.2733948994504,9.33744346057078,1518.4138105320808,0.5425134934340151,35.132144129559855,1.184568821480764,84.84678247110607,2,0.8432108960430723,0.6695870217420926,430.14485416470484,361.4845935401492,BATCH_0515
225.29267337560992,1.1720448498678762,1803.442553684353,1.7061269538085808,77.35512799772266,3.6352435681463473,21.33812661008348,3,0.7694856817069506,0.3796099702494977,420.3662886221013,315.0275156287327,BATCH_0516
312.1106661563666,5.291591214860354,2741.4366461725253,1.4816093385062632,75.39797049619577,6.6738733154728305,53.3790427822472,2,0.7693009014158151,0.3,500.0,231.85048589066537,BATCH_0517
347.45522586298887,7.189498381875046,990.7357557776676,1.963446231338818,47.438996593569215,7.910932905204612,68.14054297013925,2,1.0,0.6429003662610384,500.0,227.9799691628794,BATCH_0518
180.08337822070564,7.5043626192840565,556.4112792633681,0.3958159357362725,70.77163196926242,2.0529182377246973,70.589487038876,1,0.8581993419664711,0.6154294859344622,294.4553865517823,216.47559652317275,BATCH_0519
268.826143070427,7.232791883833972,2654.1622117477523,0.5287627077989046,47.13940865805776,5.158915007464946,68.47727020759756,3,0.8010668453736451,0.49127047603216545,500.0,120.01403099869327,BATCH_0520
226.1781713262043,2.2099161646730967,1942.7927059697663,0.5024164847748551,45.463341084350624,3.6662359964171505,29.41045905856853,1,0.6812538839134831,0.3550437495015141,381.4482677081522,171.41193182803758,BATCH_0521
343.98287956292063,3.694560295345131,2726.646138654606,1.6058255584805399,29.40577685595768,7.789400784702222,40.95769118601768,1,0.7298636816090794,0.3,500.0,130.1212872316246,BATCH_0522
318.42378462714174,4.228439728753122,1992.3630585329315,0.45512386325522447,45.58436338951837,6.894832461949961,45.110086779190944,3,0.9107214945773645,0.45415478766911904,470.2893096985013,172.22908611443432,BATCH_0523
317.66574094222756,8.239934869115544,2525.402724899256,0.22665367666428157,52.24501631598842,6.868300932977965,76.31060453756535,3,0.9075344456363225,0.5796146740320285,500.0,147.1984147360589,BATCH_0524
243.73863195899406,3.508838851730977,1574.1834083878698,1.9972655325126945,21.350259645721188,4.280852118564792,39.51319106901871,3,0.7838342733026485,0.5207459595752816,497.3492776884691,139.7875198020805,BATCH_0525
232.96390046753305,2.8963446748048285,2374.649828220672,0.14715270174578338,46.646780310524385,3.903736516363656,34.74934747070422,2,0.6520925345694809,0.3,375.38342936462595,176.17372686350404,BATCH_0526
204.68141438614126,9.617032171342865,2782.60366722464,1.6869637143018448,66.88137310371202,2.9138495035149434,87.02136133266673,3,0.8258563128348689,0.5819902803082646,500.0,262.6196916344634,BATCH_0527
161.2750993301854,1.07976956602122,1930.3074093055156,0.7941969989462403,60.80276338245619,1.3946284765564898,20.62042995794282,3,0.6862375729578131,0.4358177809870684,341.31157490678646,307.79167505164577,BATCH_0528
322.94447525101066,9.980387701137804,951.9628764059489,1.699069373539849,58.1094193318361,7.053056633785372,89.84745989773847,3,1.0,0.8012073306147635,500.0,311.69335801224423,BATCH_0529
312.5802018260155,7.091391689716561,1171.9940375754954,1.1537789333011754,74.57332570623214,6.690307063910543,67.37749092001769,1,0.9298062863776284,0.5600336320362223,470.7528529630681,394.15777376332085,BATCH_0530
349.9435346572261,8.456223695042054,996.6114422435144,1.8130993360240841,21.0819205895138,7.998023713002914,77.9928509614382,1,0.9394934913105174,0.5834172932714022,500.0,356.220415309911,BATCH_0531
349.32736741478107,3.6515745671157385,1117.1425689893322,1.8597666741877907,53.42285517153405,7.976457859517337,40.62335774423352,2,0.9310050592785298,0.5177659092264578,470.8041346365078,427.9214166082453,BATCH_0532
261.0863411205255,1.1288374990035397,1266.038623377591,0.1172865444334744,67.24093090458243,4.888021939218392,21.0020694366942,1,0.6960495152375153,0.3,244.26664824456083,408.55838795048635,BATCH_0533
303.7974830361021,7.64082566705377,1887.8344668829711,0.2432831343862977,52.48012296207604,6.3829119062635735,71.6508662993071,2,0.886032155792475,0.5183844889198864,486.02861354680135,430.4449167659352,BATCH_0534
338.95314597648564,8.507301373006083,1969.979073659582,0.5756815861846254,39.43373315482275,7.6133601091769965,78.3901217900473,1,0.9029228076833332,0.46465015133178306,500.0,446.3108340828522,BATCH_0535
319.9294781354823,7.664285187581672,1566.2493681046528,1.3716992910906531,28.17503390551867,6.94753173474188,71.83332923674634,3,0.972102831480225,0.703261909741822,500.0,404.0914096091478,BATCH_0536
199.46962034863952,2.285652585707547,2038.5519495520887,1.7877171733718615,73.25378430897148,2.7314367122023837,29.9995201110587,1,0.6205618497717286,0.3,465.3497366489756,394.5293508510873,BATCH_0537
240.1088270620187,7.7808513003127215,703.9373140284148,0.9738897074585292,48.24574354325618,4.1538089471706545,72.73995455798783,2,0.969599652222433,0.6682804806278216,392.17702970145035,405.18878427643574,BATCH_0538
175.831883030299,7.920305038968769,719.4705926454,1.2532489209211044,72.68691181914208,1.9041159060604649,73.82459474753486,1,0.8093735803123479,0.6433997492808582,411.14787740381604,321.51610067968517,BATCH_0539
340.8102054517445,6.926864641030494,929.5736508941461,0.4581497203115662,55.1511273459901,7.678357190811057,66.09783609690385,3,1.0,0.7026699386604304,379.3273016458219,325.07076336195456,BATCH_0540
271.234926890176,7.895043395160275,1795.1937451008619,1.6294369843752021,60.45152699690005,5.24322244115616,73.62811529569103,2,0.8516290895455838,0.5085213182863125,500.0,227.2859375948924,BATCH_0541
195.72856110069256,8.613292957099588,1034.9866967457838,1.9379234115715924,68.255669262707,2.600499638524239,79.21450077744126,3,0.9510896098404802,0.772143817358364,479.4871070881225,240.8941253374602,BATCH_0542
284.34013688117136,6.522437028137126,1208.2110087314434,0.6103379725377351,59.54933267600806,5.701904790840997,62.95228799662209,3,1.0,0.6611904771351612,398.1509118984928,237.18104144175538,BATCH_0543
273.62564809157914,1.7974424257271115,1500.7820904324851,1.040169308041038,43.88329044073626,5.326897683205271,26.202329977877532,2,0.7153625943677038,0.4629629957783359,378.06275738225264,95.94685442851524,BATCH_0544
221.6325436065681,5.388650287004898,2529.6653100259496,0.26362060996211023,50.81800303571906,3.5071390262298836,54.13394667670476,3,0.7531254668804759,0.44853832989405923,475.66528829849017,131.20426839252605,BATCH_0545
172.7115184399258,1.6988440120444457,534.6553397821503,1.16235964727964,68.18273148055279,1.7949031453974031,25.435453427012355,3,0.831228135313659,0.5318742661375696,246.87308164687363,167.3121638154162,BATCH_0546
284.3146391185599,4.667887279291877,2123.447050591556,1.055288539508693,42.41901778237905,5.7010123691495975,48.52801217227016,1,0.7517052590757832,0.3,496.2747969521615,149.01976447535,BATCH_0547
254.06154018075864,4.663958402130649,2172.191327601713,0.37442931989464745,43.287287406109826,4.642153906326553,48.497454238793935,3,0.8346997782163738,0.4975139038708887,443.0324367375358,181.2305656334742,BATCH_0548
304.4636783471278,1.5940885972621741,2496.6394508915914,0.9399258049243425,25.741406963480067,6.406228742149475,24.62068908981691,3,0.7684947386195694,0.3721452387301428,467.33602668797954,175.8144272205422,BATCH_0549
254.03270022239866,4.139384805725314,2831.8823476507832,0.7347988389644702,74.87506611330485,4.641144507783954,44.41743737786355,3,0.7628675021490294,0.3,500.0,227.59769362418683,BATCH_0550
320.436300063708,1.9989828891218335,550.3446223732245,1.0914786630798596,25.462178896726506,6.965270502229781,27.769866915392036,3,0.9617180709945244,0.5211006658154147,314.5753548019198,256.50682617285645,BATCH_0551
260.3813677548971,8.274116890083,884.4592637830405,1.2127432373147184,58.89255064691335,4.863347871421398,76.57646470064554,2,0.9901404263037081,0.7850520409506431,462.6735671444401,335.0334618497923,BATCH_0552
262.18759430707723,9.529192233680236,2715.4282351399825,0.11614159935369807,44.79166872816786,4.926565800747704,86.33816181751295,1,0.7931698054685199,0.4199611409114036,500.0,346.45548206441396,BATCH_0553
325.33072053166904,1.6508482773214475,1646.2964054675383,1.5459113676041552,44.33716341532654,7.1365752186084155,25.062153268055702,3,0.8867720535029511,0.38363459624509316,441.4944413215138,385.12807986225664,BATCH_0554
230.69657324247942,9.596036865625313,1911.4765973336587,1.4547271545373075,60.77311019436104,3.824380063486779,86.8580645104191,3,0.907342873784619,0.708953996396944,500.0,393.7097081943095,BATCH_0555
176.80304569012816,5.703189394030707,2157.568009307868,0.7959441337923922,24.025623957792725,1.938106599154485,56.58036195357216,2,0.703633206103938,0.3138366988110055,447.7931648709952,415.2756238454905,BATCH_0556
155.7565352626678,3.696091101584865,2197.666511239094,0.2005782775807547,55.622346977086075,1.2014787341933728,40.96959745677117,3,0.690888290760649,0.4153330308618782,377.15198546318726,431.9121283087717,BATCH_0557
301.02745113472383,1.6917586774854716,2829.3510082912703,1.5343718255915957,66.32190715834129,6.285960789715333,25.380345269331446,2,0.7203481082924805,0.3,500.0,461.8335642713489,BATCH_0558
274.0619102706929,5.50561841263376,2992.373543529174,1.9148328049084518,69.69276547319565,5.342166859474252,55.043698764929246,1,0.6821548606164264,0.3,500.0,432.25933951875277,BATCH_0559
290.8159536198447,8.150639900416738,2300.3936523273505,0.5562880324418269,30.231823363626518,5.928558376694565,75.61608811435241,1,0.8284905051488838,0.37246555463095793,500.0,438.5970562745583,BATCH_0560
192.59283230178215,7.363778295400284,1218.053023012877,0.7146967661003719,73.84514300469041,2.4907491305623752,69.49605340866887,3,0.9546861803281209,0.7081998000475471,426.9497099955742,468.3280411373445,BATCH_0561
177.27429511735394,1.4520341031757638,2699.381005735859,0.4492444900154484,59.36876551084653,1.9546003291073883,23.515820802478164,3,0.6664982378249512,0.3,391.01935525053,401.13374110295234,BATCH_0562
152.9089331335764,1.6561165183111317,623.0522863519041,1.1961786343551954,72.91128804924097,1.1018126596751734,25.103128475753245,3,0.7764063746266116,0.5822731496529533,255.42951140458698,329.04215080034345,BATCH_0563
220.1175117613194,4.625859543693734,1077.7021321862405,0.3941986498301644,49.116843026611896,3.454112911646179,48.201129784284596,2,0.8624549497252132,0.5035364761989659,328.2423148511947,336.0364176649219,BATCH_0564
267.9835373709266,3.6576144464314897,2743.4642936592873,0.776768492576621,52.52200070583212,5.129423807982431,40.67033458335603,3,0.7594164216161668,0.3155079953014783,500.0,248.93488204397752,BATCH_0565
228.44880901994645,3.0914589075044305,1140.4787860983874,1.4243247264750996,75.14229662172028,3.7457083156981263,36.26690261392335,3,0.7878959482268284,0.5104300793632495,390.0671476864108,163.85626394466522,BATCH_0566
237.49498440474582,3.5290404901784225,1051.6276490543712,1.164220367717762,73.99457260128031,4.062324454166103,39.67031492360995,1,0.7437029929564426,0.4466528769328404,341.06669470108136,163.69139349449551,BATCH_0567
330.8317388987497,8.23134468967196,845.3132328506181,0.834278872223077,46.88965240214012,7.329110861456239,76.24379203078192,3,1.0,0.8287600198925835,460.973400958648,113.97243180155773,BATCH_0568
219.65109340466006,9.363052482686685,2647.7793941172913,0.8984742434343296,36.4647578981409,3.4377882691631023,85.04596375422977,1,0.7345443870077711,0.3986780868552587,500.0,144.56572153540085,BATCH_0569
252.79789783196216,4.645924250748098,1750.1456479777169,1.168010676984136,43.590226073855845,4.5979264241186755,48.35718861692965,3,0.8562572823843932,0.5207936156863918,448.4069970931181,150.55255137568656,BATCH_0570
306.7306025482286,9.154999019192473,2187.233007635387,0.11114298298560649,43.265859711784984,6.485571089188001,83.42777014927479,1,0.9151450616895056,0.4111102430157242,500.0,205.40424542489745,BATCH_0571
229.30855646425402,3.8934613112309377,1097.6659601875742,0.24916875006185873,37.21201249896764,3.775799476248891,42.50469908735174,3,0.8791723270867918,0.5758865354883511,307.4611060517046,179.9040106452582,BATCH_0572
274.4173400455747,5.287932877094125,2395.1010525280412,1.774390328749722,36.114776259977994,5.3546069015951145,53.350589044065416,1,0.731994897520948,0.3,500.0,187.3609669577516,BATCH_0573
322.47274174934904,3.0342609803439977,2400.013862405246,0.24797007927345244,71.66377618878317,7.036545961227216,35.82202984711998,2,0.8160390197993139,0.38393979351601204,429.64930646021133,249.88216743550535,BATCH_0574
339.90412473152844,6.7642843795825955,1281.4950622707502,1.4429268327999598,24.1917152410797,7.646644365603494,64.83332295230908,1,0.8563361480712839,0.4674636743899664,500.0,194.84308396438325,BATCH_0575
179.4146961858076,9.81083003657328,1526.706582525707,1.8480725118072,60.65667092597565,2.0295143665032658,88.52867806223662,1,0.8105632070584737,0.6522044924824245,500.0,307.0684367432561,BATCH_0576
335.3175250322989,6.431437864390408,1024.2256935755022,0.6142988481732891,30.369203087387138,7.486113376130461,62.244516723036504,1,0.955134182650676,0.5774630805174895,432.36452687965334,361.9488125819875,BATCH_0577
248.42325861590763,4.22032675702194,2941.4025583072607,0.803933730413077,40.67035360364379,4.444814051556767,45.04698588794842,3,0.7031600017183703,0.33525000187325854,500.0,330.64241262660255,BATCH_0578
201.64887765979168,6.830357013914755,2114.006442646029,1.1809506711049609,23.692582048090213,2.8077107180927086,65.34722121933699,3,0.8534481238226124,0.619979959067586,500.0,440.3786384741891,BATCH_0579
241.82715124765227,2.106286106188488,2836.3597017887887,1.7752470423133109,36.19841821132772,4.213950293667829,28.60444749257713,3,0.7171989894531514,0.3,500.0,440.05870279249825,BATCH_0580
346.0065150570954,8.997931722388588,1258.463859072833,1.8896206157947983,66.10526426703453,7.860228026998339,82.2061356185779,2,1.0,0.6978274670586817,500.0,432.43023652633656,BATCH_0581
248.52361879857392,5.527755557018527,2454.7272824922243,1.5051701714114094,73.10091947283551,4.448326657950087,55.21587655458855,2,0.7816840033227551,0.3657454642784073,500.0,468.98345598318855,BATCH_0582
215.75032205750165,5.0441476783567785,2414.646609711855,0.26457754562391866,33.291629114142026,3.3012612720125576,51.45448194277495,1,0.7415823325818207,0.32401817355384155,458.2864725980213,513.0096596774922,BATCH_0583
276.68017086334515,6.272783096081673,2229.139129666354,1.3713928955162165,47.81287035553531,5.43380598021708,61.01053519174634,2,0.8292606900634251,0.474540575861214,500.0,435.3597982194224,BATCH_0584
198.0291237556386,6.623054765104622,2914.097438167001,0.8795770715580579,48.219442876232385,2.6810193314473514,63.73487039525817,1,0.654809041593381,0.3,500.0,413.5126347669937,BATCH_0585
165.1726656217328,1.6459822560386173,1483.8883402657889,0.994331899033017,72.41451834558404,1.5310432967606475,25.024306435855912,1,0.6156004165350348,0.3,341.48819492932705,361.21917301379335,BATCH_0586
175.77594438212984,7.143554991010622,826.7933089743933,0.1933819416558364,65.76794317254831,1.9021580533745446,67.78320548563818,1,0.7770082484004471,0.5867778055862055,323.8262894037391,313.3275256814339,BATCH_0587
175.60916779155448,3.177385122839766,2179.2721481101516,0.4630180647580805,50.78463310208299,1.8963208727044072,36.935217622087066,2,0.689725172895865,0.3,380.58471959140604,324.9100744963256,BATCH_0588
180.38053870245886,7.4255736925593085,2323.2745011930156,1.6019758543139306,60.244832028306405,2.0633188545860603,69.97668427546128,3,0.7673475376809378,0.5388512632137398,500.0,235.494628457357,BATCH_0589
177.76543452988204,8.40281314945777,1937.6514336470366,0.9625217827909335,70.84130323456202,1.971790208545871,77.57743560689377,2,0.7929565699438563,0.6067369883747791,499.33723698215056,227.14698711658173,BATCH_0590
278.17494896064295,8.235626567972684,1017.0447328334907,0.6731582590991828,20.572337241532697,5.486123213622502,76.27709552867643,1,0.8971941782904639,0.5905367015148869,428.0745116169632,179.6042594190664,BATCH_0591
186.37601687982897,5.972508706671002,1761.1398541733884,0.8296362405334204,44.173401863002915,2.2731605907940136,58.67506771855224,1,0.7293043974517698,0.40749142521428994,442.853465404358,184.46558420472678,BATCH_0592
219.13345666477264,5.68152903079676,1280.4743414228235,1.7233590753187924,74.43459003662471,3.4196709832670424,56.41189246175258,2,0.8403359531254904,0.5523092204876752,431.16987954498467,165.1209892152483,BATCH_0593
329.3576819812024,2.2858836520547055,1568.6663204167226,1.5230981330694182,64.41878185063709,7.2775188693420825,30.00131729375882,1,0.8307082477166957,0.32864387369449716,447.08564639756435,181.12619832773697,BATCH_0594
244.79232805257448,7.978115353628221,2113.0464396116595,0.6173992546440572,52.57048246004448,4.317731481840107,74.27423052821949,1,0.7700104279905636,0.3445386133399644,500.0,139.81063409099684,BATCH_0595
283.51154770420544,3.4426844240204293,2363.036856727086,0.3232534964035093,51.77867162210801,5.6729041696471905,38.99865663127001,2,0.7552260395876459,0.3,433.58353171713657,161.99994137353272,BATCH_0596
184.46397424032597,5.470258805361519,1080.5617272533577,0.5787966211237362,40.86620585626626,2.206239098411409,54.76867959725626,2,0.7780613006938184,0.5802104865894567,355.1965770918173,164.57107134854604,BATCH_0597
188.45780376173417,3.5584668363476504,1513.3134016173835,1.849437257003994,51.23123201849087,2.3460231316606954,39.89918650492617,2,0.7252332705570131,0.4805020805390978,450.24258987938094,211.67120219771454,BATCH_0598
158.17372325329578,2.2044552669972384,1172.903927479073,1.2050187919145352,59.3229919678072,1.286080313865352,29.36798540997852,1,0.6697495291862604,0.3312282400277835,340.2946832008819,272.49615802596634,BATCH_0599
183.7870126144329,6.666019272025629,996.5790346546728,1.1136123966150875,45.10178230572758,2.1825454415051517,64.06903878242156,1,0.8100907337819324,0.4757962304722319,390.6533272449849,322.7096584993607,BATCH_0600
205.71806780639173,1.4889883134061344,2458.468049989596,1.233147839415677,62.84918878353044,2.9501323732237106,23.803242437603267,3,0.661155430350018,0.3150344625282224,467.8418845401773,311.1578970400507,BATCH_0601
185.40209685534936,7.7378071071358,2773.131736092481,0.795453704918379,71.67393363562314,2.2390733899372277,72.405166388834,3,0.7943958777138367,0.46064157597727284,500.0,401.08817760316845,BATCH_0602
167.74050675141112,3.85828115735005,1425.5804642114417,1.6335033386070743,29.281090891091672,1.6209177362993894,42.231075668278166,2,0.7715288285256453,0.40973164234606013,436.288515758795,446.73515294213047,BATCH_0603
174.12717422012017,1.001212237040368,2378.197310934417,1.0942438736704747,47.09282136904547,1.8444510977042057,20.009428510313974,3,0.6662986811828852,0.3,397.44587280349816,442.30685766437523,BATCH_0604
242.15575360654515,5.6001622531350685,2742.488223411028,0.3218210152607115,44.481205477104865,4.22545137622908,55.77903974660609,1,0.7410638151731064,0.3,500.0,501.1927483201017,BATCH_0605
191.26674368115852,1.4216671767484281,2615.310526325579,0.3452237371752196,61.247888242983684,2.4443360288405476,23.279633596932218,3,0.6372615691369735,0.3,386.84818484820255,426.7863240268928,BATCH_0606
222.8539722096151,3.4855260203880953,957.0334713480647,1.1200323783549748,34.992047915475766,3.549889027336528,39.33186904746296,1,0.7286621738101894,0.34488168225114235,347.85416611047657,407.5492328440176,BATCH_0607
250.68345417097137,7.362788387101445,2890.7297037834032,1.8794834143345944,58.41505489713658,4.5239208959839985,69.48835412190013,2,0.7133192381431995,0.4097149629174754,500.0,376.5422031005386,BATCH_0608
288.07896572587305,1.5642065945967927,1441.6911010736562,0.6858690311847776,72.64935450388927,5.832763800405557,24.38827351353061,2,0.8489091388765919,0.41668270405775354,326.0670123877532,450.94734652265834,BATCH_0609
157.86242796821978,8.554046431204021,1348.1016529345907,1.7521282208325148,45.08789598761736,1.2751849788876926,78.75369446492016,1,0.7907261940481547,0.5976141040379925,500.0,394.63096969062155,BATCH_0610
309.88207978180856,1.034379303927248,656.0783181944508,1.5517816144998708,74.6609419987532,6.5958727923632985,20.267394586100817,3,0.9264158602774838,0.4974177983843438,296.0977649992707,337.1553166380671,BATCH_0611
275.58007789818157,3.2214148228171204,1715.4341352622075,0.570843641523123,79.5898243360087,5.395302726436355,37.277670844133155,2,0.811172702323142,0.38101357257343393,407.2214036558049,308.3990587895961,BATCH_0612
166.35180638977437,7.668136505368643,772.5340391023217,0.1690474218008607,26.365522996877125,1.5723132236421034,71.863283930645,2,0.8241471419500103,0.7031754611786984,302.1774463879445,227.41247181567076,BATCH_0613
324.7157248213555,3.846431347563761,1121.349552318565,0.29350980377052716,33.983191279091514,7.115050368747441,42.138910481051475,3,1.0,0.606443895139949,334.5328292699158,298.3725593885038,BATCH_0614
334.17448010636264,1.9170314925941216,1292.3565544182034,1.4841384743101365,77.02278508892559,7.446106803722692,27.132467164620948,3,0.9230032210640458,0.5085424722090975,406.1236855659197,197.81061828127602,BATCH_0615
162.21559197097275,4.242105269203851,2522.0658087292104,0.4793725022772287,77.49966118888321,1.4275457189840464,45.216374316029956,1,0.5985742764948597,0.3,456.864357254218,173.37803327048127,BATCH_0616
205.37552962944073,3.4335395774607296,2688.7216259897414,0.8054147489602481,25.86243652320551,2.938143537030426,38.927530046916786,3,0.7307215898164368,0.33460922859266523,438.7949728143522,176.88412477360146,BATCH_0617
311.24025595861224,8.584407119444993,1256.1657936536742,1.0532284154122071,20.8999100226282,6.643408958551429,78.98983315123884,3,1.0,0.7648155128927526,497.7479294378696,164.4302769521014,BATCH_0618
299.65193807673165,3.8201312582662883,2646.7453031114346,1.4783895200553094,29.666001395385337,6.237817832685608,41.93435423096002,3,0.8210314597215167,0.41089286857395557,500.0,161.82764678501346,BATCH_0619
186.90420387127546,8.100392245984064,2643.0773434244775,0.31513932419233825,79.7607670029349,2.2916471354946415,75.2252730243205,1,0.6637516276536393,0.38784502520091985,500.0,146.381955768975,BATCH_0620
191.86986466734206,9.026849303296613,2411.6273759621836,0.8720961700271768,30.799976996641213,2.465445263356972,82.43105013675142,1,0.7436207113703796,0.46197341178445045,500.0,208.07803353609884,BATCH_0621
224.0944205582764,4.904356776188766,866.7377850379539,1.0216385273711213,50.15285640332139,3.593304719539674,50.36721937035706,2,0.9093032681732665,0.5851784942132666,339.11510152982055,281.4607348942498,BATCH_0622
246.90459703820426,9.189488294689529,2225.8071172518225,1.1275714215459254,70.90506358583066,4.391660896337149,83.69602006980745,1,0.8429923949364984,0.5210273985694042,500.0,301.5397446192711,BATCH_0623
273.6509543060592,4.395862485668736,2862.560161451422,1.6548852186509118,21.22409664129238,5.327783400712072,46.4122637774235,2,0.7803589899025021,0.3,500.0,347.79559879917883,BATCH_0624
223.7827279139545,9.676705748410974,2206.3511969178926,0.4261885705821121,56.26933893550757,3.582395476988407,87.48548915430757,3,0.8754722768358071,0.6120312498269112,500.0,323.48638647244087,BATCH_0625
242.50694322662957,1.8036057207301563,1329.042122769585,1.6348797584705823,36.62152693217746,4.237743012932035,26.250266716790104,2,0.7425675432119085,0.4480298139735204,382.136301226866,345.31185539224214,BATCH_0626
299.49418762675134,7.183173398529185,1751.4482935770782,1.4164690126236392,71.7400949863839,6.232296566936296,68.091348655227,2,0.8992681845081795,0.5656556301411344,500.0,402.2924095749932,BATCH_0627
157.33664057811959,5.444326364112358,2114.312608377634,1.1561545469780228,37.00766895584475,1.2567824202341853,54.56698283198501,3,0.7487499065588168,0.4779662620581407,491.81902469275525,431.5755579363255,BATCH_0628
200.48738886880415,4.488839249100824,1776.426021821259,1.4291029537648867,61.205343216914535,2.7670586104081454,47.1354163818953,2,0.7809758376592483,0.410033459940318,465.79802919436645,477.71461949748846,BATCH_0629
292.6699171769105,6.694406908737408,799.8823543274245,0.8828337040081471,60.453177946843816,5.993447101191867,64.28983151240206,1,0.8617935281140201,0.593329826218527,371.26348073990965,399.2260611085554,BATCH_0630
329.0413675374399,7.334713824708981,1280.1601116300517,0.3629554133394367,33.289612931578404,7.266447863810395,69.26999641440318,1,0.969209344685034,0.5528533571382115,418.32162414549464,490.7753835271793,BATCH_0631
252.33548842313323,1.0392694268527818,2505.9900763840815,1.364953956504198,22.087951992101008,4.5817420948096625,20.305428875521635,1,0.6179014338920926,0.3,482.1938734516171,425.1635736102968,BATCH_0632
256.42269705306313,2.5025777987247886,2653.5451152387936,1.0968773827026823,44.55497442712384,4.7247943968572095,31.68671621230391,1,0.6313842117100329,0.3,500.0,393.25958507955954,BATCH_0633
171.43440226795522,7.417414455708868,843.2500817889256,1.3148121210312735,37.35158911795218,1.7502040793784324,69.91322354440231,2,0.8219595535812136,0.7510769004367279,395.17184797146183,344.6368687421939,BATCH_0634
239.48247336469092,6.997468722203858,2880.9668809968116,0.742197683954131,68.53866497682252,4.131886567764182,66.64697895047445,2,0.6993087971730502,0.403951588692246,500.0,289.1771566094067,BATCH_0635
256.5234532910046,9.694427546158096,1322.0565446215232,1.823046496945688,68.02185130732072,4.728320865185163,87.62332535900741,3,1.0,0.7874335687524094,500.0,324.6951175188579,BATCH_0636
198.49410072694593,7.849340112257047,2155.7843468268,1.2160027502935962,47.421437131557525,2.697293525443108,73.2726453175548,2,0.7852176942415949,0.5406479977944533,500.0,263.3766822502773,BATCH_0637
203.8486461898762,9.556954369582042,2379.5628648917027,0.2622647201526603,56.39073351939314,2.884702616645667,86.55408954119366,2,0.7659238773979492,0.49453506183111134,498.6634956876445,186.30117300777022,BATCH_0638
225.45683262092453,7.322864513813263,2529.8655865947085,0.9546275823384144,56.25557095921551,3.6409891417323585,69.1778351074365,2,0.7306725128077046,0.4423264195458486,500.0,155.08161966011,BATCH_0639
154.01423955554526,3.6824698777549885,2864.3742555648255,1.5370765040129053,69.62948890565741,1.1404983844440846,40.863654604761024,3,0.6384401556867552,0.3870343886784058,500.0,160.02264845363013,BATCH_0640
214.41583311663567,1.9482843002577082,1282.2988700720566,1.6088556672913175,45.50014484739185,3.254554159082248,27.375544557559955,1,0.7508682552747071,0.31581105646129637,380.37882974256223,205.1817718153211,BATCH_0641
192.28960139930894,8.03641477010442,2646.266136378886,1.0397344002511417,36.526800787430545,2.4801360489758126,74.7276704341455,2,0.7335288653501784,0.40279307456913116,500.0,142.21225945909185,BATCH_0642
215.49947043558294,6.797342993283243,829.2172585905175,1.800020384579472,35.902095088432844,3.2924814652454026,65.09044550331411,3,0.8900146610204633,0.7149860831842705,466.63039658796987,110.01683746309658,BATCH_0643
173.95242636385024,1.433674111539666,2262.602265883982,0.6085700306691653,52.17153675693225,1.8383349227347585,23.373020867530737,3,0.6642454354013466,0.3,381.5625307454184,162.72389750975438,BATCH_0644
328.105456147979,4.240454193108805,2354.9443237849646,0.8801375247527065,46.948892163932754,7.233690965179265,45.20353261306848,3,0.8663372870149278,0.38138553817248955,500.0,185.7522757295866,BATCH_0645
268.71849071080976,9.611198339358575,2194.308103003301,1.807334130081043,46.40724625909617,5.155147174878341,86.97598708390004,1,0.7544912099694701,0.4709133960254039,500.0,144.09340071175254,BATCH_0646
285.8204638288979,5.503610311391811,1130.7868403378825,1.802887761296,25.468240345382434,5.753716234011427,55.02808019971408,2,0.9038008768341691,0.5092996941807424,474.40081414610927,259.54829723908836,BATCH_0647
307.83424772146765,4.894562224177342,2682.6078675380086,1.4028542607668937,63.11622444141174,6.524198670251368,50.291039521379325,3,0.8341888268957135,0.38968875083417953,500.0,293.0719640937376,BATCH_0648
249.68843978581145,5.119296446433646,922.1461584259876,1.7320630395322183,32.82420127891464,4.489095392503401,52.03897236115058,1,0.849188866984808,0.5379640249933206,424.6158068810511,359.7090477097799,BATCH_0649
167.38405761748473,2.8799445160464736,634.086978802077,0.26866920721684207,31.817217812523282,1.6084420166119657,34.62179068036146,3,0.8797246724826084,0.5816856593756189,204.85630713810406,430.4686828483571,BATCH_0650
257.42130836370956,4.318364537783157,2293.66247652978,1.743490454794775,44.765499216643605,4.759745792729834,45.80950196053567,3,0.8440925518834231,0.4857694952688821,500.0,439.8629680644131,BATCH_0651
267.3682236041758,4.328319303884589,1688.6892880818343,0.7091778224454308,33.666700497068085,5.107887826146154,45.88692791910236,3,0.8607728059186758,0.5365629299243405,413.93187716009976,421.83714985102034,BATCH_0652
299.087894836866,1.4711951816872517,2622.74504989669,0.43882987361361103,55.031496038480924,6.21807631929031,23.664851413123067,3,0.7354964172166258,0.30613572300607417,448.3366687796048,411.6930966811102,BATCH_0653
236.3319092459359,7.908108656661264,1458.4928526456474,0.554802689049888,42.28780036006829,4.021616823607756,73.72973399625428,3,1.0,0.6635613599303388,449.1634437549421,527.2007940974959,BATCH_0654
175.51606055911276,4.7485398871349105,920.696471269282,0.8941401652263854,46.93470335556741,1.8930621195689463,49.15531023327153,1,0.7486076936207031,0.52185308955863,359.82620944417386,446.6654269637953,BATCH_0655
206.7551811597449,8.39961898134781,2591.1054811746744,0.5772648087484877,52.23015929624173,2.9864313405910714,77.55259207714963,2,0.7678770010501156,0.4154197821937345,500.0,430.32168932505647,BATCH_0656
222.61645927972702,8.653132010079059,1872.2740791001793,0.7090784134313481,32.21213134890829,3.541576074790446,79.52436007839268,2,0.8451734205399938,0.6123905885603969,488.3167414240158,405.3422645646813,BATCH_0657
279.1834482663203,2.9079464922879223,972.9894809758872,0.35645912353611997,29.345097371931786,5.521420689321209,34.839583828906065,2,0.8654457624570433,0.4951230705898886,292.88006894919494,380.94254282303734,BATCH_0658
264.15566093378237,6.916181339531157,2300.9599964661147,0.6627358545620972,72.82531417241628,4.995448132682383,66.01474375190901,2,0.8140716756493981,0.4670597680890192,500.0,334.4920444076605,BATCH_0659
221.21934517956925,5.250536237466836,1777.7840962237512,1.1873392476298024,46.023422169885265,3.4926770812849237,53.05972629140872,1,0.7167974820245987,0.3316072327984869,484.9324565214933,282.7901397935966,BATCH_0660
347.30304975859593,8.921410641293367,2010.7824556007995,0.9395220453730214,44.72561657795235,7.905606741550858,81.61097165450396,1,0.8984628978991875,0.45063469624133573,500.0,244.77137499740832,BATCH_0661
271.15496387137745,2.941666112588087,1652.2458455164547,0.7587656463482312,22.136729016370488,5.24042373549821,35.10184754235179,1,0.746826020375343,0.33156148961442616,378.67975034813793,224.01740189352103,BATCH_0662
197.4453583471989,7.100318802790398,2571.772459545016,1.5182590448285167,49.878578155243595,2.660587542151961,67.4469240217031,3,0.7674071945053926,0.4535348310077951,500.0,177.6312396880078,BATCH_0663
170.35649452408074,6.469769100274503,2573.9067892076246,1.797668945647304,53.250183296660005,1.7124773083428262,62.54264855769058,3,0.7224539599126459,0.48515547609127424,500.0,148.71081595201852,BATCH_0664
180.57182783686642,3.6577132981464953,2273.4720545609653,1.5378995235145543,53.53045225727999,2.0700139742903243,40.671103430028296,3,0.7250412362656761,0.34764919670758687,491.86736829462166,158.30403288739706,BATCH_0665
199.19154567690163,2.2294081328605535,763.5034434911556,0.7308013340235904,62.42187015937306,2.721704098691557,29.562063255582082,2,0.7750501163321947,0.5272117682609039,246.99465241317367,142.35068347737433,BATCH_0666
182.13627465191115,6.8647578442954895,2597.134654760172,1.514440118891352,30.648910099460707,2.12476961281689,65.61478323340936,3,0.8067804488144878,0.4292027853622806,500.0,200.2309157141196,BATCH_0667
187.31340481026115,7.647377123190976,2177.532451332275,0.3887623467006973,35.13338805383713,2.30596916835914,71.70182206926314,2,0.6865292569157083,0.5139712401536554,462.0189194067679,90.56709518054501,BATCH_0668
207.01903373876942,3.84064609387015,2242.560415010749,0.3476041773734527,68.64382791382477,2.99566618085693,42.0939140634345,3,0.7871723279729863,0.4391107454114002,409.3674504874183,226.67918837969125,BATCH_0669
184.67471905895096,6.803493436200824,1407.457101009679,0.7566913703687019,76.83023701060364,2.213615167063284,65.13828228156197,2,0.845530575477122,0.5467019735191749,419.2716323992669,262.3825557749258,BATCH_0670
329.35308492528503,4.556178168503529,2698.1988903925167,1.6346345011837082,28.15596484203924,7.277357972384976,47.65916353280523,3,0.7924190300917098,0.3968470467885377,500.0,198.97543626237513,BATCH_0671
166.04674913232844,7.41886194954356,2313.4290005871435,0.5680616697603735,49.85897327031309,1.5616362196314955,69.92448182978325,3,0.7690690402538176,0.553025749594187,497.9853423478193,289.7193721775885,BATCH_0672
254.90227791405093,2.792937474046478,781.4761663229862,0.2201814769074912,32.850575164375215,4.671579726991783,33.94506924258371,1,0.787099708109268,0.41095024701676114,232.51006640353856,327.67963078550457,BATCH_0673
232.0793653979323,9.01193502372557,1519.4450860154066,0.3502481168920747,23.604390101298947,3.8727777889276305,82.3150501845322,3,0.8985371081496765,0.6833163006573016,461.2725780292044,332.774649158463,BATCH_0674
346.4757233817213,3.5866863681902177,2715.950904900354,1.7316154402062023,39.53020028756812,7.8766503183602445,40.118671752590586,3,0.827598877725771,0.3,500.0,382.7315165502579,BATCH_0675
172.40778043361047,4.310073889805376,617.9917542434475,1.3041882410198464,28.621257511052764,1.7842723151763664,45.7450191429307,1,0.7258526425262674,0.5300123344701241,330.5699711315366,396.5865352036908,BATCH_0676
229.57111980914834,1.522827568723148,2903.5415491051235,0.5810822104029556,62.595984406054775,3.7849891933201913,24.066436645624485,2,0.6803124605579102,0.3,471.7346710448344,497.45698724606814,BATCH_0677
343.8940866550738,2.0036099108914875,2197.9064207989068,1.1550620681235446,52.02352482028667,7.786293032927582,27.805854862489348,1,0.7862041230034149,0.3,493.052283961372,478.07035179442386,BATCH_0678
323.10142517879603,5.642757124410953,2078.4399441084415,1.1024012826081657,28.630068259418653,7.0585498812578615,56.11033318986297,1,0.8578280249881646,0.3382477456897587,500.0,483.03552679318517,BATCH_0679
313.41441418985596,3.4083340905517434,1176.3981412199785,1.3453283590372564,20.554495304330864,6.7195044966449595,38.73148737095801,2,0.9091194066245898,0.5043634266893211,407.1582954785173,451.55397248896253,BATCH_0680
201.58056540898798,8.51932203167975,1121.9794718479427,0.543056353401071,68.48942294145276,2.805319789314579,78.4836158019536,3,0.8983370951582306,0.7520393382529821,395.4358003385981,372.19446404146686,BATCH_0681
184.17751747801316,1.1322404978945846,2855.1455487214885,1.7423656756693555,30.57166436985485,2.1962131117304606,21.028537205846767,2,0.5626750755497925,0.3,500.0,359.26439201161133,BATCH_0682
283.72864398488616,4.411846438047426,1245.681135585307,0.6878002679520243,56.37299853324596,5.680502539471017,46.536583407035536,3,0.9369923187358477,0.6151055748689135,364.14166084783665,353.50409360221533,BATCH_0683
335.87519782551715,4.0361099209218345,2438.7632417974983,1.41885014255485,40.215314784604736,7.505631923893101,43.61418827383649,3,0.8348325026333958,0.4056587762629224,500.0,263.3361657332443,BATCH_0684
261.35257860278597,1.1739486782584092,1482.804495517698,0.13063682810720828,55.12915629890214,4.897340251097509,21.35293416423207,2,0.7875971454317099,0.3569902347808168,291.1643059019822,282.56709613979484,BATCH_0685
264.32253789398,2.119315591004592,848.13517696176,0.8080485467988797,38.93921761893944,5.001288826289299,28.705787930035715,1,0.781648273612387,0.4150793666982557,279.9145494752738,217.790238055256,BATCH_0686
205.99581873205682,4.722784074267717,526.7882442383974,0.7682486541217357,25.21637364153525,2.9598536556219894,48.95498724430447,2,0.8470638164518514,0.5643338146574787,273.9419823331609,182.6893585955291,BATCH_0687
303.89858663838737,5.43578126002702,1860.643342538127,1.1326204143077276,33.37700051346522,6.3864505323435585,54.50052091132127,3,0.9350915434819824,0.5636776503753668,477.60003398986044,191.42498847843981,BATCH_0688
187.40874971150467,4.638607725293822,2939.447046372332,0.23819889737667335,31.283513988744538,2.3093062399026634,48.30028230784084,2,0.6583530398521757,0.3,471.6221857403624,168.43902540122218,BATCH_0689
214.73584728084873,5.778439105708845,1422.8404845230111,1.6012496100796059,45.68116114637863,3.265754654829706,57.16563748884657,2,0.8056484056586123,0.49173478962272127,467.3696205626961,139.1710150254276,BATCH_0690
235.08728772328334,6.356185074151134,1392.9808349826121,0.5137835233583802,59.49702700556944,3.9780550703149173,61.659217243397705,3,0.9355524165086244,0.6295857420226286,400.951393468014,189.89102015756663,BATCH_0691
251.522075736891,1.0893143901505207,1360.2290446236052,1.3863718482758194,35.828364496781454,4.553272650791185,20.694667478948496,1,0.6820581401420162,0.3,378.5212602998406,137.66428960433686,BATCH_0692
198.48194648301603,5.176856435081535,1801.359593262146,1.626103034163777,20.724196118037078,2.696868126905562,52.486661161745275,2,0.7763883759320029,0.4468494954433351,498.63348088499,212.41205103034304,BATCH_0693
172.9673649478407,9.671493167988295,1601.662208560734,1.167566216858875,51.136241855885416,1.8038577731744248,87.44494686213118,3,0.9060572893617995,0.7503298016892872,500.0,242.79303773905298,BATCH_0694
272.1240084883265,5.671290521165939,2699.7865668175364,1.5076780927717726,56.345569361538324,5.274340297091428,56.33225960906841,3,0.8102805003868228,0.47394798429595897,500.0,251.89075005520093,BATCH_0695
207.72611064805116,7.097880407130579,1763.8019793087258,1.3575345932085106,77.77222964010858,3.0204138726817904,67.42795872212673,2,0.8183635511132281,0.575840165821238,500.0,309.7839906672593,BATCH_0696
266.24764428452244,3.8067747212519487,1769.394595471422,0.7755066145888144,55.36824818559481,5.068667549958286,41.83047005418182,1,0.7132981637802888,0.3,434.89071108279774,301.28944947382024,BATCH_0697
180.87254305484046,7.965922403374863,845.9289868013915,1.6368312241637741,48.27035356268851,2.080539006919416,74.17939647069338,2,0.9002374827544334,0.7288904339455002,447.55794774218054,402.72081057620557,BATCH_0698
246.2280203709635,7.956293336885036,2956.848852275965,0.6599326027825031,54.40409755386223,4.367980712983723,74.10450373132807,1,0.7132589148332974,0.36015252359666206,500.0,400.51895308469216,BATCH_0699
256.51788651031717,5.69166442888725,1124.9322271720744,1.1853045437278826,75.67403779172162,4.7281260278611015,56.490723335789724,1,0.814674906298725,0.5091861234307057,403.5391450555109,414.2221199520929,BATCH_0700
160.36470736448538,9.784124409512922,683.4101686490067,1.516255704368925,69.70268873609876,1.3627647577569884,88.32096762954495,1,0.8828446588379301,0.7627325298578124,427.2735300160596,476.3591507184675,BATCH_0701
217.3208556387841,2.1299519328638805,2157.865622438022,0.8200162286437643,39.37872400182848,3.356229947357444,28.788515033385735,1,0.6161603337847372,0.3,417.5432437468083,428.8696892837172,BATCH_0702
176.88293538779484,1.152528984006229,1988.4159253921816,0.6752584544731075,34.23526181942823,1.9409027385728197,21.18633654227067,2,0.598606402145638,0.3086176757468054,353.9915538175129,402.63503505245444,BATCH_0703
162.67499409455354,7.931423905813864,1537.8641349818643,0.9727574193283631,35.75801674196442,1.4436247933093742,73.91107482299671,3,0.8015754662065645,0.6888480976933731,463.33218597042645,383.20493536194994,BATCH_0704
347.99204647798905,8.264399836283943,1555.480584701695,1.6541306392633919,50.26526238291278,7.9297216267296164,76.50088761554179,3,1.0,0.730985889335845,500.0,424.24631571835215,BATCH_0705
214.4707689949446,2.0818650620851864,2462.659802616078,1.8668513499767632,64.64296707371466,3.256476914823061,28.414506038440337,3,0.6706824054524736,0.31846907312366557,500.0,336.58711942511144,BATCH_0706
311.974889170927,3.390245496627455,989.2816002491227,1.1356584844337914,50.193152430977726,6.669121120982444,38.590798307102425,3,1.0,0.585517873229542,367.01518250321686,391.4666822249119,BATCH_0707
200.92813095275278,1.1579712702996603,2550.6332973622243,1.3567857901149385,24.067783749686754,2.782484583346347,21.228665435664023,3,0.6075790103332565,0.3,478.9195027429823,237.54211776348566,BATCH_0708
286.3005444447858,3.639777497025082,2121.8677847375457,1.8162198822539368,63.41484202639885,5.7705190555675046,40.53160275463953,3,0.8902403626549849,0.4869143804158501,500.0,312.0708342833234,BATCH_0709
302.0455719779373,7.958276865268044,1547.4244344488109,0.28723901768459054,68.35820772025724,6.321595019227805,74.119931174307,2,0.943747678543472,0.5657488440665335,440.9777908870972,231.33052401608143,BATCH_0710
269.12774812156886,5.6616447494132105,1645.0715414596716,0.5409492979457136,37.36987190718318,5.16947118425491,56.25723693988053,1,0.7978535264369475,0.4758201624675766,431.59865942220404,191.0325894659075,BATCH_0711
244.31523771003168,4.132860338514593,1141.6180179652395,1.4469100118780067,59.84754435700103,4.301033319851109,44.36669152178017,3,0.8692954304388361,0.6105853198637298,411.7266844958273,153.74861682806608,BATCH_0712
232.3681828294537,4.345653654156973,2380.285831742437,1.6651144776333693,45.59551406326361,3.8828863990308795,46.02175064344312,2,0.7408324728037603,0.3,500.0,167.08520948720175,BATCH_0713
219.77365330859908,1.0121826314392135,1782.1868557631694,1.7283551538280981,73.34716134364658,3.442077865800967,20.09475380008277,3,0.7463133164035843,0.38785171235559535,422.3707055002017,148.87095892725455,BATCH_0714
335.9058288495652,3.698204748087123,1302.136356874609,0.8887036360243719,70.71353348964439,7.506704009734781,40.98603692956651,3,0.9887980717218346,0.4656086708105763,399.7726654027485,188.21018251713622,BATCH_0715
316.1238815575458,6.8181286747413745,1990.1252894023755,0.269745814354547,51.525919898578536,6.814335854514104,65.25211191465513,1,0.8467032613600445,0.4327620868361608,500.0,173.52301889219547,BATCH_0716
343.00538213330253,9.767749994347215,2989.3361301283076,0.9317848068692778,61.49033274881567,7.755188374665588,88.193611067145,1,0.8537225444538387,0.4079768951360385,500.0,198.4430356658722,BATCH_0717
174.85944469710896,8.623547442855095,1588.1556991413845,0.5383957213934022,73.00098206132624,1.8700805643988132,79.29425788887296,1,0.7593695712564845,0.5145536963470749,453.9013855514834,214.091633633583,BATCH_0718
296.1734950407289,1.2123546818097621,2801.728501946549,0.6532732644935859,49.74302060469653,6.11607232642551,21.651647525187038,3,0.7445739398095682,0.3,469.519515627643,259.46877452298963,BATCH_0719
337.66809136420756,9.087045442073554,1362.5420998114153,1.567308357991261,38.795044429329316,7.568383197747265,82.89924232723875,3,1.0,0.8282811940144928,500.0,309.2340530667628,BATCH_0720
186.24661323313202,8.048785719687633,636.8317673124648,0.24350146344918505,65.21996827457488,2.268631463159621,74.82388893090382,3,0.8949707344621887,0.798364811387172,324.59524447840187,287.51780498567746,BATCH_0721
163.2992534733555,8.023385112138824,1010.6052659210723,1.6724043132133342,33.203975287081505,1.4654738715674425,74.62632864996863,1,0.752472971779275,0.5591845498794182,460.3683838992354,334.5544373368243,BATCH_0722
298.2241298580118,5.121961831032143,1546.7378583192105,0.9125712630659212,43.311868880362525,6.187844545030414,52.05970313025,2,0.8992222606337992,0.5475543730018724,437.44370406915306,428.363939998664,BATCH_0723
264.8946226359824,4.582047636590525,1049.0873214864225,1.2325214690911306,71.94363422640762,5.021311792259383,47.8603705068152,3,0.9277345527927174,0.7004422419323445,394.1507602653967,435.0297737115029,BATCH_0724
318.3657553516544,3.7262415594987335,500.5675955456388,0.27033923934779014,63.4653404161589,6.892801437307904,41.204101018323485,3,0.9973256788073976,0.6710831926336855,217.58035822726998,439.3693738527796,BATCH_0725
177.9544753252579,1.591253730589292,2787.503844368818,0.7409822488788312,44.228660314849954,1.9784066363840265,24.598640126805606,3,0.6373322603795001,0.3,442.7971179122791,450.5530179919618,BATCH_0726
309.05346237197807,3.0541182714432917,2609.6985280773224,0.270431746128207,32.88467014450144,6.566871183019232,35.976475444558936,2,0.7717873967155081,0.3020866346324316,452.0283285553915,455.31632510420997,BATCH_0727
190.3254640095489,3.2194327148022217,2355.7305787173677,1.9269330734741081,41.35810344993419,2.4113912403342117,37.262254448461725,3,0.7000628815989232,0.3432523161331681,500.0,413.7110201583857,BATCH_0728
182.7311885731409,5.356693627391814,919.5364891150716,1.6337971337198758,37.04624895364598,2.1455916000599315,53.88539487971411,2,0.7929530002297019,0.572084267616595,401.53736921970915,382.71687541591587,BATCH_0729
182.8531595861986,7.726999659370246,800.9089405249651,0.9733022332772744,30.565357276631236,2.149860585516951,72.32110846176857,3,0.9291957951845369,0.8307041817562875,366.1592204642285,380.8753576529295,BATCH_0730
312.91494404627645,5.26428845558152,669.0118736809579,0.524844841814975,64.5999748139394,6.702023041619674,53.166687987856264,2,0.9353285799349792,0.692882230035478,330.44657192919914,309.47167343692894,BATCH_0731
283.03944413924,1.5206000450244455,2310.072971932303,1.873564699974719,35.124193211010294,5.656380544873401,24.049111461301244,3,0.7908931899565789,0.33624984592363494,500.0,312.2475826714347,BATCH_0732
254.61308495382386,9.620108208893836,2822.0199017197133,0.7547335318812463,47.25004821006583,4.661457973383835,87.04528606917427,1,0.7201761488669883,0.3567308709478322,500.0,210.0996351074901,BATCH_0733
221.7660968247005,9.48451887184701,1576.3395522825924,0.40587042020601205,43.15156681016654,3.5118133888645175,85.99070233658786,1,0.8662239791988027,0.6529850233085281,469.2763106354179,255.8746691197676,BATCH_0734
325.44010816262164,8.066705888335676,797.8516799901204,1.1700123380625143,78.92464271813785,7.140403785691758,74.9632680203886,1,0.987124016002517,0.6138997521909463,470.49190513426834,208.11190729440983,BATCH_0735
228.4890214845271,9.921951114077984,1780.9820518302665,1.8931708286551505,43.46553464889323,3.7471157519584475,89.39295310949544,1,0.8421303716490817,0.5464119465260792,500.0,177.77708146175246,BATCH_0736
313.31988789431546,5.900340995202367,1372.0797686465753,0.10727755195061289,24.798948967805288,6.716196076301039,58.113763296018405,3,1.0,0.6384503645626906,381.46908313118644,184.5918555750048,BATCH_0737
237.82698171404368,9.664915152278855,1437.0623108749942,0.5524372021825976,25.38954515432504,4.073944359991529,87.39378451772443,1,0.9161245332234986,0.6635759927859639,451.4636269762001,199.9642333338773,BATCH_0738
225.3888858849815,1.680445365550757,2053.3265603892683,1.8830505167797744,55.445223281183885,3.638611005974353,25.292352843172555,2,0.7251627703153991,0.31262181921956156,486.4941364809382,185.54222800718364,BATCH_0739
242.53595713392127,4.291126734352342,2296.795283155506,0.4250633370286079,55.961813104295935,4.238758499687245,45.59765237829599,1,0.6393886422285783,0.3,449.67778266836035,114.86996249238331,BATCH_0740
210.27557483282843,3.0284314120608924,776.5089971829021,0.31516255811565774,45.1255394289593,3.1096451191489947,35.776688760473604,1,0.7203361742973431,0.46093863542965696,251.96605911566417,155.54667381994858,BATCH_0741
299.5218760352502,2.7624977572084304,588.975577016191,1.1833557100196286,45.910621538721784,6.233265661233758,33.708315889398904,1,0.8389092276872533,0.4619358296403045,321.1729117300497,206.2554426691292,BATCH_0742
250.54407801849584,2.267226540034085,2985.8257567142873,1.7375032642601769,23.235954970452273,4.519042730647354,29.856206422487325,3,0.7078052797883595,0.3,500.0,261.9598747409436,BATCH_0743
196.44253902936345,6.60172277409397,1081.8208722888796,1.0065086536184595,50.99279062335573,2.6254888660277214,63.56895490961976,1,0.8074610953422062,0.4343892405969947,421.0572102851503,315.5297706140715,BATCH_0744
329.9149146549137,8.031896701725746,634.5763122711477,1.9896720877005971,50.2843685228211,7.297022012921979,74.69252990231135,2,1.0,0.7264119043080928,500.0,317.0505423707733,BATCH_0745
226.77824427464228,6.204685594783246,974.6883227398,1.3904262291221865,28.97295911341667,3.6872385496124798,60.480887959425246,1,0.8284998932854355,0.5458540687828274,421.7487057511959,380.6030029343127,BATCH_0746
258.71057222279774,2.322664386293887,597.3946158711606,0.2407423236998507,26.230363166655657,4.80487002779792,30.28738967117468,1,0.7847108027083831,0.39578719263041906,207.20894099923993,383.40452920738056,BATCH_0747
331.2944221929094,8.300113929401238,1479.5272365429291,1.9863810501957533,27.414349435969427,7.345304776751829,76.77866389534296,1,0.9105889877677413,0.5574171667077378,500.0,411.5582764779088,BATCH_0748
274.84759918279843,6.723592364473556,2506.0044611283106,0.8749990498823618,26.06169478947551,5.369665971397945,64.51682950146099,2,0.766639256676558,0.39850462949861354,500.0,402.68904103791357,BATCH_0749
173.3796081416728,4.493491355142959,1353.1111243943014,0.6460648143064167,56.58249173220559,1.8182862849585484,47.171599428889685,1,0.6773035479096607,0.48311035641792277,361.6079907369168,422.30300261667287,BATCH_0750
337.966424722695,7.067172659824567,1610.4585171959163,1.1599704487979827,31.788959144175116,7.578824865294326,67.18912068752441,2,0.9099226583750231,0.6172976148668289,500.0,404.3383357748707,BATCH_0751
275.54161061428357,3.3391448131854955,2188.966933918597,0.6781844244596421,35.08580913124781,5.393956371499925,38.193348546998294,2,0.7379309545751858,0.3039894798824754,440.3351593876584,400.62761297834606,BATCH_0752
216.98112293141722,4.106729876447894,1772.2351751747005,0.2642692635282894,30.414328649086386,3.344339302599603,44.16345459459474,1,0.7389461603446343,0.3289484882341008,357.8397704871215,437.6752710762167,BATCH_0753
177.85441453267745,9.257372588187913,2653.6142150533105,0.10271385185043577,77.47011826691019,1.9749045086437107,84.22400901923932,2,0.7222307624272125,0.4801200102138643,500.0,346.5180333350435,BATCH_0754
308.8050378540592,3.6145405510427837,2665.0891876143914,0.9542083705484983,71.27704778911013,6.558176324892072,40.33531539699943,3,0.8968601758108853,0.3238468197964535,500.0,417.79431871050474,BATCH_0755
274.0145511857027,5.229894413421429,524.7767387278841,1.6900405022305254,33.82969024109126,5.340509291499595,52.89917877105556,1,0.9014298373823273,0.5735803824072202,373.2250305569753,314.7995370264262,BATCH_0756
256.6922183952643,9.011270236564132,2445.1157662079977,1.1873988526971455,39.653977635327564,4.7342276438342505,82.30987961772102,1,0.7968534455407534,0.394450750401902,500.0,266.72222694547054,BATCH_0757
328.77851661019156,7.369492152407747,1651.8340006041847,1.9984938679925377,32.59357053829983,7.257248081356703,69.54049451872692,2,0.9182709062045753,0.5147027591055059,500.0,199.2492665945647,BATCH_0758
307.7194422449062,1.5598290354823248,2972.101353259158,0.6450086267296798,49.512557567649424,6.5201804785717155,24.35422583152919,2,0.7221572110760899,0.3,500.0,214.94327920428762,BATCH_0759
180.33497594655023,2.325727398510733,1708.0801896885878,0.6328646230441051,21.176631948455217,2.061724158129258,30.311213099527926,1,0.6229339739545448,0.3005252204132239,319.5189994029863,152.82705464520032,BATCH_0760
212.34441355910965,1.0705743169472512,2967.239863470744,0.40352397444449395,60.28208053380774,3.1820544745688375,20.54891135403418,3,0.6500370052597562,0.3,442.2705373454605,158.77142049600104,BATCH_0761
199.69782796289314,6.678296112062471,2386.4234030143416,0.4117208177041368,51.3894889890585,2.73942397870126,64.16452531604143,2,0.8191524141110591,0.4586733333585599,492.6193368632446,226.80253614806384,BATCH_0762
298.7892585145354,5.029060828693765,1121.5122115332658,0.6418545324190907,73.91833569806619,6.207624048008739,51.33713977872928,2,0.90676770117401,0.5231957579970433,381.920071880905,152.2293290649005,BATCH_0763
156.70648694715587,2.2084736581204796,1845.987448217394,1.6063960860197015,29.86356105970485,1.2347270431504556,29.399239563159288,3,0.7376751640407442,0.4202246901047066,404.71074747023283,204.57438922090344,BATCH_0764
263.9779369742633,9.621407089510933,2980.339098696457,1.820937902209251,68.2465547636679,4.989227794099216,87.05538847397393,3,0.8468836581149887,0.5610398380698995,500.0,172.8386900682407,BATCH_0765
302.4917371481381,5.766937515510579,2643.8265193798093,1.9526656224445944,67.51766086800293,6.337210800184834,57.076180676193395,1,0.7552747111930562,0.3,500.0,223.9503452850879,BATCH_0766
325.35312735234993,3.1770396470160027,743.4172344780527,0.54135034278326,27.630871353013216,7.137359457332246,36.93253058790224,3,1.0,0.6313397042534487,298.77268955766584,314.3011623036889,BATCH_0767
218.4163497431815,5.505432140392368,2265.9299920249905,1.7744653366667742,43.913553448647654,3.3945722410113524,55.04224998082953,1,0.6784415814553966,0.3,500.0,281.19098826636576,BATCH_0768
314.25146093440253,7.11658299461597,1363.9489646770326,0.7236846696269403,30.209158468671014,6.74880113270409,67.57342329145754,3,1.0,0.665416108418609,466.0598701632799,393.196313505282,BATCH_0769
172.12634739104143,1.6861529617620803,517.4556547008702,0.31439703458208035,35.28323002745293,1.7744221586864506,25.336745258149513,2,0.7856855123138777,0.5008310008504034,178.59235319686607,396.2325580636655,BATCH_0770
319.2904583469036,3.472334335431028,1508.702422567499,1.7530473584883148,35.79477048983266,6.925166042141627,39.22926705335244,1,0.8011669479732962,0.3199778380200278,465.1902794270093,389.192013901153,BATCH_0771
175.49773246639649,8.262689417955944,1086.8860543124283,1.3086007058228752,53.37418364154637,1.892420636323877,76.48758436187956,1,0.8227728686521867,0.5923340471379023,457.23847230204336,448.8760427393313,BATCH_0772
229.45745811207345,5.136983833623951,2547.173176301179,0.4129887025540173,44.684655905627935,3.781011033922571,52.176540928186284,1,0.7075999141692602,0.3,478.59691941161446,474.06550743216127,BATCH_0773
309.4590731559107,5.919194278290654,1343.3265221144138,0.9166793892747048,76.86396824037831,6.581067560456876,58.26039994226064,3,0.9890311358190865,0.610156871508457,407.05683055034325,468.6542988665159,BATCH_0774
179.98348546975475,4.895344019885224,2568.8092348845425,0.6457896202664285,27.58220851682031,2.0494219914414167,50.29712015466285,2,0.6252788854799821,0.31476919580584606,488.68464081663495,397.78213234664673,BATCH_0775
195.8502790465283,1.395099483787046,501.4948470869883,1.4999096805493743,78.42152809101194,2.6047597666284905,23.07299598501036,1,0.7118185656805641,0.4098935627621883,273.7283539866292,408.08969529292153,BATCH_0776
294.4505136786132,2.4917480183814034,1269.5478750652978,0.9614908381861093,33.83831841285584,6.055767978751464,31.602484587410913,1,0.7852960849744723,0.33792034384242875,382.3034634363073,398.6404581114387,BATCH_0777
294.00730730921487,5.009874748677018,1102.9130357694048,1.9796318957021315,66.37243618291119,6.04025575582252,51.187914711932365,1,0.8537387565482014,0.468032050199846,462.8328499822345,372.76699712699957,BATCH_0778
278.22952657705946,2.8826691886713505,1083.9184026715275,0.20401546629323072,40.33819557036928,5.488033430197081,34.64298257855495,1,0.8177896010632847,0.40980481321548823,239.59623844806904,357.44301969189826,BATCH_0779
288.78968889342,1.4498112579371085,670.4665494136567,0.7745290056588686,28.584883725038836,5.8576391112697,23.498532006177513,2,0.8694796201270673,0.51190336058414,270.7678495406921,305.3310300280004,BATCH_0780
258.54488866951925,8.592846976466413,967.8106760262543,1.015610317508957,71.4733511147744,4.799071103433173,79.05547648362767,3,0.9629166433554441,0.7641151719402696,452.2509987172316,221.1168124733162,BATCH_0781
200.35981178139053,9.830732762477043,1888.8739247140497,1.0559537540218076,38.53165395418779,2.7625934123486693,88.6834770414881,2,0.8572704885839864,0.5719582622847673,500.0,236.40593553017908,BATCH_0782
219.13919870078388,8.138285865970655,1228.4026820943614,0.7002780625327099,59.531324253610535,3.4198719545274363,75.52000117977175,1,0.8519502738111628,0.5316578270949803,411.14945688874127,212.25155518053484,BATCH_0783
186.31954336028514,8.684064295342004,1543.48695582287,1.4855564732853792,53.98662110519759,2.2711840176099796,79.76494451932669,2,0.8533155862392268,0.6078135623754061,500.0,186.88990287026635,BATCH_0784
331.6901122667257,3.1777941728534085,1442.1672008679711,1.762019439629052,48.30537856345246,7.359153929335398,36.938399122193175,1,0.8622960414209948,0.33429006276810985,467.7415387952364,187.5345478232786,BATCH_0785
266.6783589532241,9.645642779618798,2689.7623124997363,1.8835666737579397,49.74916835891234,5.0837425633628435,87.24388828592399,3,0.9194278941820883,0.5419552519067613,500.0,175.01766463646712,BATCH_0786
230.17028335272798,2.7723313400808554,2763.2474975262885,1.6296774159190999,63.93427484553725,3.8059599173454792,33.78479931173999,3,0.7283325127290952,0.3,500.0,168.88652843349226,BATCH_0787
242.40116072882654,9.562868293256491,1732.3924291396502,1.7161023748825388,25.266374847406432,4.2340406255089285,86.60008672532825,3,0.9429621609190248,0.6948967361567262,500.0,167.99121808857214,BATCH_0788
339.45666792236307,9.95337364569356,1325.389875789011,1.1460360711779916,60.09083971747431,7.630983377282707,89.63735057761657,1,0.9326641227676337,0.63663533632429,500.0,144.1051548165383,BATCH_0789
180.67028062321603,7.405505251714438,767.0017600059091,1.6691876302109476,73.74872608391472,2.0734598218125613,69.8205964022234,2,0.8803087914310096,0.7178538966436532,425.09582126558956,237.88854657397525,BATCH_0790
267.24596640335943,9.830293586126396,2883.5071984552374,0.6766574273811091,23.46729182119185,5.103608824117581,88.68006122542754,3,0.8894018928643619,0.5285773042345193,500.0,267.4077738495139,BATCH_0791
251.1777357768932,6.125858016103933,650.5673622507436,0.8571096480075073,28.439200354020002,4.541220752191261,59.86778456969726,1,0.8797968722347737,0.5652339056251373,349.8352633770703,308.147365115861,BATCH_0792
272.29084708692955,3.335876048584813,1244.125693920701,0.7021347262552341,62.997916202121885,5.280179648042535,38.16792482232633,1,0.7511758552703606,0.34715283766963406,354.06668901929504,300.52039949076993,BATCH_0793
153.62203676416812,4.932962970990587,1245.1655029250105,0.9880359373510582,46.236898894677054,1.1267712867458837,50.589711996593465,2,0.7202363597377311,0.5249161677292248,361.23464329904925,342.56830378775055,BATCH_0794
324.4247817888303,6.342048418409074,1301.0032153505372,0.642601270853409,44.2129172488213,7.104867362609061,61.54926547651502,3,1.0,0.6186586997123619,410.43797267838806,437.66060277796583,BATCH_0795
336.4236564967225,1.6577340582431348,910.7171081810231,1.927061740283449,28.21799807265415,7.524827977385287,25.115709341891048,1,0.8455343143914036,0.3918960930119498,410.93238285292284,428.7171559519665,BATCH_0796
263.02663671784177,6.601089381555215,2457.903577309243,0.6944047932107694,50.406202443067286,4.9559322851244625,63.56402852320723,2,0.8188611590853854,0.33769994634228534,500.0,465.3338948645384,BATCH_0797
289.3301647753784,9.83060053086065,806.2446549149731,0.28628462241078567,27.592718671782634,5.876555767138246,88.68244857336062,3,1.0,0.8480903577314586,378.1494417136926,450.84955128391385,BATCH_0798
334.49987623545917,2.7109688480535485,2087.266647882907,1.1009526154957856,48.597227378632425,7.457495668241069,33.307535484860935,2,0.8226306055507698,0.3254919738095383,486.6849150919587,445.7815581282336,BATCH_0799
291.4477268626797,8.13335604659545,809.6150667645436,0.2084882490458351,65.8169179376994,5.95067044019379,75.48165814018682,2,1.0,0.7233194113391528,377.41969601599834,458.0523247469449,BATCH_0800
180.50780858285228,9.171089144016575,676.3390939823914,0.310032015986303,35.49586147322981,2.0677733003998293,83.55291556457335,1,0.8443411220980713,0.8040350602847278,345.67505608536266,390.5846753314619,BATCH_0801
265.2576720333626,9.493314335381987,2773.573759214691,0.5168398394728679,48.847170090783635,5.034018521167692,86.05911149741546,1,0.7861216813120566,0.40825149458758997,500.0,377.88362330823327,BATCH_0802
271.3430092765712,9.641220439649025,975.3219157967642,0.9822654747760692,79.52095816381015,5.247005324679991,87.2094923083813,1,0.9222734061446592,0.6295869902987115,460.78922749143123,324.9545981042257,BATCH_0803
234.8261342604772,5.693136748493248,2553.1253863992606,0.9231767713871529,61.19902540124224,3.968914699116702,56.502174710503034,2,0.7314039514954318,0.3557234957090632,500.0,286.9651131770323,BATCH_0804
297.2888471249446,9.795771171923533,1861.5771777678394,1.6194145378053033,70.48140627831191,6.15510964937306,88.41155355940526,1,0.885002932637929,0.47177133779319236,500.0,251.90197953056315,BATCH_0805
336.87340295380295,7.81579186420995,694.6412990219239,1.5050018423798155,44.890856393632745,7.540569103383104,73.01171449941072,2,1.0,0.7176383876718946,460.5003757402592,231.66401314901438,BATCH_0806
335.11370258135526,2.455042926132657,2888.6204785951686,0.9100047585823324,66.07165538755132,7.478979590347434,31.317000536587333,2,0.7387624641664905,0.3,500.0,179.57152417211208,BATCH_0807
240.16787428082642,5.29210095821173,1117.4029174797313,0.7340379943936968,22.43055037647931,4.155875599828924,53.3830074527579,1,0.8442903438138882,0.5159202106642362,389.273686926331,207.76887319954028,BATCH_0808
172.64760916815106,7.464980578348036,2649.113363381516,0.7012906897168473,27.3746709525347,1.7926663208852869,70.28318227604028,3,0.7331799325980053,0.4720672958891526,500.0,128.27290699005565,BATCH_0809
346.9682397924669,3.22606284237175,922.0250144614104,1.570590665858617,32.18423557520373,7.893888392736342,37.31382210733584,3,0.9821213461581484,0.5835947217356577,422.6572208043703,144.39385067515923,BATCH_0810
317.77961728918683,6.765536651939986,2634.8572053546322,0.1989375718204125,44.11711547691317,6.8722866051215385,64.84306284842211,3,0.8791098421513909,0.4435644197827396,500.0,141.91919430841418,BATCH_0811
174.93253624065338,6.999404311419573,533.072032263235,0.12436113407015108,70.7446926995458,1.8726387684228678,66.66203353326335,2,0.915684196418598,0.7829034169009649,281.8623364812599,213.5055259629462,BATCH_0812
334.1683765234745,2.464297694277093,1779.4511414237018,1.6115343446606314,40.77596304727583,7.445893178321606,31.38898206659961,2,0.8469948823904674,0.3371775284747263,468.55352116306636,199.830626117363,BATCH_0813
323.97927241242564,6.085767812074806,2423.606448553892,1.0065781143791936,59.27727161092777,7.089274534434898,59.55597187169294,2,0.8827614489536695,0.46754117381454907,500.0,255.95533618406125,BATCH_0814
253.76761142521443,7.944642198807469,2836.988793731958,0.34867416325179434,62.558857688209,4.6318663998825045,74.01388376850254,1,0.691134540711698,0.3570871702674497,500.0,216.61033204351233,BATCH_0815
268.25508714898587,5.490060980823477,2773.0053405162175,0.5475752757295523,55.17094124530048,5.1389280502145045,54.92269651751593,2,0.7642273875002357,0.33794535060356257,500.0,308.0115079760744,BATCH_0816
229.80054077402605,1.1089280509849668,2549.0621738691125,1.8717575108850268,41.43451809020817,3.7930189270909116,20.84721817432752,1,0.6247430517528995,0.3,500.0,365.5117806340792,BATCH_0817
160.95232776440628,1.0813462217136296,2720.47837415326,1.733055653687306,54.62320050281266,1.3833314717542193,20.63269283555045,1,0.5174095019446807,0.3,500.0,377.46851967826206,BATCH_0818
217.03944832918017,4.21326409573011,998.0492145926912,1.448591595425548,40.53593556738477,3.3463806915213063,44.99205407790085,3,0.9034252043283275,0.5381459850267761,379.2287259736802,438.030428429943,BATCH_0819
310.5706897196023,9.335746615886038,1210.4607392793218,1.0162279376409205,25.032424313120725,6.6199741401860805,84.83358479022473,3,1.0,0.7714434772931952,500.0,414.3851570646534,BATCH_0820
150.92640460092056,3.058091016432479,1222.4213123026461,1.088614889763633,79.56823869116087,1.03242416103222,36.007374572252616,3,0.8065749431509258,0.570479994863239,328.05957595293887,487.1692971489262,BATCH_0821
216.69983433822884,6.709273199845184,1442.634827504247,1.9529646170395214,27.630947217950656,3.3344942018380093,64.40545822101811,1,0.8544414558433703,0.4836761796404893,500.0,518.9669437085774,BATCH_0822
229.63373871818868,2.998682836239885,1483.3016759629718,1.9349638433801455,24.34090303016344,3.787180855136603,35.54531094853244,1,0.7100581045527589,0.3,450.7612558542724,434.0037171301712,BATCH_0823
257.4791205875846,3.8950299069359375,1861.3883116366887,0.5090111869930851,72.71184495242935,4.76176922056546,42.5168992761684,1,0.7231035781533451,0.31128007161224,401.4382931356617,416.53873492564344,BATCH_0824
333.97112328255207,8.632378806413357,899.6994084161034,1.6410986759801045,38.110079653573706,7.438989314889323,79.36294627210387,2,1.0,0.7900240407483234,500.0,449.6675514915134,BATCH_0825
219.26919887319224,7.559752980429522,2228.116659464973,0.4747610657173319,59.01781844441046,3.4244219605617285,71.02030095889629,1,0.7896020900965063,0.4507596744961243,497.49940760348454,422.3871643719205,BATCH_0826
219.39064037924555,1.8585934958188957,918.9163482612662,0.5057212079795076,39.74034377973397,3.4286724132735937,26.677949411924743,3,0.8173634016201242,0.5330721344457926,265.77784375778464,323.137055950782,BATCH_0827
297.5002496219497,4.858318188877902,1275.7712052613688,1.3845767649126959,43.48725624766827,6.162508736768238,50.00914146905035,3,0.9299993124657225,0.6367379976383698,460.9873421051035,287.39439548712926,BATCH_0828
240.44358817796143,1.26252787280738,1758.3628265153852,0.8695020873163419,35.72677832100779,4.16552558622865,22.041883455168513,1,0.6665715812470631,0.3,346.54291312786296,252.72360496880611,BATCH_0829
194.9209645879964,5.328011319427081,2491.1014038086932,1.8699343735023883,40.58264034758061,2.5722337605798735,53.66231026221063,1,0.6118595633408143,0.3,500.0,184.6664846689738,BATCH_0830
240.48790322653866,6.9619061053096125,2348.673083096818,0.2691184963024168,44.64202403519259,4.167076612928854,66.37038081907477,3,0.8142726202904595,0.482572302105669,469.5106298427081,166.37442442749273,BATCH_0831
178.17140407595997,2.066523612383364,2113.835891026306,1.0718987175380368,63.224964145540575,1.985999142658599,28.29518365187061,1,0.5702707820389608,0.3,417.14378850199284,139.97196642977207,BATCH_0832
185.27739730124466,3.5999644501824912,889.4331514504254,1.8451909078419304,50.69217165408751,2.234708905543563,40.221945723641596,3,0.8130881072357367,0.5967350326274721,390.2010476020255,132.07719910351554,BATCH_0833
249.67355454789595,4.580529629519413,1867.6133640389444,1.8178159549110597,76.61391302941863,4.488574409176358,47.848563785150986,2,0.7908345313935652,0.40936545514491257,490.0131961039935,148.95945337839657,BATCH_0834
233.78508990090958,9.275779221904447,718.6162544997136,0.3974055054899083,22.51282363032653,3.9324781465318353,84.36717172592348,3,1.0,0.8420498926036653,379.8891204905124,162.1375680327342,BATCH_0835
332.96918021362,9.939295138806676,1443.407941991627,0.7966116301832672,50.18409935792169,7.4039213074767005,89.52785107960749,2,1.0,0.7672935276822138,500.0,216.61120421675702,BATCH_0836
222.47877982332662,1.4042016909605426,1533.791325724898,1.276330660088723,55.053487329903085,3.536757293816432,23.14379092969311,1,0.647908886362382,0.33068861240421343,357.55571326793216,163.98336159985277,BATCH_0837
266.1176700556087,7.849071311458529,599.5285986143846,0.4028502810656641,75.21181916445644,5.064118451946304,73.27055464467745,1,0.9546664803499261,0.7451746927691548,370.06627805581024,254.52967195429693,BATCH_0838
276.45285758390605,4.3455165976210886,1184.9702486749295,1.9392421268869036,22.949511417285656,5.425850015436713,46.02068464816402,2,0.8621459043155681,0.5059960775235787,455.0000400156728,254.75747790785312,BATCH_0839
152.61889131766674,4.5321236760653205,2889.1236681662235,1.8380237245825546,54.40997509611296,1.0916611961183356,47.472073036063605,1,0.5606475600961022,0.3,500.0,298.51608871042896,BATCH_0840
282.70747440334213,7.788384760123204,2884.081519574224,0.4172053401654915,71.21779571167743,5.644761604116974,72.7985481342916,2,0.8279932328048664,0.33071481075849285,500.0,359.0674415303752,BATCH_0841
185.60719337395028,9.265837889308678,1380.8176356313484,0.33019537639587226,34.515663687154195,2.24625176808826,84.2898502501786,1,0.7767768796627471,0.6534039829509216,432.56051533633706,341.3183393531275,BATCH_0842
342.214063493891,9.558357350522936,607.7502723708101,0.26227611733570405,72.57754091143624,7.727492222286186,86.56500161517839,3,1.0,0.8349512851695531,398.07445706710604,417.53830956350475,BATCH_0843
179.7325455506226,6.194103274344887,947.7373483204539,1.8279429616695992,21.14260455645751,2.040639094271791,60.39858102268246,1,0.7827891894182757,0.5485033254158493,452.79318638026774,434.89737681405677,BATCH_0844
232.92482474540475,4.214090433704525,1480.5444835838503,0.46788523861137543,63.94727774802378,3.902368866089166,44.99848115103519,3,0.8635366126530318,0.49901863211228475,366.75539971173856,459.66241186360463,BATCH_0845
167.06993361572876,8.087941772729014,2869.4492449230743,0.890941364234274,75.98679327011918,1.597447676550507,75.12843601011454,3,0.7579478887936977,0.4616701202425638,500.0,458.67505931723457,BATCH_0846
349.37485036918946,3.2590124493607022,852.9976588429623,0.9528175947388057,59.431859698403734,7.978119762921631,37.57009682836102,2,1.0,0.4864103380733728,348.5446156272259,518.5478781406864,BATCH_0847
250.43900206624852,6.07666625950166,2408.7896091705306,1.2381209840057783,46.34175463882688,4.515365072318698,59.485182018346244,1,0.7101369589950999,0.3,500.0,410.77161104012663,BATCH_0848
269.0770034640087,4.227206153723858,771.7063484367302,0.23629715312010743,22.69286098836308,5.167695121240307,45.10049230674112,2,0.8759547100134929,0.548181601142237,289.4858956816032,390.1361085279301,BATCH_0849
163.4152954776855,6.909679663370885,2953.143943478192,0.5308413730609803,75.20682879935772,1.4695353417189922,65.96417515955133,1,0.5966631574741049,0.3,500.0,356.305784207259,BATCH_0850
299.99209407983557,3.163590216041562,1454.0412477728373,1.8698317351459595,48.21777336149449,6.249723292794244,36.82792390254548,3,0.8802762850040321,0.539366788818014,500.0,322.15854319057144,BATCH_0851
191.98111861911715,2.7243365116134317,2438.0863472476403,1.825979203810282,21.73980466015688,2.4693391516691,33.4115062014378,3,0.6822993272523791,0.3,500.0,280.87838618080417,BATCH_0852
329.61085788814273,9.264151780078933,1356.4777070278296,1.5844522300708153,61.389264279725715,7.286380026084997,84.2767360672806,1,0.9920461728607216,0.6067336813627833,500.0,296.84763916785107,BATCH_0853
191.02792809640144,1.916233146545832,2069.172192897022,0.13686236667460933,48.91023521457549,2.4359774833740504,27.126257806467585,1,0.656433943035252,0.3,348.2741621346153,267.61512743969314,BATCH_0854
188.1375441327333,5.5536211696143845,980.0402118500919,0.721312860142594,27.460719046544643,2.334814044645666,55.41705354144521,2,0.8036843617645294,0.5695513813491764,375.28442462735046,176.81159400953368,BATCH_0855
157.30993356961898,2.9876750466670803,865.0525482424064,1.2931215971515249,32.856308558615574,1.255847674936664,35.45969480741063,1,0.6728885634504412,0.39882383617078815,325.3281599478969,145.12552223920886,BATCH_0856
244.41338902199985,1.350369669931007,2845.160348920328,0.6228614023696037,23.869440827350775,4.304468615769995,22.725097432796723,1,0.6079504211985859,0.3,468.6292230849955,169.25359274823234,BATCH_0857
262.9682266525233,1.3241693646228376,2794.1181947610835,1.8282147206021768,54.45761238251441,4.953887932838315,22.52131728039985,1,0.5993554670356643,0.3,500.0,133.43330867157087,BATCH_0858
163.14172788567046,2.576995948952446,2718.672350532206,1.3043899774816397,57.32176875512055,1.4599604759984666,32.265524047407915,2,0.6161758133548083,0.3,490.2350706902812,174.0990805893053,BATCH_0859
305.1055233390021,8.800933190554002,2063.5836254164838,0.23662276290124665,50.34453790132666,6.428693316865074,80.67392481542001,1,0.8721251877423025,0.4525835084803235,500.0,176.18388005787207,BATCH_0860
240.6577669496055,3.54230869579324,2520.670528040696,1.8271106187878359,69.0261279801569,4.173021843236193,39.77351207839187,3,0.7143779751722977,0.38012204723337656,500.0,148.46165937209724,BATCH_0861
254.878053865516,9.554132535177661,672.5923422784373,1.919756650534823,71.66052927848082,4.67073188529306,86.5321419402707,2,1.0,0.747680172366131,498.3245243316209,271.42515603990216,BATCH_0862
238.15254938764565,6.234600636902742,1336.972604726698,0.24765359494427844,56.9374638009876,4.085339228567597,60.71356050924355,2,0.9097630839404303,0.590276292254931,348.79661362679815,315.0534734274851,BATCH_0863
230.1526121750652,4.929527707918895,1284.2578118928905,1.1114844462364983,20.765388782445832,3.8053414261272818,50.562993283813626,3,0.8576188806674804,0.6165205869432052,402.8504335475843,281.6163392854671,BATCH_0864
261.9280662616436,6.220799512025091,2089.113304881533,0.6763921362069238,61.713779344864136,4.917482319157525,60.60621842686182,3,0.8575839453135434,0.5173517575565239,461.34350115838856,327.1918099672986,BATCH_0865
181.0480491861425,5.65028546703641,1389.8944336766012,0.8463942453146645,45.07995301522109,2.0866817215149878,56.168886965838745,3,0.8414381655544897,0.5788168378398143,393.437257410867,383.57596172174823,BATCH_0866
186.3856260990542,7.828986283815927,871.2669541092021,0.44133731411514954,53.93344899358322,2.273496913466898,73.11433776301277,1,0.8332976991462473,0.5794144088073452,351.20341623048455,416.09972087759166,BATCH_0867
322.35712420270346,3.5424645937556702,1991.1676885338593,1.198336993823584,58.944836121133065,7.032499347094621,39.774724618099654,3,0.903669329175293,0.4615911632642558,488.36204318113255,449.66013874784835,BATCH_0868
339.22309242672657,4.177453524402722,2535.9598016727036,1.920160771172892,41.014196859624604,7.622808234935429,44.713527412021165,1,0.8302015149439553,0.3,500.0,505.19501010635094,BATCH_0869
224.6618632559506,9.046848722799256,1455.3087361499329,1.0558379405160572,75.02591031030767,3.6131652139582706,82.58660117732755,2,0.8838657219951196,0.629144385582996,500.0,444.6915831751785,BATCH_0870
204.14893462871075,9.518108618353649,830.6717877462042,0.2575377046495142,28.03849200498687,2.8952127120048763,86.25195592052839,2,0.9041084466399338,0.7849944795827706,393.386233136408,420.93995660720685,BATCH_0871
278.79990864780314,9.033024047378271,991.7204932820576,1.278002533607076,60.290708436862246,5.5079968026731105,82.4790759240532,3,0.988743173292368,0.7201562248838745,468.48456348979755,388.52423372723194,BATCH_0872
231.74683421961927,4.775031945615822,1093.70826292346,0.7464236894573884,20.261574797394825,3.8611391976866747,49.36135957701195,1,0.7678229108998014,0.43936584922025274,356.6897736495237,384.13811597972335,BATCH_0873
155.07727113206897,8.023289527061936,1249.7439824863404,1.726257860223466,75.47906632431085,1.177704489622414,74.62558521048172,3,0.8645697338881866,0.7244239713646214,476.1977703599143,374.00619081378716,BATCH_0874
181.23051947323808,5.287021599709889,2106.9876762657727,0.9258884818012934,26.750247994285488,2.0930681815633325,53.343501331076915,3,0.8222486732717077,0.45428201853624534,446.2237640799006,392.6595926709158,BATCH_0875
293.1944457694795,5.477858669314919,2002.3637113442976,0.4663952569902666,25.69305380885448,6.0118056019317825,54.82778965022715,1,0.7770341832771489,0.3163241365579073,437.12214003240825,284.47166102891356,BATCH_0876
281.7847883820303,2.8421209815155555,2240.199653917598,0.4631006831131754,39.980457983134656,5.6124675933710595,34.32760763400988,3,0.8161248742481007,0.3488969078236543,430.51836596622434,267.89078178379043,BATCH_0877
155.4191985006967,6.320172729326648,1406.2549613287829,1.5606519433702046,42.413977162344835,1.1896719475243844,61.37912122809615,2,0.7688295692987445,0.5676450710742184,443.55712213822784,224.50731311781774,BATCH_0878
194.3944323865899,2.6752230797801313,2559.994129699946,0.6046164367839838,32.85800433937272,2.553805133530646,33.029512842734356,3,0.7287511618096395,0.3136552840224249,447.92863120400045,229.58578102546275,BATCH_0879
196.21495931761427,3.984082291604744,1010.2191528894007,1.5577434489025237,55.10729965562748,2.6175235761164997,43.20952893470356,1,0.8208870456947659,0.35498552240710884,396.4050060123584,245.90416220854172,BATCH_0880
284.3785487197457,8.695271814579417,1672.601868795385,0.4911858904565388,46.57484588251781,5.703249205191099,79.85211411339546,1,0.8585497723200938,0.4435422841422668,500.0,139.18506286903033,BATCH_0881
153.94210755087283,2.863682282897697,2502.3468038535757,0.7112041005324878,22.050535342465245,1.1379737642805492,34.495306644759864,2,0.5963448256249941,0.3,412.99859023760445,135.31681672445333,BATCH_0882
170.82171639691478,1.6404245665608954,950.3966193315481,0.9844252476354288,39.179123735318036,1.7287600738920168,24.981079962140296,1,0.708923304493681,0.38065337035311136,281.02025797450733,186.43595236871127,BATCH_0883
309.9832170746379,1.6210683335153466,774.6577843519574,1.8920721144175563,68.62597481439023,6.599412597612326,24.830531482897143,1,0.8508887056855776,0.3,386.7338534846649,190.55293412112295,BATCH_0884
185.70893241086674,9.46706068452797,2709.2099192199744,1.8702897070322668,61.38209209171212,2.2498126343803353,85.85491643521755,2,0.8137145723359092,0.46290388724702647,500.0,249.33520259409897,BATCH_0885
280.5492215703749,5.562283941656512,1357.3241568979897,0.4930565633023468,63.49225121479283,5.569222754963123,55.484430657328424,3,0.9507268134114447,0.5927736154912469,380.5382677758551,242.51784555977642,BATCH_0886
197.63655620934531,4.684708646353165,2209.67531227258,0.7806161783618383,61.887015445011414,2.6672794673270857,48.65884502719128,2,0.7037779414309904,0.4273764394234073,477.92660308317886,250.39838051101273,BATCH_0887
169.88827855186904,8.297907229071265,563.3715106598462,0.38385883806216736,38.658381282982,1.6960897493154161,76.76150067055428,3,0.958496347201276,0.82390090428528,323.37733832151827,317.719644920769,BATCH_0888
198.6344381998908,8.522433351194644,2225.117221023624,1.0689716506956446,25.979835324606555,2.7022053369961787,78.50781495373613,2,0.824334834959381,0.5340910510047742,500.0,372.0839641828622,BATCH_0889
294.45338637113184,3.9897192980404412,1290.2532788674262,0.9751068463198664,36.34803104198576,6.0558685229896145,43.25337231809232,3,0.9456419754584675,0.5683791553638462,385.055806605618,399.6144654359192,BATCH_0890
321.13929362125714,7.242562517264157,639.3521339686043,1.8114443086563916,69.90711801110956,6.989875276744,68.55326402316567,2,1.0,0.6216408408282498,455.31149420426203,421.2842381112006,BATCH_0891
316.0439729133983,7.940105342666979,2024.5319038702926,1.8670102178030379,78.82824786698427,6.811539051968941,73.97859710963206,3,0.9948837681447892,0.6369414886328859,500.0,461.90405125534073,BATCH_0892
229.43670592369097,6.891856181793591,1102.009540182933,0.8287780429138549,49.63082088449368,3.7802847073291836,65.82554808061681,2,0.9141919340582983,0.6324421695938957,400.28284734971544,479.9677416567298,BATCH_0893
283.61702731412925,2.3643556732008943,1467.0181051297,1.03430209173608,20.582021295382532,5.676595955994523,30.611655236006957,3,0.9050074620988969,0.4933363059975634,367.5357507735593,491.4647697311258,BATCH_0894
190.9968590831642,8.882947751653514,701.452030716284,1.8028488733776529,28.402688728053743,2.4348900679107466,81.311815846194,2,0.9320009482866211,0.9183907828809805,466.23329652426264,464.3501705710495,BATCH_0895
208.62954605220267,5.851850974624078,867.9081277373633,1.6327448347156168,39.32483451897595,3.052034111827093,57.73661869152061,1,0.8012203729161897,0.455132356717055,389.6401823407107,424.8902681581615,BATCH_0896
329.26716370422395,3.542251837330033,1244.9430887396093,0.10694699155483363,54.71512091557698,7.274350729647838,39.77306984590026,3,0.9549181639446556,0.6211117519090044,309.8379009043786,410.4674277709829,BATCH_0897
152.6003847021472,4.827053668939245,724.3987514003928,0.7081131719488067,24.505618748318838,1.0910134645751524,49.76597298063857,2,0.8273848269641514,0.5886721514171197,296.6038056446333,411.1952689952509,BATCH_0898
167.1017061708936,1.3381398135901663,2777.065661715788,0.9013710596786392,76.6014379225929,1.5985597159812766,22.629976327923515,3,0.5971911793758168,0.3,451.6215021816545,314.31478663576,BATCH_0899
191.57725102920546,2.150801211001758,515.1176079599461,0.5364609389981403,41.90502039706404,2.4552037860221914,28.950676085569228,3,0.854444065878632,0.6056652494218044,206.11854651529993,311.060199266189,BATCH_0900
155.30644077476396,7.8899207546427474,1709.6505471607786,0.47918607020228365,74.75505307548937,1.1857254271167381,73.58827253611025,2,0.7645326477249358,0.5545243272705128,413.6891450601286,249.37697886480578,BATCH_0901
186.28708701795946,1.0001047127982954,808.1186453313786,0.17179056253179137,66.8313081654213,2.270048045628581,20.00081443287563,3,0.7925020343354595,0.495992958235121,171.84663097504273,225.86234468804395,BATCH_0902
266.60831219393845,4.749092456340629,1269.1977236948715,1.3224024776325451,65.32623635093486,5.081290926787846,49.15960799376045,2,0.8984078993033803,0.528598730837492,422.90770528566213,232.28753870023849,BATCH_0903
234.2849101184996,5.702591629770296,2815.148899545664,0.5987695519180147,56.40317478693392,3.9499718541474858,56.57571267599119,1,0.6788578027908496,0.3,500.0,175.82916147293182,BATCH_0904
328.534342215395,1.4917097800087507,904.236383184967,0.19945963901949487,57.60702902311068,7.248701977538824,23.82440940006806,3,0.9374227236054571,0.5535097562234658,272.62531018578443,156.50422250132527,BATCH_0905
313.4887123476882,9.757703466750996,2914.5807992958316,0.5388606900033209,58.28019411297489,6.722104932169087,88.1154714080633,1,0.784680633509644,0.36674246095053165,500.0,109.20431577060242,BATCH_0906
218.3634703395752,3.0351279812470473,1014.4859424735542,1.6236365103886405,57.72328322153493,3.392721461885132,35.82877318747703,3,0.8702947615474484,0.5217682010047378,358.6669029324672,177.49873303745602,BATCH_0907
201.8846866862585,3.7377884767265277,2353.915271167074,1.7178294451284386,53.223693883901674,2.8159640340190473,41.293910374539664,3,0.7576917599616554,0.3753817468778046,500.0,189.46071486656425,BATCH_0908
225.93848163345336,3.735482610295246,1866.6931622432794,1.017825865867275,79.18484110897333,3.657846857170868,41.27597585785192,3,0.8662103225590597,0.5166618736272706,417.03048171193586,258.83162452118245,BATCH_0909
268.05898850296154,3.073749959056149,2711.196818991898,0.8905342737765036,63.937434045541764,5.132064597603654,36.1291663482145,2,0.7034048951161427,0.3,497.38427937555156,215.7666529514084,BATCH_0910
203.61272816457526,1.0132643987768026,1884.9831387578274,1.9579220176533854,66.61678330355127,2.876445485760134,20.1031675460418,1,0.6296538748694033,0.3,464.0409594777465,267.7516530645395,BATCH_0911
274.8297815698268,7.564103146791967,1836.3980478907717,0.48107285321733284,72.34776890502044,5.369042354943938,71.05413558615975,3,0.9366815111857271,0.5905727197185642,489.5048509602291,307.48151051131913,BATCH_0912
231.8823304382481,9.701609498193568,988.6450009209998,0.5091826374237561,32.938385763550954,3.865881565338683,87.67918498594997,2,0.9941465187213437,0.7804160487885446,424.6597313870305,386.14645515828425,BATCH_0913
260.409436170396,3.0186413495654056,915.5734051291467,0.6545476363691595,25.028249545703645,4.864330265963861,35.700543829953155,3,0.8946775247797638,0.6085870179320019,283.8584960567033,372.14113402839064,BATCH_0914
237.22530582706332,6.967424726230802,2791.2228777887854,0.4282389047340659,48.97366619591592,4.052885703947217,66.41330342623957,2,0.7616466159016868,0.4473274387947366,500.0,414.43666295108955,BATCH_0915
208.89315190838354,7.677066942628436,1319.5954971250853,0.8207946365879545,50.844841737156386,3.061260316793424,71.93274288711007,3,0.9251037462824416,0.6947018320468189,447.7169220218608,448.1407058591606,BATCH_0916
339.69066139243137,8.635828411814723,1430.20563740724,1.8305850312805323,69.75090679699505,7.639173148735097,79.38977653633674,1,0.9535890523308375,0.5891642292609139,500.0,450.48714763805066,BATCH_0917
302.72115883195215,4.803662773122483,2399.559146070971,1.2691608971942911,46.62701475694014,6.345240559118325,49.584043790952634,1,0.7434366741722083,0.3,500.0,436.60699156348414,BATCH_0918
178.0226351532905,3.726378150763863,1347.0587060570183,0.8826984423633009,54.25118153265876,1.980792230365168,41.205163394830045,3,0.8006082014709557,0.5958018823401181,369.048410656468,450.71157373031025,BATCH_0919
323.69359517958253,3.92765620620728,2880.1561165975068,1.875380509685308,51.624256310807496,7.07927583128539,42.77065938161218,2,0.8040431824717207,0.3,500.0,462.1127630634577,BATCH_0920
247.48623964990273,7.413591997886615,2344.8194224970007,0.1920820417040624,22.29216702544346,4.4120183877465955,69.88349331689591,3,0.8273770668255431,0.5674947657250207,496.8191763191936,375.27055819565066,BATCH_0921
328.9104453788183,8.351015198550725,1993.57310643355,0.4995247380135366,56.91289379581484,7.26186558825864,77.17456265539452,2,0.9404339910595552,0.539048955467273,500.0,378.98909022440927,BATCH_0922
309.9710511894631,2.6345257098094237,2702.237901361881,1.1751883496933422,69.68259714645514,6.598986791631207,32.71297774296219,3,0.7754789088285259,0.3,500.0,317.81923231720504,BATCH_0923
235.0427008938467,4.338469073419887,624.0147708737069,1.2695499840670403,29.45003288454823,3.9764945312846343,45.96587057104357,2,0.9077422995600931,0.5998972366020967,347.2107116500126,335.8513988677462,BATCH_0924
154.49386166402348,9.11746177074235,1142.656730473022,0.17515926246896496,55.659904035595744,1.1572851582408217,83.1358137724405,1,0.7497349514975155,0.6343701751483164,364.6819894252214,215.48153609110824,BATCH_0925
203.7354718769892,8.260241677252653,1662.590835552275,0.8657736400235511,55.61663266678486,2.8807415156946226,76.46854637863174,3,0.8691653831597128,0.6683049448354392,472.80508091119293,208.23234458185456,BATCH_0926
258.32684293217335,9.863725624862283,1067.4463486788027,1.3333925331786582,29.851097843381524,4.791439502626068,88.94008819337331,1,0.9315220037870505,0.673172015991867,500.0,205.2503390739574,BATCH_0927
276.69564396522946,7.788234337138727,2359.7629682553797,1.426334038166463,27.40781442384416,5.434347538783031,72.79737817774566,1,0.8406450141246039,0.45314716795290877,500.0,217.0619103093644,BATCH_0928
201.57753708664046,4.5387568092513,2798.020077634313,1.3124658147809116,78.80311657858908,2.805213798032416,47.523664071954556,3,0.7165385592287319,0.3973332961392345,500.0,153.1386182244509,BATCH_0929
177.87121481456484,6.31574050595174,1559.4252998273084,0.7090701262857566,43.623150179182254,1.975492518509769,61.344648379624644,3,0.8127760151466189,0.6475756306239028,425.1860821631777,133.34401419920405,BATCH_0930
316.9860473598598,6.949128288225882,1355.3315002797374,0.27768823483602806,33.64530372341176,6.844511657595094,66.27099779731242,2,1.0,0.5698336829036467,382.30708338784535,211.54583813985735,BATCH_0931
346.88043614071046,1.7061023468541157,2903.8768303439156,0.9115136481967347,30.279472667262496,7.890815264924865,25.491907142198677,2,0.7052519196377922,0.3,500.0,126.65577241984732,BATCH_0932
255.13803646053717,5.900472631934786,1612.131082068852,0.34463343099930543,60.056102814994105,4.679831276118801,58.114787137270554,1,0.7282128238351222,0.46696629570553505,420.42716136726074,127.96980412341394,BATCH_0933
184.3358571696607,7.383887456253486,1722.621001123208,1.9004849511892674,56.56671783963673,2.2017550009381246,69.65245799308266,2,0.8074043597064737,0.584911011498124,500.0,238.2004335015956,BATCH_0934
204.4614653038738,2.505891736009543,1379.1246808547635,1.0028246454429937,58.61312737924505,2.9061512856355827,31.712491280074225,2,0.7291876988251053,0.4706005813021959,355.4686497155397,246.11551650404402,BATCH_0935
153.67813530949334,8.025685456830015,2773.871182530346,0.7027924312780484,25.280361650687134,1.1287347358322672,74.64422021978899,3,0.7116451653297445,0.47298119868062394,500.0,269.3630154860761,BATCH_0936
332.8597613120998,6.253955024627005,1922.388708204627,1.55597773512591,73.61207500990622,7.400091645923493,60.86409463598781,2,0.9253984585672503,0.4667802207348311,500.0,360.07355018435754,BATCH_0937
173.55021657802823,9.569996071278352,2405.4364679541113,1.0461023259063014,43.3559838085429,1.824257580230988,86.65552499883162,1,0.7298292419804024,0.38688278830002415,500.0,382.3140214131323,BATCH_0938
265.3032951028507,1.3818006838620254,2529.516795877216,0.6890646456236551,38.80216438582148,5.035615328599775,22.96956087448242,2,0.6736556061878121,0.3,415.06795735310715,389.14365825588123,BATCH_0939
204.8110441374412,3.3879352379992027,1354.6226047931455,1.6427387105425233,47.74168683486435,2.918386544810442,38.57282962888269,1,0.6757908085538468,0.40953357784861955,422.63286373276753,391.49467860753816,BATCH_0940
260.8356005031587,6.413984913698417,1584.23582830095,1.7475890869021318,43.40396394485769,4.879246017610554,62.10877155098768,3,0.9385501523614553,0.594248668340668,500.0,471.0625937917634,BATCH_0941
280.2840776703729,3.669039209853376,2621.1794360156614,1.3787155159484863,71.81462018834875,5.559942718463049,40.759193854415145,1,0.7134765423249473,0.3,500.0,469.50603533875983,BATCH_0942
315.9483607414403,7.42981747664118,1408.1383791895255,0.18923240257456786,75.75565851187352,6.8081926259504115,70.00969148498694,2,0.9489183640257203,0.5912075763065936,411.70812740269844,441.91359802997925,BATCH_0943
191.28425435212063,7.831047542697379,2484.837833629628,1.176013472316411,38.207192986976374,2.4449489023242226,73.13036977653516,3,0.8545172883971278,0.545888454967094,500.0,485.3029204490961,BATCH_0944
152.1991657316961,1.9226436765982702,2852.4808064360927,1.550260332794835,71.83614844759728,1.0769708006093635,27.17611748465321,2,0.5303510317589895,0.3,500.0,373.96347418820017,BATCH_0945
177.37712601376145,5.624690177860909,2058.0259326700175,0.35935572295880613,66.89138777198403,1.958199410481651,55.96981249447374,3,0.729463099829636,0.5145535505572222,405.53028130614643,329.2342448722562,BATCH_0946
330.00372836962106,5.580015000319503,2354.068218629722,0.5344744276307464,75.8484603406857,7.300130492936736,55.622338891373914,3,0.8825213287891961,0.34535602282638234,492.747221905536,318.0656146689419,BATCH_0947
324.7780155125031,4.3235269319398695,2512.743280102837,1.7767406996294592,34.745018731153266,7.117230542937607,45.84965391508787,2,0.8088615112524085,0.30486093123353436,500.0,298.6324195093392,BATCH_0948
269.4826204340617,9.396323763127048,2612.5991222416064,0.13823127152084067,54.617549007258745,5.181891715192158,85.30474037987705,2,0.8557013493969547,0.4294149038145388,500.0,268.4773267143054,BATCH_0949
270.1033720867307,8.44755687885899,1487.6333446419899,1.5301815618693544,36.472675084426676,5.203618023035574,77.92544239112549,3,0.9628067603568614,0.7547219909212016,500.0,217.76291826431145,BATCH_0950
283.0073349092511,7.274884437186731,628.1586479399955,1.0001692557774036,69.44566942906246,5.655256721823788,68.80465673367458,3,1.0,0.820895780587954,413.67665358968793,204.49564471744694,BATCH_0951
185.07425572468992,7.428939721614978,1504.690678091849,0.948867101795253,20.319451434263854,2.227598950364147,70.00286450144984,2,0.7757316131839282,0.6029775600721151,459.08201572145896,132.5500067066225,BATCH_0952
332.88238918499195,5.1554452943180715,2184.3905744602243,0.11348341174028564,53.88914977318377,7.400883621474718,52.32013006691834,1,0.8545529872367333,0.3747823132519332,469.1790078726475,198.42406417883694,BATCH_0953
233.7541049784146,9.288950689869182,1625.8759644519819,1.6568566388363364,40.35220587631508,3.9313936742445117,84.46961647676031,2,0.8869985062678626,0.6005100268830108,500.0,147.53546464822293,BATCH_0954
226.6277056498995,7.251358845279569,2372.4078771509967,0.7836673112094762,39.361022424669216,3.6819696977464824,68.62167990772997,3,0.8653811273310551,0.5971417458826227,500.0,188.63000100428266,BATCH_0955
253.78354105656751,7.560829554902348,1392.4560736716599,1.1274546994710315,58.694379431895015,4.632423936979863,71.02867431590715,2,0.9038854066522128,0.6435626230992023,474.0473358254906,180.37794982366415,BATCH_0956
159.39319335501102,8.755218134086107,2086.860352760074,1.386871304037753,71.08906695883964,1.3287617674253853,80.31836326511416,1,0.7312513243905407,0.45910055192280186,500.0,207.63657939663065,BATCH_0957
183.25667375121589,3.4666443040797192,966.0495121349364,1.43499619523204,56.551723483599574,2.163983581292556,39.18501125395337,2,0.7923986172689814,0.5564424353368442,351.60452479870713,242.09301840696628,BATCH_0958
297.6067232852741,8.263638134800328,2373.4235916123926,1.9163621117695373,71.19037871880334,6.166235314984593,76.49496327066922,3,0.9364368554528087,0.5222095371150218,500.0,274.6084000351387,BATCH_0959
166.5597335850253,2.7571654266084282,1864.2399220325647,1.1095459111495574,35.875826712861794,1.5795906754758853,33.66684220695444,2,0.6918455311506149,0.3157176562687807,391.3456556534565,319.28168279602056,BATCH_0960
270.6304218932776,4.1080775702039904,1010.1609713665015,0.8594671468514123,51.17011128589887,5.222064766264717,44.17393665714215,3,0.9618536714920102,0.5850019486511475,338.7084902233625,378.69743266935086,BATCH_0961
199.0698219362642,4.020494088428585,1229.7779337445181,1.912036890334245,47.032192344024566,2.7174437677692467,43.49273179888899,3,0.8369931040963186,0.5518378606102066,431.674903086764,380.89563509104136,BATCH_0962
227.8591228083953,9.806729215502266,2371.5217714545806,1.3200094465484902,20.698693970185772,3.725069298293836,88.49678278723984,2,0.8555420781297294,0.504493342507602,500.0,427.3361299056362,BATCH_0963
207.73874735413997,8.708835013731342,1706.5030891538017,0.6664856769254556,53.408728588444404,3.020856157394899,79.95760566235488,3,0.8927031296678459,0.7327358876225172,468.5191091260709,427.2117397390487,BATCH_0964
221.13454329298983,7.310528754312338,1040.0786009826807,0.34028206626678514,59.691459448770495,3.489709015254644,69.08189031131818,3,0.9773423467641065,0.7190434853943956,358.80242196555406,488.0923904068446,BATCH_0965
293.8091810368491,7.5435108545385114,2918.1779759257442,1.7008535527838444,55.514864265144205,6.033321336289719,70.89397331307731,1,0.7409333909917817,0.31084336891080017,500.0,429.7082309382219,BATCH_0966
209.42434312463502,6.05865514962314,2287.81254954222,0.788145045308888,64.17679392700529,3.079852009362225,59.345095608179975,1,0.7516006551410446,0.31073954095301975,500.0,498.9170869306861,BATCH_0967
263.28092805937945,9.523816003976671,2892.8370813494903,1.3548924705924192,54.28037170718463,4.964832482078281,86.29634669759633,1,0.7711255431116234,0.3047320392636176,500.0,428.6990720483354,BATCH_0968
245.21008043981993,5.466328775941254,1567.762613400858,0.9945511967952064,24.005015291045417,4.332352815393698,54.73811270176531,1,0.736192393823035,0.4293284658343547,460.78179393335716,363.14276411444257,BATCH_0969
282.7342330725296,4.424659388829051,1687.750851729301,0.4779665816105728,26.986731445082686,5.645698157538537,46.636239690892616,3,0.8900504851580902,0.44352837167827686,424.89379881185596,378.84313244732493,BATCH_0970
337.36594786495164,2.467318032384319,2744.888040462548,1.2432045563788836,55.78847465263714,7.557808175273306,31.41247358521137,2,0.7466897155513877,0.3,500.0,318.39130704113177,BATCH_0971
296.5144194420501,8.075850870349523,1812.6233506134615,0.2152978310062964,36.49875151841841,6.1280046804717525,75.03439565827406,3,0.9882408752696255,0.5885458741460387,456.15649476534765,325.2193064696605,BATCH_0972
192.98807571815135,7.609995388680323,2268.197279764168,0.8853506737552652,24.77870774208595,2.5045826501352972,71.4110752452914,3,0.7941534817315526,0.6363168242310642,493.60504798579746,241.59842385555186,BATCH_0973
156.23662701225695,4.459195346717214,1130.432193738825,1.138568385360975,45.77616460691281,1.2182819454289926,46.904852696689446,3,0.791600455451052,0.6414139433096124,333.4148604959928,211.61449700356076,BATCH_0974
202.45280885996502,1.2267407256330642,1616.8161717566013,0.9284892508253002,53.259355885019325,2.8358483100987755,21.763538977146055,2,0.6409561077037323,0.3305254207730993,318.24653248185325,137.2477608936514,BATCH_0975
269.01558614005097,8.550975949462096,808.6246645258877,1.5224771329768827,39.724759300976395,5.165545514901784,78.72981294026076,1,0.9117759423897496,0.7029036321286074,496.0126556409217,156.526999854863,BATCH_0976
160.28516269685008,1.1027618510866626,1014.9500896924042,1.6730574136360936,63.22602213354668,1.3599806943897526,20.799258841785154,3,0.6784280127443224,0.4579011416564357,322.7320148341629,82.39474625777129,BATCH_0977
249.27324944024727,7.333298016661459,502.3585381690777,1.5653618406630383,58.62623648607468,4.474563730408654,69.25898457403358,3,0.9582334420153785,0.83268031729161,422.7204665686464,102.4829152954283,BATCH_0978
269.36856978337784,9.732313987534514,598.1626291216505,0.17374460084242402,39.96910166550032,5.177899942418224,87.91799768082399,1,0.988974278888665,0.7378580113846209,336.8347950204046,177.923565740968,BATCH_0979
216.84877816339218,4.938951953333831,2943.209557942323,0.46884466384734713,65.29235173451363,3.3397072357187256,50.63629297037424,3,0.7537450573542079,0.3622608344138695,496.03514388762494,193.6701941918585,BATCH_0980
304.18244074916436,3.114760644963575,1105.8842378419058,1.1195542676011712,58.92170255198213,6.396385426220753,36.44813834971669,2,0.8907706414746324,0.5272521960765683,389.71802900045765,206.6977096755668,BATCH_0981
171.31965062675437,7.343839090390436,2158.276773760005,1.8761618768432224,58.24672272307412,1.7461877719364027,69.34097070303672,3,0.7665250062398863,0.592263021562375,500.0,195.9907157061247,BATCH_0982
165.02755634716175,8.354153278140267,2597.749246999029,1.686417872599022,53.20566204722408,1.5259644721506613,77.19896994109095,3,0.7728593414657853,0.5478814091686015,500.0,259.74580255036494,BATCH_0983
295.63775124072066,5.917872844700626,1876.6511480914107,1.7008155658684232,20.683380085313168,6.097321293425224,58.25012212544931,1,0.8137550401147033,0.3235574409644032,500.0,299.8919238272782,BATCH_0984
249.0982632412397,9.703317477305315,882.8612502098905,0.6760955681433822,61.790431008613346,4.468439213443389,87.69246926793024,3,0.9877847720947787,0.807631306996989,455.66147924503707,304.0719160895985,BATCH_0985
287.6804792855472,1.46501849492165,2320.291093340416,0.9159510044495348,42.56250746654939,5.818816774994152,23.616810516057278,3,0.8264595107697614,0.30513203123539506,439.4780903853232,420.10194905301273,BATCH_0986
236.96546772074925,5.543160384740753,2000.6285252489577,0.994341299900281,76.55658260951932,4.043791370226224,55.33569188131697,2,0.8140992621129177,0.44031907559030725,481.9518249538666,432.3868858952516,BATCH_0987
199.28040664782137,7.466085525902951,2328.1264733684375,0.3990060083648298,69.07908626463232,2.7248142326737477,70.2917763125785,1,0.7057230740815156,0.33703176157067,494.1919346317962,423.2748853527761,BATCH_0988
313.82046353484,8.76376424034261,2424.366557142718,0.159029447464467,55.26166817187873,6.733716223719398,80.38483298044252,1,0.8459529989401108,0.5147362483539417,500.0,445.6954491131944,BATCH_0989
309.8831757937959,2.6133005071701105,2938.525919211863,1.899115508974982,35.130918909156165,6.595911152782855,32.547892833545305,2,0.7333185966386757,0.3,500.0,456.2514842384266,BATCH_0990
288.9392941708853,8.200031335873133,1933.908200066775,0.5573539127606628,32.22304359665999,5.862875295980987,76.0002437234577,3,0.8869752188302772,0.6539997214229717,500.0,383.6368278906326,BATCH_0991
204.42902744599255,5.974363681466907,1354.1027817265044,0.5559029170748995,40.42309026065295,2.905015960609739,58.68949530029817,1,0.7581727570615926,0.47321353369386493,376.69791104269194,422.48848909204935,BATCH_0992
268.0461333738174,4.568983137909669,2121.1613922505926,0.2584202021606431,48.59407661480111,5.13161466808361,47.75875773929742,1,0.7192733573120295,0.3,433.98714072970284,385.6064897380494,BATCH_0993
222.19477938800537,2.185435257211842,671.1017731065654,1.8641647286931793,37.76393060233683,3.5268172785801877,29.220052000536548,3,0.8321667423868696,0.5473582556358085,335.3596452262288,344.9513997031529,BATCH_0994
168.31641466532682,8.787661830180213,2743.493295803966,1.2015005183855667,50.895769723548966,1.641074513286439,80.57070312362387,3,0.7661571788180354,0.534428741988279,500.0,330.3898479787986,BATCH_0995
333.46271509244855,2.415458873617438,798.4525283454919,1.3673700285381725,29.922225530791156,7.421195028235699,31.009124572580074,1,0.9218262861026436,0.4255878452167867,372.42714156429116,353.930595805492,BATCH_0996
177.36372618379227,3.7880907328818934,1319.6070947145456,1.8319960857998,78.66276876953,1.9577304164327298,41.68515014463695,3,0.8167822591022769,0.500814263496738,470.55316817306135,280.4024290726288,BATCH_0997
340.0474707641605,3.610409787661932,2539.363451565302,0.7566783209115,26.475473297899633,7.651661476745617,40.30318723737058,1,0.7419712206986911,0.3,500.0,207.86463030651933,BATCH_0998
239.20115459159115,8.842726307717689,1993.2809458267795,1.2808638911623598,75.91664837926233,4.12204041070569,80.9989823933598,3,0.9237706885204874,0.6397924081397921,500.0,211.1114662627044,BATCH_0999
187.02658576772393,7.054326947880082,1484.0888006936052,0.17371896398488618,74.81468068416169,2.2959305018703375,67.08920959462286,3,0.9013666837674171,0.5765204255539779,369.99584593411595,212.07685252991485,BATCH_1000
258.3801894756716,8.170132574722352,1683.5891484375536,0.4548678036391457,51.52162890916988,4.793306631648507,75.76769780339606,2,0.9148347195824975,0.5518847163201672,459.28284532006137,182.8501365440228,BATCH_1001
324.58916717528166,3.254211089132491,2636.368483005451,1.6793670296708907,63.494616310165064,7.110620851134858,37.53275291547493,3,0.8305528214151007,0.3156642707896913,500.0,151.78891109760522,BATCH_1002
296.4449772819122,6.6238668964629905,1350.0109651497305,1.556859877042838,46.16289787835527,6.125574204866928,63.74118697248992,2,0.9015133346680264,0.6517117963835977,498.3316137808077,135.70302272547102,BATCH_1003
311.31222957228994,6.145713848293738,2674.124212030428,0.766221113768579,57.80207465254629,6.645928035030148,60.022218820062406,3,0.8912432689841381,0.46125458727709817,500.0,191.0428888407439,BATCH_1004
281.7566733421435,8.495473391094439,720.3360774417288,0.8159401927710036,40.43455624526712,5.611483566975021,78.29812637517898,1,0.9558438165313465,0.6100209574956399,394.2196448713403,205.73854438466805,BATCH_1005
288.45531290357053,9.154783544331345,2441.9960930215766,1.113753423751801,38.06954118712672,5.845935951624967,83.42609423368825,1,0.8530470929493033,0.4502725087919102,500.0,251.85579660083027,BATCH_1006
319.83913031306383,1.1094109432964814,2618.869082636841,0.10045790890175565,54.69378717017082,6.944369560957235,20.850974003417075,3,0.8015729766185052,0.3,418.87207776759163,280.2322972850803,BATCH_1007
199.93360177183717,7.066179271529134,954.5441320933469,0.5583642384722529,49.88778045103882,2.7476760620143015,67.18139433411548,3,0.9463802380945321,0.7760329940120583,347.9103985082751,331.48658145958063,BATCH_1008
247.8849927286281,1.4665221920775613,1575.8663309305011,0.4956404363556074,54.772182148998866,4.425974745501984,23.628505938381032,1,0.6850890737489223,0.3,318.70511473800207,322.7658004185629,BATCH_1009
194.24188836392045,5.939727985696203,913.7494366591391,0.5759175988245505,37.19963487722138,2.5484660927372156,58.42010655541492,3,0.9294583151141431,0.6912926697286368,355.70239932778964,414.5218219690251,BATCH_1010
347.53360159932936,3.588694561393104,2266.5103224855443,1.6312211008135384,42.01746990901972,7.913676055976529,40.13429103305747,2,0.8439146551691198,0.37372677269414334,500.0,411.99400531875125,BATCH_1011
338.81186793732263,3.760989395699271,1838.3694201541418,0.631380327438242,25.03387763773456,7.608415377806293,41.474361966549885,2,0.9292199284177347,0.34012985406625823,435.7830647259941,492.1616367464224,BATCH_1012
157.8853622737012,4.176626531071209,2088.3083667708024,0.4638905118952815,23.136582336332342,1.2759876795795413,44.70709524166496,2,0.6536775890107741,0.3144044937881849,388.66923529150756,424.2132394006728,BATCH_1013
291.1150345031377,6.591632041446491,991.2174173905279,1.0581005755067598,35.207427780380975,5.939026207609819,63.490471433472706,2,0.9957291960357828,0.6054257715049443,426.1418267413965,502.0789140949575,BATCH_1014
335.04966348313314,4.006449691018923,1029.364655131049,1.7447255691081907,24.454811559832745,7.4767382219096605,43.38349759681385,2,0.9387668083969071,0.5640479437551846,439.73443371210067,450.8261974472394,BATCH_1015
186.1150690254667,7.594291455312524,603.743313774766,0.5585644372912497,26.226482518084442,2.2640274158913347,71.28893354131964,3,0.9201588929213025,0.7451093276213095,298.0143470401552,410.3612704592312,BATCH_1016
263.5890461105259,4.640746470164827,1305.1688379893244,0.2492188613063175,68.77570432363623,4.975616613868406,48.31691699017088,3,0.8874738934530468,0.47252303532803297,373.6581569034395,391.54944215635595,BATCH_1017
333.09765951760835,1.6151788027896274,1899.3616533341874,0.7771689981143629,22.332421821001358,7.408418083116293,24.7847240216971,2,0.8038418840608362,0.3,410.82731705751434,365.3895807541735,BATCH_1018
156.78919571715977,8.053838582356965,2644.837284993322,1.5205384666734578,59.53656763608456,1.237621850100592,74.8631889738875,3,0.7690039629568908,0.5396599841168761,500.0,351.5478351574379,BATCH_1019
289.484053449368,3.571824921334354,2167.318618646702,1.14631203492011,36.353464928924026,5.881941870727879,40.00308272148942,3,0.853220127025384,0.462928090799995,487.82412554409126,315.685064641066,BATCH_1020
209.46980147451015,4.894901916393364,1588.4908084993785,1.65190740219126,72.29274084248759,3.0814430516078555,50.29368157194838,2,0.7630775750042699,0.4546683321014191,458.6873898583158,243.9661431164643,BATCH_1021
334.8792390753061,7.168994948997113,2882.8002859853445,1.9232250804575446,49.09953707464997,7.470773367635712,67.9810718255331,3,0.8969044774085915,0.43102825194522376,500.0,224.26936223217655,BATCH_1022
344.2116490330735,3.992105414338408,2298.1130014395794,1.6060587058280724,38.334587559669544,7.797407716157574,43.271931000409836,3,0.9544728279630313,0.45779873415634215,500.0,258.20209358037175,BATCH_1023
338.8532978226868,1.5092709053204407,2825.413007156375,1.2472258498031314,51.05833614136607,7.609865423794037,23.960995930270094,3,0.844831970459607,0.3,500.0,221.92248453535774,BATCH_1024
244.84284333149276,4.365289423115322,1818.9699331804143,1.037349017299523,42.91748114271613,4.319499516602246,46.174473290896955,2,0.799720747229587,0.40248604547010225,426.86801835399626,168.20083614686152,BATCH_1025
322.40853019786266,9.50003724424873,1147.2606869828492,0.17613126406170668,53.85806388018981,7.034298556925194,86.11140078860124,3,1.0,0.8060848564925811,423.68080601974026,151.140104345046,BATCH_1026
318.90987970701406,6.775609575687024,632.066715911805,1.9702117597466784,26.871972099580894,6.911845789745493,64.92140781089907,1,0.957457673749358,0.6277657805191259,468.85037371631415,158.71206585818746,BATCH_1027
213.82009464865112,7.043312338004863,2315.212128709626,0.8286141328925807,79.81943016875306,3.233703312702789,67.00354040670449,1,0.7378749102938909,0.3473436149994432,500.0,188.50172861424707,BATCH_1028
315.7830948301355,6.690539382738758,803.2574950138353,0.38923360644204696,45.53335266180305,6.8024083190547415,64.25975075463478,2,0.9546495059278516,0.6621877699893323,363.5169438510097,163.2502058660611,BATCH_1029
157.40152694309853,2.7909292506349312,1256.9378206799179,1.3667468252532677,40.89383838244212,1.2590534430084483,33.92944972716057,1,0.6549437901787034,0.3,334.9006105905794,217.27870387730252,BATCH_1030
269.25397569641063,4.765004776920521,1831.1772697097435,0.6401477492813726,62.612590898975895,5.1738891493743715,49.28337048715961,2,0.7680023674417139,0.40541032548598266,450.18360935699843,211.1196210182904,BATCH_1031
196.0017674575406,7.758458185269864,1911.0414694493693,1.2129787147689906,41.83396438971995,2.6100618610139215,72.56578588543228,1,0.7602643072851467,0.4743130575119348,500.0,311.9766936781557,BATCH_1032
174.11337715545577,1.9123560779784323,2001.45799246784,1.2148590249047233,69.99645830172545,1.8439682004409517,27.09610282872114,1,0.6216597375086794,0.3,412.0978491613868,358.23873495645904,BATCH_1033
165.39064032584184,3.5006749848074104,915.6383258742516,0.9468866597154514,47.256243461625516,1.538672411404464,39.449694326279854,1,0.6976574800830687,0.4422620916138455,313.4510027924167,360.5044061310187,BATCH_1034
289.25775517562795,3.4868719761926825,1449.343512054122,1.688625369535581,63.17350479592609,5.8740214311469785,39.34233759260975,2,0.8902673166338528,0.4571850611870384,494.41746311231884,453.285620076684,BATCH_1035
217.9749927536132,4.888170348350554,2042.9855677924168,0.6034374169553417,26.447192986513194,3.379124746376463,50.241324931615424,2,0.7155265844071607,0.391056821454904,466.90462799198644,393.1308406775926,BATCH_1036
294.9533543057523,9.823318668479665,2924.5471615844617,0.9524019240736948,70.7671511333067,6.07336740070133,88.62581186595295,3,0.863524708342294,0.5512655359319585,500.0,400.9576275370666,BATCH_1037
163.07126815978847,1.6075229201543975,2319.077844249222,1.1216150443228459,64.1430792066866,1.4574943855925966,24.725178267867534,2,0.6164290535797378,0.3,442.720665121931,456.73355455679916,BATCH_1038
213.05806756612208,5.668308949425355,2806.5093927348944,1.3608869694578694,32.70300670771794,3.2070323648142725,56.30906960664165,1,0.6833164442142023,0.3,500.0,476.30182302172545,BATCH_1039
257.89825847506745,2.614282138109894,2405.5301457854425,1.5895465159606201,28.717160584747198,4.7764390466273605,32.55552774085473,1,0.7182593203181661,0.3,500.0,480.4216413114023,BATCH_1040
308.14463296779275,9.736088908687698,1979.2924222310012,0.8501338374686864,38.97754092353746,6.535062153872745,87.9473581786821,2,0.9307564894769984,0.6091218459974977,500.0,392.29948929191363,BATCH_1041
213.75050058641398,2.019731542547178,980.0584228408613,1.3274891937835325,78.56423516191427,3.231267520524489,27.931245330922494,2,0.8081008826130275,0.42918621244592586,324.3564973621343,407.3604250029374,BATCH_1042
275.1782752874018,4.632409021254321,2166.714129731283,0.3861608108301864,35.40989447402352,5.381239635059064,48.25207016531139,2,0.7933340712489643,0.38522188753849634,431.83250076017185,337.6676026803622,BATCH_1043
327.1955496472374,7.6409648635114555,2058.4489148997677,1.8720313910307094,47.367632536798,7.20184423765331,71.65194893842244,3,0.9601601147272605,0.6180767990826117,500.0,294.8211810017797,BATCH_1044
273.17263763646093,7.340989852247008,2006.172926143166,0.8278117321999067,21.801213543040177,5.311042317276132,69.31880996192118,1,0.836008398714548,0.34367045974503185,500.0,287.68694135922493,BATCH_1045
196.59189495072675,4.8045577320453905,1724.4646699706018,1.486090701755233,43.833651773973955,2.6307163232754363,49.59100458257526,3,0.8242955623463891,0.5756482850155219,432.6147457458963,244.56968635240406,BATCH_1046
154.88015631130762,4.118717511574464,1821.641509973189,0.13864805557613752,54.27920092598617,1.170805470895766,44.25669175669027,3,0.6942314210354144,0.4745870427402302,337.00787742379276,146.64221811249067,BATCH_1047
324.01977478018597,4.578511406975835,1336.10631779526,0.4898555715191333,77.18747675047791,7.090692117306509,47.83286649870094,1,0.9029977079878587,0.43576798215382495,402.1041493855523,214.39239992411063,BATCH_1048
154.25388217007742,3.3784863684277537,1798.2817316057578,1.0254568342147983,51.00416269640387,1.1488858759527099,38.49933842110475,1,0.6693638116345954,0.35064430931046925,388.12312159114015,196.51386668106272,BATCH_1049
324.9403345368399,2.847996448361198,993.8897641961956,1.7686796886914584,69.14643957066127,7.122911708789395,34.373305709475986,2,0.8836222013230822,0.4279161160287319,430.0083522450896,131.23311895471412,BATCH_1050
255.7874268054424,5.34735727803001,2512.9359934009417,1.1017847849062865,52.82765855413403,4.702559938190484,53.8127788291223,2,0.7735737988970895,0.3237458550383684,500.0,166.98523205976105,BATCH_1051
337.81353970257925,3.416803804608466,964.4423867467694,1.8667539163583702,22.447100806131086,7.573473889590273,38.79736292473251,3,0.9938151304434891,0.577778508776619,444.9802704507081,184.9170950208151,BATCH_1052
309.75664715473306,3.587154984075251,712.415724723666,1.019214103507313,38.90049651138644,6.591482650415657,40.12231654280751,2,0.9323267018330621,0.5223990831605106,336.3669022675887,201.75419579673422,BATCH_1053
349.58682210666746,6.910804571271013,1590.6150658928934,1.031853283798305,54.53297046986619,7.985538773733362,65.972924443219,2,0.9440445536452936,0.6206698253656335,491.432536393872,208.49084538463745,BATCH_1054
220.14236309034203,9.71683598529903,2145.768598765155,0.32751889815101054,77.03563795586746,3.454982708161971,87.79761321899245,1,0.7726688938569688,0.4628518925271174,500.0,241.0284421964734,BATCH_1055
303.4376577862254,6.432734805034376,1594.2920623338534,1.6250468638892177,71.54782158507399,6.370318022517888,62.254604039156256,1,0.8537823667704615,0.42990733966622857,500.0,299.2333778702593,BATCH_1056
230.38618272184843,1.6928152035846966,1191.8853298782715,0.5692342836874187,33.701336850730854,3.813516395264695,25.388562694547637,2,0.8040735309810616,0.4163355752551166,287.0106175399448,374.0047273431546,BATCH_1057
245.97512406078175,1.680252524686603,1895.4279597261018,1.8092637298073986,33.20658980114981,4.359129342127362,25.290852969784687,1,0.6942539424142586,0.3,459.40255460309936,391.30800463783015,BATCH_1058
275.50109264367404,9.562808987610094,1367.5058385305,1.8305660186277526,32.07037802683405,5.392538242528591,86.59962545918961,2,0.9462383753508528,0.6720450230461226,500.0,394.94758721539756,BATCH_1059
324.7354228372677,3.6756171127660027,2832.1692253165825,1.8922892125608843,75.34993377815019,7.115739799304372,40.810355321513356,1,0.7448251883867115,0.3,500.0,453.0547718871158,BATCH_1060
346.816693839859,1.828602874742279,2806.6128490089304,1.088437929295871,71.15996918610324,7.8885842843950655,26.44468902577328,1,0.6234034447950879,0.3,500.0,359.43259532445813,BATCH_1061
303.65468277290364,6.391401284353434,1755.9295499302386,1.3864781910889243,66.49300593517692,6.377913897051627,61.93312110052671,1,0.8754713154767165,0.4225406986570998,500.0,484.4629710111631,BATCH_1062
233.55335643346675,6.612839004612395,1319.7099850456461,1.5791801721171608,43.56410685345365,3.924367475171336,63.655414480318626,1,0.7580419243587201,0.4791472901468114,459.6898964183752,392.69746058001647,BATCH_1063
234.27140045541404,6.836543381068194,2342.8310348915975,0.3489277754358846,50.26284225792601,3.9494990159394914,65.39533740830817,2,0.7727025570433562,0.37497321944057044,499.5779599378919,419.0305823255739,BATCH_1064
297.5164603177783,3.4066182507178717,591.7823587076666,1.2418186704952447,47.85990468770917,6.1630761111222405,38.71814195002789,3,0.9347161397967381,0.6576870843975591,335.2137056779953,372.4759203391998,BATCH_1065
197.75542915366046,1.1359961579302753,1686.9225151091282,0.1651660124762922,35.20388645356236,2.6714400203781166,21.057747895013254,1,0.5966811068319087,0.30244768507458675,281.8107938543945,336.1595557283742,BATCH_1066
172.09482262627893,9.685138325090247,1340.8084856758337,1.045375558438579,50.301682768926014,1.7733187919197626,87.55107586181303,2,0.8933577138953728,0.6973701716890277,500.0,373.64766038673395,BATCH_1067
220.9244315281553,3.2580374112199224,2801.3397127563867,0.39420109507843204,21.829792871165267,3.482355103485436,37.562513198377175,2,0.647946966692686,0.3,461.3459497809084,285.9689639606422,BATCH_1068
207.44779833081634,7.084236592472927,530.0075681817063,0.4475535593279609,27.90862240984755,3.010672941578572,67.32184016367833,1,0.8671270411776598,0.66481697579581,314.9342579264326,271.57225968654933,BATCH_1069
209.26162409119803,7.3596688289083865,1882.0371892958726,0.7935903767159428,73.19537577013679,3.074156843191931,69.46409089150967,3,0.8544844081593204,0.5542416562012995,461.94204170747486,223.59238263362136,BATCH_1070
196.72155020998198,6.490066753715372,2351.658952666565,0.9216306167613556,65.1007860218854,2.6352542573493696,62.700519195564,1,0.702701393887658,0.4088543394030195,500.0,208.24520763871408,BATCH_1071
158.41863792727239,3.816166547922834,1712.544968810103,1.2840276066111558,45.37210454354522,1.2946523274545332,41.903517594955375,2,0.7000430281127284,0.42072899451017354,422.38945032103373,172.40084616414302,BATCH_1072
153.57478694668276,3.439866283876592,713.5075754068041,0.24141399503317976,51.029021737032636,1.1251175431338967,38.97673776348461,3,0.7768017398660132,0.6931318284699669,197.38177224458698,116.62135933098295,BATCH_1073
347.5444779472063,6.379014544324328,2931.1534750697556,1.0570143463511448,42.19993315759865,7.914056728152221,61.836779789189215,2,0.8705204954115267,0.3001895578645231,500.0,179.88800458341422,BATCH_1074
235.55462674717245,8.794860702505224,1795.0260784402449,0.4469877474808921,64.44679202964035,3.994411936151036,80.6266943528184,1,0.803037057027218,0.5866020369003684,482.61482714378286,140.2984285618008,BATCH_1075
226.86532943193635,9.52060356031056,2035.4656107975284,1.1905528325603096,67.05123075392478,3.690286530117772,86.27136102463768,3,0.8577426948145528,0.6970431832649505,500.0,123.39873247253882,BATCH_1076
285.929456538614,1.9531522396338188,1091.5244567687682,1.3110687632962488,65.79711141218954,5.757530978851489,27.413406308263035,2,0.8248270899608114,0.4554599664600943,376.2336848016417,181.09052799303737,BATCH_1077
193.65077757301282,2.3934575133794787,1708.7452127670094,1.1577475874504224,63.35670349006698,2.5277772150554494,30.83800288184039,2,0.7498431045382709,0.3672392106682764,391.65782841360664,270.0227937190266,BATCH_1078
339.99223679004507,9.502626329047716,1572.8737298958047,1.5027614699087846,32.27026032156775,7.649728287651577,86.13153811481557,2,1.0,0.6447854863667292,500.0,286.68379549802484,BATCH_1079
307.2690028831104,7.628817055013133,687.2396050049593,0.7376575640577124,40.27819875442873,6.504415100908864,71.55746598343548,1,0.9444066115507406,0.6827226555053882,380.45321500055366,289.54043596776364,BATCH_1080
167.8822004624519,8.946944423467958,765.4008838686681,1.5537025241029487,48.190726099020495,1.6258770161858167,81.80956773808411,3,0.9251112870927647,0.8398521009040422,448.0728174545953,328.3451256358259,BATCH_1081
233.5161551569857,2.8236937072180885,2593.6812990469366,0.9222574552455679,39.84757948565934,3.9230654304944985,34.18428438947402,1,0.6228464738410711,0.3,480.1202565694951,365.3509484634802,BATCH_1082
325.823661512433,6.288272839984617,1099.5498805164757,1.019950546812934,65.29641200949973,7.153828152935153,61.13101097765813,1,0.9759275673776325,0.47603511434253915,422.8159527194,468.3684566848037,BATCH_1083
338.946404458282,7.310256349757263,987.3956787465763,1.3313940417960357,39.76121145499728,7.613124156039872,69.07977160922316,1,0.9676179407206477,0.5698556761464195,491.93188480525464,441.3618741346104,BATCH_1084
243.48030224997393,7.121006969022754,1762.2786281253482,0.13488092959852552,28.293925207120232,4.271810578749088,67.60783198128809,3,0.9078194007961333,0.6260973250142604,457.02668193615506,457.79012335909164,BATCH_1085
272.68227784214156,4.673365217800283,2421.8678284062826,1.3425890206984719,43.942427122898245,5.293879724474954,48.57061836066887,1,0.7533086595466001,0.3,500.0,480.9085036209553,BATCH_1086
183.40678921841504,1.1385540252217763,654.8662964474698,1.2753117832370193,78.79486596694282,2.1692376226445265,21.077642418391594,1,0.7109522407778484,0.43591709921658406,269.55034535869584,452.0525487141557,BATCH_1087
348.2337252273953,6.246334511238368,1942.0197990956397,0.6887095218312318,33.55288477601455,7.938180382958835,60.80482397629842,1,0.8600275671498904,0.3146770754556013,500.0,422.13254619304416,BATCH_1088
196.3343402766887,3.2779138526164786,798.0261071014334,0.26300914130903,56.72951953659374,2.621701909684104,37.71710774257261,1,0.7421600332883542,0.45462514010785443,231.9148681154287,400.17552170543104,BATCH_1089
338.54635482702514,5.052288215286013,591.1526270640461,0.27277735483477816,45.97838299038238,7.599122418945879,51.51779723000232,2,0.9901518711851999,0.5561969230749186,280.6630354213357,372.85196221758224,BATCH_1090
279.9293297984737,9.618229135754357,631.8598804055434,1.8541251192719344,24.2614740589596,5.54752654294658,87.03067105586722,1,0.9706284549858223,0.7507628650378714,498.7692434804316,337.7061896700862,BATCH_1091
271.54735897577183,4.591317858781912,2585.4102705211035,1.4096307103290906,49.272596359883565,5.254157564152014,47.93247223497043,2,0.7783697808188311,0.30807247201900656,500.0,321.8288863091116,BATCH_1092
252.5377022033017,8.55821445997984,794.931209070154,0.3414949661644068,62.12985971889875,4.58881957711556,78.78611246650988,1,0.9116658712515052,0.6714752798529909,399.4267343418071,262.73551980884173,BATCH_1093
196.13396234355173,2.6968654517432604,612.8784110307299,0.777774021686922,50.79319854966913,2.614688682024311,33.19784240244758,3,0.8730202008124259,0.5795021319340378,251.8673132842865,246.97920231646705,BATCH_1094
185.30560640110167,7.052144482225259,1594.7497178572808,1.2257176884130332,72.32636382479487,2.235696224038558,67.07223486175201,2,0.7963470212137668,0.607327313896478,465.74344880795394,191.51248541876527,BATCH_1095
194.09724181403507,9.793062589950491,2609.983679855062,1.6875862396722325,37.33622099945496,2.5434034634912273,88.39048681072605,2,0.7835188549341227,0.552123868637725,500.0,172.45524514181545,BATCH_1096
187.2876524288509,1.917037907856431,1156.0209412232548,0.1829557645547162,25.174950278237894,2.3050678350097815,27.132517061105574,2,0.673200714752156,0.44560121624251514,224.8037252510909,95.16510552067764,BATCH_1097
305.91689471335064,1.074879480044728,1554.281543814791,0.5496029497930168,76.19393669948036,6.457091314967273,20.58239595590344,2,0.8305617910501363,0.32458905833276097,323.9619325454194,177.48983024107446,BATCH_1098
220.02505183334603,4.902245133693529,599.8063314093781,1.790523081561222,42.69178097169314,3.4508768141671107,50.350795484283005,3,0.9304801022714061,0.7249773191218136,386.7972345201066,165.50578033357908,BATCH_1099
161.56853531267927,1.8336293474623049,1622.6962853371897,0.11741454534925133,54.584333087218,1.4048987359437746,26.483783813595704,1,0.6483657227307398,0.3,287.8159013416951,200.03649272812353,BATCH_1100
343.82052602816225,7.7354591470860825,1944.0327015928342,0.482658295308386,67.52018756781176,7.78371841098568,72.3869044773362,2,0.8561194314966464,0.5645518435085844,500.0,107.04632147620778,BATCH_1101
326.7571769926851,9.23093797463703,1927.2676343803619,1.9221459343486353,39.458819832534836,7.18650119474398,84.01840646939912,3,1.0,0.7369811229628983,500.0,287.6512411434163,BATCH_1102
335.5504566390426,4.90618875437883,1331.0667304359129,1.265463508392125,62.96987229065667,7.494265982366491,50.38146808961312,2,0.9230012044470909,0.5550717532818463,458.5819546547431,256.98945438997,BATCH_1103
348.9815645292871,3.3284047793989684,1288.8329516578387,0.5971755966112623,28.12513098906968,7.964354758525047,38.10981495088087,1,0.895688508486765,0.3480400332134322,378.8725239008163,333.2454845021217,BATCH_1104
184.77904984389747,4.909629871059488,766.5590473414948,0.22728307935211045,37.47762483233032,2.217266744536411,50.40823233046268,2,0.7904497456640017,0.6115139972420132,268.228609525811,307.62567895160976,BATCH_1105
229.24840378053176,7.511030360650009,1416.995801615671,0.1535635468497221,28.682638168191197,3.773694132318611,70.64134724950007,3,0.9344925640161553,0.6289317042548038,376.49262832407715,393.383217151876,BATCH_1106
301.64769514081826,1.0814874542233388,748.7366721824117,0.5650156513101617,68.67383350408147,6.307669329928639,20.63379131062597,1,0.7817760435554824,0.3937540681727951,255.47255003130454,374.4635502827725,BATCH_1107
289.2041236107584,6.305085905362275,2416.489861780129,1.7748230572189299,33.358954113607126,5.872144326376546,61.2617792639288,3,0.8532735839547194,0.5018595535671262,500.0,411.19074174679236,BATCH_1108
180.779181267971,6.519625163986412,2915.685744370465,0.890235943165268,63.044213324312615,2.0772713443789854,62.930417942116534,1,0.6853377656140657,0.3,500.0,502.3098145593623,BATCH_1109
313.16662499812355,6.73919422206342,2925.186141666767,1.4686334014153868,76.59790383473916,6.710831874934325,64.63817728271549,1,0.7582151460831502,0.3,500.0,444.2795279770996,BATCH_1110
194.88811436733215,3.178198719827895,2662.6777484384847,1.8447415672219198,51.66633254413262,2.5710840028566246,36.941545598661406,1,0.601960855084203,0.3,500.0,451.4118601387528,BATCH_1111
194.7635229645246,7.426474510403141,2001.9803733490478,0.8752768770453515,52.40175153564126,2.5667233037583617,69.98369063646888,2,0.8092366152253262,0.4975870072943542,493.81849498790365,456.00584248832945,BATCH_1112
257.3948845786827,1.8225233769859877,2252.1642431097,0.4634270049710544,47.66201408586872,4.758820960253895,26.39740404322435,3,0.7785426693088046,0.3,375.2656683569892,420.9364738171608,BATCH_1113
268.5879869683406,2.7934330282012074,1213.0145067010353,1.082524068628147,39.553408603618564,5.150579543891922,33.94892355267606,3,0.8819280541505893,0.5433515909323123,363.26512900314475,379.51256715430685,BATCH_1114
266.0172415675622,8.897230419890338,2076.9260504315516,1.8253590054137234,48.539301855495026,5.060603454864678,81.42290326581374,3,0.9387565960048316,0.6456345531219565,500.0,349.77168683936316,BATCH_1115
168.29736747955099,7.648508356539097,1639.1238735996935,1.6283113868616312,56.16845193600557,1.640407861784284,71.71062055085964,1,0.8122400922795057,0.48491375643520346,500.0,372.1024675571537,BATCH_1116
325.49217252607605,1.1237099861021074,1705.0433494423312,0.2250767023899922,79.15949433023957,7.142226038412662,20.96218878079417,2,0.8098343403817241,0.3,323.5651452425205,259.44857932361833,BATCH_1117
203.1200085177412,3.235386343328202,2394.441400937895,1.4158883201474055,76.26587355909345,2.8592002981209426,37.386338225886014,1,0.6323053947107227,0.3,472.27851594300085,231.03297140145153,BATCH_1118
175.90298425656084,2.929658346938481,1204.7958889931292,1.186605292672012,71.7291774975873,1.9066044489796292,35.00845380952152,3,0.8196321119561084,0.60053917022217,355.3197789131046,225.45361470224734,BATCH_1119
327.74961597379547,3.437256952332753,1295.0990292362999,1.8241800350582085,73.34783214229151,7.221236559082841,38.956442962588085,2,0.926052610670286,0.441174901073634,445.6928297772754,203.26196742107385,BATCH_1120
341.1302996459507,3.2280379325189776,2811.6044778215914,0.3327146920155647,48.07095099752257,7.689560487608274,37.32918391959205,2,0.8163736092374143,0.3,492.6916550472544,190.72203522345092,BATCH_1121
322.42552345309014,1.5627366616856118,640.5607371274306,1.1146686150888476,59.446659630647886,7.0348933208581546,24.3768407019992,2,0.9215973043774834,0.5054483995573613,300.9689220794797,169.16190666087553,BATCH_1122
311.9032149449756,5.130464649371383,1714.085746033351,1.7709791176725955,73.70400337617285,6.666612523074146,52.12583616177742,3,0.8930955008678207,0.529195143714005,500.0,120.82097867472397,BATCH_1123
281.0483961278044,7.594601273075487,2782.0020010196545,0.8790451948093116,43.577045899481185,5.586693864473152,71.29134323503156,2,0.8593832074767745,0.3935805279956803,500.0,219.09913540136523,BATCH_1124
260.1714741218278,6.4605855224569275,2025.9075195453925,1.0157903436924474,77.70574870072812,4.856001594263975,62.47122073022055,2,0.7929202212167743,0.4980561017882807,500.0,159.54362103145553,BATCH_1125
167.39735198228203,7.055845017382718,1866.0176855303303,0.23387528756722076,44.94716372415098,1.6089073193798709,67.10101680186558,1,0.7183119014446809,0.3592281876794867,408.4118263173623,234.07906395717004,BATCH_1126
231.69064261413973,1.7303426068261523,1124.360448073388,0.6284729168529305,56.06495992359294,3.859172491494891,25.680442497536742,1,0.7037203834042111,0.3924802382707823,285.6983999128044,238.54886773404132,BATCH_1127
224.5377034024628,9.563416391591085,1358.1887226611207,0.7165626334209999,62.58828279634231,3.608819619086198,86.60434971237511,2,0.905226783023605,0.6922006611358811,472.7443763252575,298.07584960220316,BATCH_1128
201.95075675206525,8.546426504587224,2630.1210395117323,1.8957326526152851,77.0355207845563,2.8182764863222833,78.69442836901175,2,0.7723324759919756,0.4424942601358116,500.0,348.6857290744852,BATCH_1129
294.684022737717,8.245812866460964,1898.0453294211454,0.6370679850282022,34.67697644313596,6.063940795820095,76.35632229469638,1,0.8673973701767529,0.4735054458914522,500.0,384.6407164635043,BATCH_1130
249.17514701575416,8.406854245375907,1786.8554843919496,0.9756505970123387,64.76785869431853,4.471130145551395,77.60886635292373,1,0.8370214157989748,0.49851318330664696,500.0,418.7236398050384,BATCH_1131
166.2092431815296,9.394394573194852,748.9492838500723,1.3754784047721316,51.248935168644934,1.5673235113535355,85.2897355692933,1,0.8925925300091804,0.6248582331311585,444.38383907897475,478.31514863942425,BATCH_1132
194.03664038996226,5.898285695023279,540.0703911378077,0.40814840757496706,36.11342843723847,2.5412824136486796,58.09777762795884,3,0.9324027520448227,0.8092758585672525,286.84123260936883,458.4949029887795,BATCH_1133
286.65175273191915,2.8025381608086333,2909.2129717176226,1.0242405355695616,66.59641038778344,5.782811345617171,34.019741250733816,3,0.7526407791519626,0.3,500.0,442.6753009412805,BATCH_1134
165.22617189806004,6.551052470672871,1442.4654182171041,1.5032241750042246,53.13333681043079,1.5329160164321012,63.17485254967788,1,0.7597726029027999,0.49722453523371885,461.60810088731205,473.81148899201264,BATCH_1135
320.24138280975376,7.685933443011451,2008.0326552487609,1.7470249047514255,59.658429238980546,6.958448398341381,72.00170455675573,2,0.9490015539178212,0.5568656153194262,500.0,465.5879252354034,BATCH_1136
249.02930540279488,7.6412565401862285,699.2876829682125,1.2898926218586109,39.37406411467406,4.466025689097821,71.65421753478178,1,0.8590831871149528,0.5925314369262649,431.53968365876966,369.23778272387517,BATCH_1137
246.1173154653296,5.693041217501921,2207.785714307616,1.371201679102201,48.8764371096563,4.3641060412865365,56.50143169168161,3,0.8512772847662544,0.5102781772736747,500.0,392.9220020954981,BATCH_1138
268.4815569319035,1.6161284740022026,2831.4167717649025,0.33993859791068104,57.041255059284026,5.146854492616623,24.792110353350463,2,0.6953259669400823,0.3,434.2422902922254,359.8580390347064,BATCH_1139
314.9361931850298,4.34001644587115,1939.1631324935493,1.8969753447680595,44.29464885619064,6.772766761476044,45.97790569010895,3,0.8876765664021693,0.5128858895851721,500.0,291.07309489920044,BATCH_1140
219.56184158043862,9.286899476170216,815.2883059385265,0.3518907472205165,31.902352390862077,3.4346644553153514,84.45366259243501,2,0.9813479710281094,0.6748859702573362,387.810932946422,302.4483476339693,BATCH_1141
285.60323051181274,6.260040187816834,1954.3038186836918,1.5718785806454167,77.69842953891825,5.746113067913445,60.91142368301982,3,0.8999580611624783,0.5474477736028944,500.0,220.49833238902949,BATCH_1142
263.1463927991582,5.84498748930142,2415.868032761631,0.6031510113788057,50.68805240255705,4.960123747970537,57.68323602789994,2,0.7905439935684024,0.36192314899389655,500.0,197.7012764261615,BATCH_1143
203.40565403388428,3.419681629439742,1516.0413414350467,1.873826973032378,64.03522221726203,2.8691978911859493,38.81974600675355,2,0.7453238245793592,0.44398304684387696,462.21533819115496,164.90403470381986,BATCH_1144
325.7259972710316,4.31604027924921,2699.59436985367,1.4679231248020113,44.66283161336349,7.150409904486106,45.79142439416052,2,0.7965466246951662,0.3028197339874802,500.0,155.57849748408435,BATCH_1145
309.4852043213856,9.058114802378523,2121.707383393411,1.532246054658901,41.307905841542976,6.581982151248496,82.67422624072185,2,0.8880226570906271,0.5268099879017166,500.0,117.11174739314394,BATCH_1146
281.6903669316851,6.998167427741522,2748.122295723006,0.5162124288137783,44.4298579080275,5.609162842608979,66.6524133268785,3,0.8086024053508462,0.4325567677088998,500.0,111.90959957881103,BATCH_1147
320.11634581884834,8.086483240770995,2058.763278118343,0.9417759556068055,44.551798627138986,6.954072103659693,75.11709187266331,3,1.0,0.602344352903272,500.0,217.9313413290842,BATCH_1148
323.45884019196046,5.089108807608897,828.2199300120606,1.2738450697196442,52.650806956517215,7.071059406718616,51.80417961473586,2,0.9335745814936237,0.5589222194792619,412.1060360499477,168.52514237246405,BATCH_1149
291.67259534300695,6.672224975105421,1274.2292777629727,1.5629498745925419,52.60819219888179,5.958540837005243,64.11730536193105,2,0.8934369821403884,0.6231314829632945,500.0,195.25822951630704,BATCH_1150
317.40266567273443,3.2354524786888677,1004.4873706311423,0.2975228142335402,49.8292289529723,6.859093298545704,37.386852612024526,3,0.887151022187909,0.5614928694475534,294.767175116072,196.57543982650748,BATCH_1151
289.4942923338567,7.349147472551376,2772.0662442921557,1.9284941012636039,28.087147095046284,5.882300231684986,69.38225811984404,2,0.7955430898108267,0.3,500.0,280.83114756931315,BATCH_1152
286.0281543520601,4.8484120033300355,2401.0001682187067,1.7914192740536563,49.76452871003187,5.7609854023221025,49.93209335923361,2,0.7512236871589392,0.33451755929848986,500.0,299.1301629631527,BATCH_1153
273.7222756430369,4.98290963333271,2190.995922275015,0.6136623219416102,30.14623402523909,5.33027964750629,50.97818603703219,2,0.8473612493317808,0.3446997890101499,458.11426231971774,424.26045480409175,BATCH_1154
300.54332791152825,6.843900921191935,1252.415799079054,1.6632444617614308,27.56814717774591,6.269016476903489,65.4525627203817,1,0.9175225950893218,0.45414941112161256,500.0,436.3605298582626,BATCH_1155
181.72102105861472,9.42652559322034,960.1119301255338,1.0848154537756645,75.95874304047007,2.110235737051516,85.53964350282486,2,0.872798068157647,0.6941843624663914,444.4895857406341,409.2593002123315,BATCH_1156
326.1741518397857,1.5760571194775883,2391.1277199722795,0.9774323149678353,56.297000788862256,7.166095314392499,24.480444262603463,1,0.7839781507918844,0.3,500.0,512.4619481036885,BATCH_1157
324.3687055490464,8.422689136123068,1685.3948646976992,0.6974248010416703,59.56940348747506,7.102904694216624,77.73202661429053,2,0.9874438637054396,0.6489965364967271,500.0,479.4529646097478,BATCH_1158
155.84945660691182,3.631447993709738,1064.4738803765727,1.2038403146000256,44.10762022000183,1.204730981241914,40.46681772885351,3,0.7835755645457223,0.5951903855423808,320.478201950003,435.1439324381019,BATCH_1159
315.16335011295257,4.9952750905574,2041.5549454131876,1.4867893236368357,74.53885351489185,6.7807172539533385,51.07436181544645,1,0.7267622848448384,0.30487843173662454,500.0,354.9216391214586,BATCH_1160
175.77397349468905,1.1972199589750807,600.83463034613,0.8807725194292406,58.27582937477993,1.9020890723141164,21.53393301425063,1,0.7703798794242226,0.4157806383261618,192.3909539283995,474.7942943557095,BATCH_1161
217.02377085182837,3.7094147005088174,1315.4256353206338,1.295516466715755,66.15019217141526,3.345831979813993,41.073225448401914,2,0.744290840033446,0.4496886695351549,391.4511429385761,333.31282599708993,BATCH_1162
298.7016512583216,5.523681183671174,1671.3924864778367,1.4286945501950772,42.11374814166283,6.204557794041254,55.18418698410913,2,0.8261019136048114,0.4574280471823443,500.0,289.4608943566759,BATCH_1163
182.15197920966165,1.505584696126951,869.8958352735146,1.4511314523290433,77.60071284914753,2.1253192723381575,23.93232541432073,1,0.7233491192706087,0.3230027450512571,316.3639921037737,330.67711296029256,BATCH_1164
313.5934048238124,5.419861564448486,2961.636193977099,0.19873558644924247,69.22767740949891,6.725769168833436,54.37670105682156,3,0.9082523127847925,0.3,500.0,334.3697154248021,BATCH_1165
316.4268355915484,9.343995659725845,1022.7434114740356,1.7335208308016272,71.23690778087263,6.8249392457041935,84.89774402008992,3,1.0,0.7954802601169664,500.0,266.5281845553162,BATCH_1166
251.49354675216725,1.948538962970247,825.8828251081638,0.970681298053591,30.33165604554526,4.552274136325853,27.377525267546368,2,0.8413109736044899,0.4793273421683125,292.4770967583181,210.85125642358832,BATCH_1167
151.2771743433667,7.879966552679539,1008.8371847172409,0.5985905552228075,36.25779247227317,1.044701102017835,73.5108509652853,3,0.8960121608695368,0.7523637303182448,355.32549250415775,187.93881968229616,BATCH_1168
207.40762663498256,4.687039480383934,2422.652832899311,0.559352564211395,37.13759598101463,3.0092669322243895,48.67697373631948,3,0.7829386563741256,0.40334826662880646,443.9260090346498,180.7135928200482,BATCH_1169
273.38538367514843,6.896563430719042,1563.764148179607,1.0177268144035059,36.25455339481227,5.318488428630196,65.86216001670365,2,0.9089833781287636,0.516916335428706,483.5591345616336,172.76785769360296,BATCH_1170
346.23723560548467,3.342129381867064,1913.539849381345,1.7849799249910225,71.32448972625727,7.868303246191965,38.21656185896606,3,0.9184323780113998,0.4683816795550273,500.0,163.54686877572027,BATCH_1171
276.3627054033337,2.4354303628722245,552.5228924659018,0.8188604051970291,21.913087712515527,5.422694689116678,31.16445837789508,2,0.8839955143820624,0.4802585812217268,267.4772723023858,173.22222255088968,BATCH_1172
201.96071621283195,2.444163528441038,586.0782714332864,1.5244789188887322,24.56599933884646,2.8186250674491187,31.232382998985848,1,0.7520799312300042,0.4792912908336753,292.7080524992506,192.05618898503198,BATCH_1173
276.80114061992225,1.634427510788302,1614.5638745675403,0.28395558887571537,36.43489223779422,5.438039921697279,24.934436195020126,2,0.7577056432042847,0.30239891903290056,329.48703179390395,202.38106233400057,BATCH_1174
257.9970759431711,2.670820344111187,2541.6381080040587,1.0045077340870174,31.992378478966618,4.779897658010988,32.99526934308701,1,0.649662181879067,0.3,500.0,252.7568909286126,BATCH_1175
305.9690790302287,6.977974464900714,2713.097196768913,1.9842036667461977,33.9115768329709,6.458917766058005,66.49535694922778,1,0.7276920881608685,0.3,500.0,249.21129557414196,BATCH_1176
171.39612776539167,8.935215506591572,716.7664189891005,1.5638318253054402,67.876591355198,1.7488644717887087,81.71834282904555,3,0.9398089355742526,0.8210206654214373,415.1808655296003,335.87266796153204,BATCH_1177
302.20558050040563,8.327131170320456,1845.9077552525569,0.5000041280371647,53.78759563352281,6.327195317514196,76.98879799138132,3,0.9414178502720827,0.6870703250081421,500.0,345.3422667854704,BATCH_1178
258.25331573522203,7.166208788870357,2783.074215698176,1.0527388000260303,20.34623967757808,4.788866050732771,67.95940169121388,3,0.7958238747403019,0.4829609996391012,500.0,372.9583376615082,BATCH_1179
342.59840077179894,1.9938867706999241,1469.931885994716,0.5438870509322764,45.75936594225172,7.740944027012962,27.730230438777188,2,0.8702784098408245,0.4172982537758,361.07121795954123,435.3006351022703,BATCH_1180
218.3744332077372,3.6026870166635483,2573.9145785709215,0.8781657617987675,44.473095611021535,3.3931051622708024,40.24312124071649,3,0.7762750758456725,0.37601412125530165,476.9347030284574,486.64894253369863,BATCH_1181
276.5243786267896,3.7882618779022206,834.2391359985904,1.582159645096433,26.836716166672613,5.4283532519376365,41.68648127257283,1,0.8630999834850162,0.4191497428218608,387.035865802613,477.5494981800694,BATCH_1182
336.40562110200347,3.249612517578591,2838.486224169497,1.565327149051767,60.56850731608743,7.524196738570122,37.49698624783349,3,0.7772039554113203,0.3,500.0,397.7738558346661,BATCH_1183
170.50194559813585,5.635050937387508,2378.558293828257,0.5333907180145318,62.12583130276946,1.7175680959347548,56.05039617968062,3,0.7132294567425154,0.432260271659466,476.01024992075855,400.2149664705573,BATCH_1184
337.44569744729023,5.819984333917053,2853.335981967254,1.8522243044942344,63.25359314312586,7.560599410655158,57.48876704157708,2,0.8538016412078975,0.372666434074359,500.0,434.28915281763,BATCH_1185
287.5771444601627,4.211973776539992,2191.5430838812663,1.225879547253171,63.708256733515526,5.815200056105693,44.982018261977714,2,0.7670185514743119,0.3083070828706461,500.0,345.5253781938513,BATCH_1186
163.56741182103437,4.184102428627924,1408.5098299985675,0.8218561528278275,20.003169615937807,1.4748594137362034,44.76524111155052,1,0.6778296794937967,0.42829763863353193,358.2372498451194,332.0838622654668,BATCH_1187
210.19271338936323,8.457000381154732,2845.452931311806,1.0536776034836353,77.23524823080334,3.106744968627714,77.9988918534257,2,0.76819804947825,0.4588946743747085,500.0,316.50156297073465,BATCH_1188
291.6344177290563,8.10363563487717,1188.9169407729462,1.2496353815317132,68.85252602327978,5.957204620516971,75.250499382378,3,0.979543441518855,0.8110997638645915,500.0,232.12680958871795,BATCH_1189
163.47012029375435,3.770162485126711,1330.4313051543313,1.1637920105069923,74.23890179535712,1.4714542102814019,41.54570821765219,2,0.7356001307683208,0.45177638160993133,356.7331349579097,228.1612651843823,BATCH_1190
266.43409203525465,9.224095994859333,2252.0210450043505,1.0241695675187386,20.938597718446047,5.075193221233913,83.96519107112815,1,0.7807335634845471,0.4905156849881947,500.0,153.9132179744737,BATCH_1191
219.17661139059135,9.575335153022554,2413.2907488134656,1.0593723277698601,76.03152774714437,3.421181398670697,86.69705119017543,3,0.8495790252274288,0.702757717090411,500.0,152.05516011379854,BATCH_1192
274.1831035534954,3.9406828782703673,2823.5087096228845,0.4351826298129837,68.58731172128628,5.34640862437234,42.87197794210286,1,0.6867095223733481,0.3,490.57395332442945,164.7045840809159,BATCH_1193
159.14840676250256,4.1898245391374935,1012.0060226405237,1.6441925181788908,70.23314857752192,1.3201942366875898,44.80974641551384,2,0.7141946037280603,0.4708462187801963,352.03584115092315,102.21018799404993,BATCH_1194
324.3073612304753,5.550707380797629,2494.99508804806,1.1293446078879292,25.597243083318112,7.100757643066634,55.394390739537116,2,0.848936143941395,0.3,500.0,168.32536819545234,BATCH_1195
344.6977938354794,9.470087312803061,2346.365133492409,0.3490517372389359,64.32668173511587,7.814422784241779,85.87845687735715,1,0.8958011954443476,0.4859459955173777,500.0,169.50705546453133,BATCH_1196
343.77557105713834,8.886874898280805,659.4863906339947,1.5556984930072781,77.59500137852547,7.782144986999841,81.34236031996181,3,1.0,0.7724628346823664,490.91003943781914,210.5086814545298,BATCH_1197
299.9303663485849,1.9231116632523082,1468.0578530255175,1.8716435589169667,60.712840485089636,6.247562822200473,27.179757380851285,2,0.8276653953935296,0.360797346832912,434.7786169810753,231.7174240219379,BATCH_1198
176.0172480261264,4.534576689442746,1206.9136426502464,1.899883108550228,54.233684277476385,1.9106036809144238,47.49115202899914,2,0.8110799033021769,0.5339112412290171,446.36466668958286,302.10135613383625,BATCH_1199
301.6526391858045,5.9803407077479465,1261.226060885076,0.8011336915812282,76.73778066493982,6.307842371503158,58.73598328248403,3,0.9741181035493945,0.6519030287528553,417.9369158446505,303.7567350794375,BATCH_1200
154.9173832917603,5.52819225296386,2957.3671988867522,0.3574820597654327,46.57622730406616,1.1721084152116106,55.2192730786078,2,0.6160096862063397,0.30950908012739314,488.96780167654987,325.9406905316138,BATCH_1201
154.42471030579947,2.7447676114320343,2106.9435336998195,1.0849592906028238,55.95761397862872,1.1548648607029808,33.57041475558249,1,0.5944335049294232,0.3,416.176938798828,378.668925090971,BATCH_1202
214.72204382990824,8.729350940513392,2294.190394483749,0.31395753576351926,48.58029760966197,3.265271534046789,80.11717398177083,2,0.8220727719525677,0.5676119432688276,500.0,422.36495804907065,BATCH_1203
247.72863808093314,7.092467046971536,2941.544093287523,1.8745760951739727,75.97077328161795,4.42050233283266,67.3858548097786,2,0.755720253667133,0.3176050048262127,500.0,431.3696126774354,BATCH_1204
304.0814835615586,8.541175373666231,1443.0044561440968,0.44880129197477736,24.565083605930436,6.392851924654552,78.65358623962625,3,1.0,0.6897374572381755,477.3651173071234,446.1066246794762,BATCH_1205
286.65907532130103,8.72887851414525,2504.600421132015,0.5802551339072117,50.067182049520895,5.783067636245536,80.11349955446306,1,0.7898088612794422,0.37397105679168013,500.0,428.94024936579734,BATCH_1206
239.18054127534967,7.735202682991658,1586.3274082612384,0.8726094010814438,61.2171464831263,4.121318944637238,72.38490975660179,3,0.8970913747477554,0.6971831100183277,466.7692430340271,425.0018464168316,BATCH_1207
204.72533325633316,4.9528954112474555,2673.8341795374495,0.8280124902623389,67.51439230533421,2.915386663971661,50.74474208748021,2,0.6477983489642953,0.34866452704258627,496.4481704498557,387.82565241367826,BATCH_1208
349.4249000315422,6.494920795138821,951.6438532782579,1.609859495555989,54.98111884664818,7.979871501103978,62.73827285107972,2,1.0,0.6489937990364002,484.58524613040794,458.553319473588,BATCH_1209
235.23626044719458,2.4432886550776884,2869.215442660699,0.9670019590468284,74.53506464728724,3.9832691156518107,31.225578428382022,3,0.6672489010741538,0.31308532241840237,500.0,337.68410293826486,BATCH_1210
240.2774048659351,7.062808757274169,1046.9292710271993,0.4244596940063401,76.5194868130323,4.159709170307728,67.15517922324354,3,0.9269920823953652,0.6716148707670825,355.32527835131884,318.0357008315034,BATCH_1211
182.72476423833382,2.6132793016535265,1315.5512674523288,0.6076988014235407,23.85915339161501,2.1453667483416843,32.54772790174965,3,0.7581940309081421,0.5720949138529444,301.26086642704325,278.4477820329254,BATCH_1212
308.96190974998586,7.245546314591412,2390.4805852669515,1.0673154318562919,44.14223237248246,6.563666841249505,68.57647133571098,1,0.8394821205287912,0.42523981375700254,500.0,288.0248745429551,BATCH_1213
288.7364451562977,3.066383446785718,1484.3878539135167,0.3801624431096563,21.407541303269266,5.855775580470421,36.07187125277781,2,0.8224645954301699,0.4471260580666915,354.14310650581393,216.1515096512381,BATCH_1214
194.15392255775208,2.0579617013519798,2020.5284419161167,1.2621457837274268,39.764999442466575,2.5453872895213228,28.228591010515398,3,0.7611031434117144,0.4493356451160018,427.2019316128227,231.36624500223414,BATCH_1215
166.47620912316853,2.487560411286617,1611.4337526735712,1.1749198824471774,52.21209307823613,1.5766673193108989,31.56991431000702,2,0.667107998407699,0.3098695803418885,375.01931823403436,149.8914707050205,BATCH_1216
286.0998604149426,1.0179292169716323,2355.9248427244547,1.4579344011262896,74.64769583059693,5.763495114522992,20.13944946533492,1,0.676354282203133,0.3,472.61564195816044,163.4809509233547,BATCH_1217
280.9022428562271,7.468656560681772,1070.8281309215272,1.8816387692207985,70.79325934792416,5.5815784999679465,70.31177324974712,1,0.8695487119983477,0.5415225081832284,500.0,124.93958840220728,BATCH_1218
204.65190539964186,7.591609441525412,646.1449680921926,1.8332836660921958,27.649983600319143,2.912816688987465,71.26807343408655,1,0.9191469706159765,0.6682777949068974,424.2532748470697,219.4655998898412,BATCH_1219
340.17271245008203,5.634400149219335,1249.8234936826657,1.8975436743307796,25.581822484453742,7.656044935752872,56.04533449392816,1,0.8672468833689702,0.43074751883315515,500.0,134.46823686144904,BATCH_1220
180.21157835618004,2.4522652094984534,1685.7716621710756,0.5649596343450317,55.35604032540002,2.0574052424663014,31.29539607387686,2,0.7036897708792739,0.39391103701722235,333.59504904863155,203.22860412882991,BATCH_1221
236.4669602085204,1.7519890375962077,920.0501304816964,0.3499740826147738,51.92707834752696,4.026343607298213,25.848803625748282,1,0.7669160369498719,0.42605794431635546,241.93336064533506,244.01330642795818,BATCH_1222
338.7231840335198,1.172160697935583,1386.9932241409717,0.6743257309432521,35.98265848580143,7.605311441173193,21.33902765061009,1,0.8136209129844987,0.3064542706352647,328.209828038214,273.5911161581628,BATCH_1223
233.94546338522446,2.4917335926869866,1499.9575457339213,1.8006618282559979,73.96718507323011,3.9380912184828563,31.60237238756545,3,0.8082249018139193,0.48436827102419905,477.29915340735687,294.4413702336658,BATCH_1224
277.70518953281714,9.01769981484832,643.4796092206839,1.9469016017846277,75.64198456769321,5.469681633648599,82.35988744882027,1,0.9526861961001261,0.6557625622249689,489.05098121494757,334.92823577337373,BATCH_1225
229.51887959255885,3.173831575315136,1958.2681204605115,1.7327174070339044,44.15668630040976,3.78316078573956,36.907578919117725,3,0.7876484056213939,0.3969236378814973,479.3197250883707,376.3143441593729,BATCH_1226
204.843040469734,4.188441944954941,2710.858569928219,0.30903367014233285,73.41815342681122,2.91950641644069,44.7989929052051,1,0.6173331337257206,0.3,465.0100062120052,401.6559571291281,BATCH_1227
346.79552959196565,1.9481093603319986,879.3572823826311,1.900113196313607,43.036933655778356,7.8878435357187975,27.374183913693322,1,0.8943255077118424,0.41614128736728523,416.7886009933437,458.82018407151423,BATCH_1228
231.8668012630086,3.0012517427335323,1994.520033503785,0.9043802519664933,64.20900990978201,3.865338044205301,35.56529133237192,3,0.848645923485117,0.41708767086119014,434.8498196326568,511.20456399109946,BATCH_1229
328.8198407358269,5.673021137021846,2161.8480122771157,0.117689552448472,48.55653305286345,7.258694425753941,56.34571995461436,1,0.8026076689438595,0.32073501610086885,488.7614600381046,433.275246449765,BATCH_1230
195.99092117821723,6.469774147860873,1548.336701048221,0.9405481074215678,27.35498939043098,2.6096822412376035,62.542687816695675,2,0.7604253786642047,0.45943061900179016,443.1621889000517,403.79478455598854,BATCH_1231
192.62094080501666,3.2081708274958993,2252.743968410675,0.18753142238338844,75.67605207422129,2.4917329281755833,37.17466199163478,2,0.673916378431543,0.3,363.5171944639124,427.25534911712873,BATCH_1232
156.22681657690228,1.5195894330260549,1526.8288587275301,1.1333680502061234,47.245795602652194,1.2179385801915794,24.041251145758203,1,0.6918635766688506,0.3476386904052504,332.069327474853,483.4572973076116,BATCH_1233
280.33336507517697,4.519295822146588,1761.5932199435872,0.7432526521303975,64.06922241934421,5.561667777631195,47.37230083891791,2,0.8056815868835298,0.38140429836295286,436.23961397174253,350.88976296091425,BATCH_1234
223.70526874475223,3.107830338337007,518.3826113860674,0.9995263738286926,42.030428865877525,3.579684406066328,36.39423596484339,3,0.9435647707639291,0.65179298096515,310.777212494893,387.9963609286975,BATCH_1235
322.8716499679274,2.9759853090682173,2229.300285336722,1.2650236854119223,21.132852714574078,7.050507748877459,35.368774626086136,1,0.8043783577446473,0.3,483.1896248604005,350.3310244222978,BATCH_1236
244.64198133831144,9.638765224421098,2153.356697361811,1.7507220820538585,26.031821521510153,4.3124693468409,87.19039618994186,1,0.7985411027865487,0.442751569625346,500.0,244.5694959833852,BATCH_1237
343.63868558294433,6.546704373331517,596.0021933158614,1.3576129952966645,49.77316876939547,7.777353995403052,63.14103401480068,3,1.0,0.7736932600678675,429.6156019191764,242.06949237555997,BATCH_1238
187.10510314062424,6.011905988548863,1420.6252684878327,0.9246928501085433,61.397861427581745,2.298678609921848,58.98149102204671,3,0.8925451001264311,0.6593302863374849,421.8303187561047,242.7858815158745,BATCH_1239
323.72463359112214,4.741975931709897,2947.5796019791683,1.6569129219736938,40.08411959475674,7.080362175689276,49.104257246632535,3,0.821383951837362,0.3438843188125774,500.0,158.7223572027093,BATCH_1240
305.31937055834834,4.8604990008712985,1551.841406421542,1.8206060613889512,61.72930755065902,6.436177969542192,50.0261033401101,1,0.8222746272589802,0.51209042796399,499.7678958142233,149.00371525357065,BATCH_1241
304.1843689288104,5.868145034542727,1754.8635128296044,0.3275439362211747,61.918135365917365,6.396452912508364,57.863350268665656,3,0.9137077611748373,0.4993432540637599,444.2803876876126,132.5495725815407,BATCH_1242
318.95664562337754,7.267868263324965,2774.825395399296,1.1106726573503038,62.23615443966985,6.913482596818214,68.75008649252752,3,0.8618852773371471,0.5098757643480982,500.0,124.6684241358527,BATCH_1243
302.20479818859974,7.319314865636465,2293.1546896643913,0.6405727235106439,49.55131124123051,6.3271679366009925,69.15022673272806,2,0.8456603939761976,0.4548658607181231,500.0,150.6178630803526,BATCH_1244
275.2440643262831,2.5452451693490463,1955.1753278105589,0.18941627596620006,74.89316900729024,5.383542251419907,32.01857353938147,2,0.7330167334855515,0.3576933747187906,365.2115912288524,157.21577481914912,BATCH_1245
176.24897553647753,5.501014768689643,2494.5117033526813,1.3702387207165723,49.35179107883694,1.918714143776713,55.00789264536389,1,0.6377308386898327,0.3,500.0,226.0225040477766,BATCH_1246
156.5052358982504,4.7076228553069175,2660.915666139933,1.7392644771725287,47.015911609798295,1.2276832564387634,48.837066652387136,2,0.6146852427814349,0.3,500.0,238.07794630286367,BATCH_1247
334.1695695631374,8.834742696424458,1642.2201793431673,0.4095150435070487,31.96284914063762,7.445934934709808,80.93688763885689,2,0.9865003864978954,0.6275112669911831,500.0,307.01357735371624,BATCH_1248
273.3300629041476,6.682770290965387,1687.7709123295886,1.643585949485411,38.45930524138019,5.316552201645166,64.19932448528635,3,0.8752869263509795,0.5335149275210621,500.0,292.1459873792728,BATCH_1249
309.30745819523526,5.792536597743836,1465.1273391295895,1.7214518937201893,22.5400695510982,6.575761036833234,57.275284649118724,3,0.9678744099861787,0.630737222399011,500.0,384.9264069664306,BATCH_1250
246.30447030251003,2.0385517796102564,2916.7653500461515,1.8372468410663187,58.012117616970215,4.370656460587851,28.077624952524218,2,0.6787401467392907,0.3,500.0,431.0718860262482,BATCH_1251
173.46163779247888,6.450741003910703,2242.915635725876,0.6040416692634996,34.91214463562557,1.8211573227367612,62.3946522526388,2,0.6632311377354791,0.46108232265003674,462.8399082399776,370.0917412905216,BATCH_1252
175.0371584405101,2.054835151122101,708.0576655201808,1.8175108238607895,38.249315269127905,1.8763005454178532,28.20427339761634,2,0.7707109453167649,0.5371374501635406,303.82157445776556,456.11057103878744,BATCH_1253
287.1130574457943,4.034859180091768,2657.3990582825463,0.7092592339992212,66.24887129985927,5.798957010602799,43.60446028960264,1,0.7420483861592247,0.3,498.9021623069787,486.83006977419876,BATCH_1254
236.06117897989253,2.2855776833289867,1701.3998520906703,1.1494422255654555,39.63327098968723,4.012141264296239,29.99893753700323,1,0.6593715139184825,0.3,380.92087421175034,408.5996433826256,BATCH_1255
190.10494534006733,7.22866282321932,671.8847660562187,0.19596419458133604,34.53175352078853,2.403673086902357,68.44515529170582,1,0.8811045921250875,0.5862003280836445,295.2884143272197,480.0809821727991,BATCH_1256
248.31890934828738,2.8562690245253735,1874.2931379082777,0.18337406790061284,30.143464948022345,4.441161827190058,34.43764796853068,2,0.7680714090871139,0.3225554386104497,342.55577551034145,418.6365874589657,BATCH_1257
162.84178741502683,4.526734358692234,1542.9106974392553,1.4687091041911855,66.49150413091735,1.4494625595259385,47.43015612316182,2,0.7087932631209789,0.5131835608070141,402.4120370353232,353.84964432724934,BATCH_1258
266.39428038287974,9.061072998569008,2694.3735121565624,0.9445119581578029,27.782375479401615,5.073799813400791,82.6972344333145,1,0.7803927870520039,0.4467835615713273,500.0,337.1497844356475,BATCH_1259
203.79868088701954,2.8388474505907326,1009.9865090234684,0.5869555132015134,47.225225615021216,2.8829538310456835,34.30214683792792,1,0.7465265165526085,0.3904883403836372,302.3496902461779,316.7498073756509,BATCH_1260
309.51182012743766,5.570245575629012,2566.1615237304572,0.46178564244732934,50.41580696463166,6.582913704460317,55.54635447711454,2,0.8179039714839536,0.35464765371613516,500.0,263.4573049769923,BATCH_1261
212.07239178471474,4.7734449504941985,1894.2217279636318,1.3729116326325144,61.24339476114287,3.1725337124650164,49.349016281621545,3,0.8221662323308991,0.4664272472138123,480.53566049130256,241.1626797733956,BATCH_1262
241.04402981636025,1.1631163694115676,636.5257580336727,0.10076293364814576,57.99700893997973,4.186541043572609,21.26868287320108,1,0.7357640887695169,0.43777482447165234,193.1033246664958,166.31377502963966,BATCH_1263
152.32410798162013,8.134823022155315,2929.6132533137115,1.631193221474023,68.64324037671048,1.0813437793567044,75.4930679500969,2,0.6857323328807117,0.424640024701099,500.0,175.17701415341787,BATCH_1264
164.48937755891177,1.6214131568313976,1781.5381102579997,0.25057425164686475,22.68508603557429,1.507128214561912,24.83321344202198,2,0.6119831569677504,0.39458404812995984,283.4202210398951,112.69969114949069,BATCH_1265
228.49871128133697,5.268295188792583,1227.1921355789564,0.46383026832542695,37.78644348676383,3.747454894846794,53.19785146838675,3,0.8823524623704111,0.5867775139179008,369.04768950798575,146.66321815953899,BATCH_1266
245.9877669434247,6.0461046544505495,1673.5171049731453,0.8338491510682702,36.80804712652278,4.3595718430198644,59.2474806457265,2,0.8059112623906405,0.49008952152193197,440.35887453888176,127.99389681269416,BATCH_1267
270.00410962386076,6.655838109531284,2644.6444587937226,1.0212316054605968,28.761014335526493,5.200143836835126,63.989851963021096,2,0.7694834168332957,0.39251042789707,500.0,148.03029115464244,BATCH_1268
208.33251574186065,7.197684663770881,1262.2578109626588,0.7744907200464894,37.35069523138659,3.0416380509651226,68.20421405155129,1,0.8383883793965786,0.5575419801223884,423.41716087477135,231.01677807832763,BATCH_1269
288.9963772253085,3.2794514517044355,981.6909912167507,0.7093531134701584,38.58591884857421,5.864873202885798,37.72906684659006,1,0.8587894305798853,0.41276498004853246,348.5164856240708,257.73930361782504,BATCH_1270
322.0244794378409,1.0898089899260444,822.6781173272036,1.931440422939058,51.3130677156487,7.020856780324432,20.698514366091455,3,0.9462805534774008,0.4851724106132287,417.6064277725705,279.4512868618351,BATCH_1271
305.97019777866996,7.510992961194208,1244.648495975528,1.3190013943624492,59.82226873557536,6.458956922253448,70.64105636484385,3,0.9738487943843346,0.7417643085848329,476.7985106166142,267.2306170598217,BATCH_1272
157.92376506967142,5.820909394128208,2450.120217600109,0.1445226151980376,42.86603081670884,1.2773317774385,57.495961954330504,2,0.6688400820533829,0.4088071916334594,446.2491319090149,329.33060327453444,BATCH_1273
246.1013894515658,8.52505932886524,1679.0659129881542,0.917334226044195,63.168213878802874,4.363548630804803,78.52823922450742,1,0.8686702339891937,0.4841303451517651,499.28298361080084,411.3929309993696,BATCH_1274
170.98603568363498,8.392495266106248,1068.70400923385,1.7625165295135434,40.1699203147748,1.734511248927224,77.4971854030486,3,0.907591127676249,0.8213980376743854,494.81712175372616,410.31752458718137,BATCH_1275
198.4090031725055,8.58993551009095,915.4624990243731,0.6727667541802691,37.41702063888562,2.6943151110376924,79.03283174515182,3,1.0,0.8446527322399673,372.05210828058597,499.48369676711445,BATCH_1276
347.3325186534293,5.365851939815862,1331.8236912759478,0.27965705507133765,52.47128335142146,7.906638152870025,53.95662619856781,3,1.0,0.6153814371913586,372.9968072228408,456.6884091251907,BATCH_1277
178.49910858030265,4.002655562531791,2849.8109322142723,1.5409310660208437,21.422981618347436,1.9974688003105925,43.3539877085806,2,0.6363288187484977,0.3,500.0,455.76147349470097,BATCH_1278
249.77763069027122,8.124023823322329,1357.566781475061,1.2514262806785545,24.78734741804002,4.492217074159493,75.40907418139591,1,0.844379270712638,0.5755726645303566,494.4578884948533,435.6153800172853,BATCH_1279
273.6311468636238,5.061647017263295,2970.3101898865884,1.1835937648703574,45.07817261519162,5.327090140226834,51.590587912047845,3,0.7912454991614312,0.31793828826700066,500.0,433.91003771113384,BATCH_1280
290.49299410882077,2.6509797676309104,1713.0761394133904,0.20179546325407505,76.57476268350538,5.917254793808728,32.840953748240416,1,0.7518924032169516,0.3,359.52920945107184,401.4919220865703,BATCH_1281
261.92973669738285,8.69476617605327,947.9097957253772,0.3669481186114829,63.29070679060542,4.9175407844083985,79.8481813693032,3,1.0,0.7109590957033421,412.62097970047444,396.24326030065475,BATCH_1282
151.95416948383672,8.943038890951126,2727.8502294837735,1.2828438528049162,25.287594170033465,1.0683959319342855,81.77919137406431,3,0.7912879984479949,0.5747766482678729,500.0,367.52392626921926,BATCH_1283
215.2922616487984,5.196787805261531,1650.8884328370673,0.494865298771788,70.77908076685242,3.2852291577079433,52.64168292981191,1,0.7135772593118253,0.33311542082582507,415.74792946267286,276.42031618476403,BATCH_1284
253.5423286769423,1.6812975457880872,2274.178358761311,1.0577331515220063,63.93804623649086,4.6239815036929794,25.29898091168512,1,0.6152970222850658,0.3,448.13965339241327,221.2401546278897,BATCH_1285
167.57329982896667,4.490434809252381,2959.2789580228796,1.1352752034558475,56.65679154215919,1.6150654940138334,47.14782629418519,1,0.5155535181790851,0.3,500.0,169.91383880690105,BATCH_1286
220.12538624183617,8.231838935163431,625.438375799935,0.6386636615147848,69.21757763655064,3.454388518464265,76.24763616238224,2,0.9499668346884864,0.7389557451646739,383.26824209216267,209.1737226293932,BATCH_1287
156.6406217582733,9.115966256916058,741.7363994689179,1.9020077955288364,44.24659086457743,1.232421761539566,83.124181998236,3,0.8965200367538649,0.8192510938274622,461.9004628088256,136.99519124712094,BATCH_1288
165.71569943100414,2.8312546824783626,2301.1418536568904,1.7006818029875928,33.290063051231165,1.5500494800851452,34.24309197483171,2,0.5736627269994456,0.3,500.0,90.52440826806647,BATCH_1289
229.3846552403192,1.6027625082274437,1204.56250823868,1.4725096645023172,50.72140334652556,3.7784629334111726,24.688152841769007,1,0.7267322628817027,0.3794976417789645,381.70291673104055,161.65735813592892,BATCH_1290
176.54315080861207,8.896154078195547,960.7534923752477,0.24818834617787727,52.93050533560843,1.9290102783014225,81.41453171929871,3,1.0,0.7034472884788032,369.9939214396361,229.90111157962298,BATCH_1291
263.5081696523116,4.504644450809877,598.4046995493237,0.30164703668713694,52.29958232059472,4.972785937830907,47.25834572852127,2,0.9055465553583665,0.6576096391537354,251.3505990869402,169.91406208613705,BATCH_1292
287.89299382745315,5.87584867840807,554.6167799655045,1.0362845571434158,53.90442748880632,5.82625478396086,57.92326749872943,3,1.0,0.7599447597428898,350.37078147814685,219.0887060555675,BATCH_1293
310.1173398218166,9.71259230845683,2436.2140077994773,0.4053553634628728,76.92229509435086,6.60410689376358,87.76460684355312,2,0.9119269461234221,0.48511006713355553,500.0,227.45488075642854,BATCH_1294
190.03004884896202,1.5990825512280056,836.083568423875,1.9587043807060007,74.13473738577389,2.4010517097136708,24.6595309539956,1,0.7021583248038779,0.3348726237844272,343.76003513592207,258.21045363888237,BATCH_1295
183.49651645181396,6.83486206706886,1669.3015399278772,0.4011884446520779,72.54302219353636,2.172378075813488,65.38226052164669,2,0.814221929088594,0.6035717927073799,408.6398546885985,327.572294489629,BATCH_1296
170.91356806688006,1.6669488031738036,2014.7420379487075,1.0261888873815506,68.08500865451762,1.7319748823408019,25.187379580240695,3,0.6843649447687999,0.32590531701118813,395.61040591473306,330.11462043971585,BATCH_1297
277.28604990872736,4.379220356198504,1570.8795014221157,0.7918300079988603,76.60568643591712,5.455011746805457,46.28282499265502,3,0.8972218663410851,0.48964817932611937,423.01371830534987,383.0217694221557,BATCH_1298
291.29514529738026,8.234330906741022,567.7666308405828,1.3148342007627862,25.909678500764194,5.945330085408308,76.26701816354128,3,1.0,0.8816626778862081,440.2853153197666,415.7169513638624,BATCH_1299
156.3172289651284,4.90125009480071,2458.7537564697723,0.34516917688990734,35.907395686744366,1.2211030137794943,50.34305629289441,3,0.6875992167342694,0.4364443330454427,430.59491626367196,409.8610969583706,BATCH_1300
337.24244924873796,9.974641185126554,526.2830613541337,0.9176012132805427,49.703356739275094,7.553485723705829,89.80276477320653,1,1.0,0.7125543416014566,446.3740574514608,474.65014442945653,BATCH_1301
160.39425673029447,6.031533564519419,2404.7247359437097,0.6219395623335728,70.79206958740431,1.3637989855603068,59.134149946262156,2,0.6833981564443239,0.40362703835593905,487.3647821064184,444.7512072991377,BATCH_1302
258.2592670602141,3.8904593737235813,2733.2612344703066,1.7867278968762073,50.30994269136395,4.789074347107493,42.48135068451674,1,0.6447352009922759,0.3,500.0,422.21651915857586,BATCH_1303
291.81210389018327,2.981001933142778,1582.0998026429306,0.17711285305592067,64.88208436049533,5.963423636156415,35.40779281333272,1,0.7909594536487166,0.36375684960712823,337.77378352391963,445.99910587477905,BATCH_1304
324.19382474921713,4.154684808575457,1838.8561827444955,1.8360822386122726,28.337594314934975,7.096783866222599,44.53643740003133,1,0.7832249868474356,0.3693085981834077,500.0,379.11197772425174,BATCH_1305
292.81738642648554,4.352799463835957,1692.4584815441344,1.6826888632507009,35.14482877859361,5.998608524926994,46.07732916316856,3,0.8953221319007478,0.5377981215371004,498.9675200135119,375.8454347210737,BATCH_1306
310.3456166139583,1.6184230995156488,1473.021546558597,0.6653843612375493,63.906565702260345,6.612096581488543,24.809957440677266,3,0.8745987849802573,0.45756299766947744,336.2473987450462,338.5492868660588,BATCH_1307
217.89003850856122,4.326167794840958,2718.5613384259004,1.5996522438864988,29.884040533263445,3.3761513477996425,45.87019395987412,3,0.7695053543062557,0.43201429403018043,500.0,332.57686697494455,BATCH_1308
312.9650227493024,5.178146677653024,2734.8337766749764,0.15930576464362037,41.0813560792956,6.703775796225585,52.49669638174574,2,0.8119822011547633,0.31224586850301134,492.1474178096571,275.4180902210247,BATCH_1309
166.02296927693504,7.504639770149242,1339.5409116038363,1.9370445455574479,35.89197546881429,1.5608039246927259,70.59164265671632,3,0.8582016829892586,0.6447521115261742,500.0,224.2491912376484,BATCH_1310
328.9633312121055,6.910565362494472,2037.674385036745,1.1005303909205997,40.99170165334871,7.263716592423694,65.97106393051256,2,0.9286936766350641,0.5021831184103434,500.0,218.46697179802783,BATCH_1311
259.51847523074724,7.378890897062388,2817.2689053646604,0.676233949524346,62.49944294467822,4.833146633076153,69.6135958660408,3,0.8734210072133416,0.5489195255069895,500.0,211.80241590285814,BATCH_1312
313.45955399249874,1.0752731368917139,2905.146247353379,0.7889081039298864,42.07083086856806,6.721084389737456,20.585457731379996,3,0.7692876261326185,0.3,495.17071610020923,171.84543524719544,BATCH_1313
240.46365690366002,2.9590065962248246,1772.397601055119,0.22617017157494498,53.31579935647641,4.1662279916281015,35.23671797063752,1,0.7081625593390484,0.3,336.3254454878738,150.31057859530142,BATCH_1314
278.715539039305,6.955158595598708,1632.062013210817,1.9797640766798745,25.99591262326458,5.505043866375675,66.31790018798995,1,0.7978986629239091,0.48343804048238526,500.0,115.75603908613361,BATCH_1315
255.28053218722266,5.3559043136177245,1196.7357898213145,0.17465469578631565,68.30106159407767,4.684818626552793,53.8792557725823,1,0.784706345381611,0.46772971642948474,314.9616090031404,138.14277954007105,BATCH_1316
296.3179043510664,1.0478212810151135,2897.179682976025,1.3443235339809323,42.19331753888749,6.121126652287323,20.371943296784217,2,0.6763432142026466,0.3,500.0,184.777241691382,BATCH_1317
166.32599640611792,8.240451781886401,857.0357611821685,0.9411982626422707,58.912049542000545,1.571409874214127,76.31462497022756,2,0.8442868050844939,0.7578920749230315,388.6169908123934,206.7146339352203,BATCH_1318
162.07041679811277,7.955286159613037,1949.5739401193125,1.9029408145585587,63.52337609970996,1.4224645879339466,74.09667013032362,3,0.8096010856912651,0.7108488885144115,500.0,255.5680041450584,BATCH_1319
199.4206468020293,5.935772466942064,1206.3756687965972,0.5673995065829108,32.579655326702024,2.729722638071025,58.38934140954939,2,0.823325540384056,0.5788356150892137,365.3914168246747,301.6994977469059,BATCH_1320
181.90893602263768,1.598169931986449,1197.5207258694916,1.1109649654822216,73.080499097201,2.1168127607923184,24.65243280433905,3,0.7839614592235092,0.44747132355183156,293.7849141988984,354.7136393960742,BATCH_1321
324.35671331844037,7.8986354457932615,1512.421468440471,1.0164767963072305,56.973455096417176,7.102484966145412,73.65605346728093,2,0.9592207414172952,0.539458626068195,500.0,372.8850366582305,BATCH_1322
193.84279747160886,6.253422289582275,2996.9823395391363,1.4354462436951927,45.72350850508889,2.5344979115063104,60.859951141195474,2,0.6937477054149095,0.32507144402395427,500.0,420.66106649276577,BATCH_1323
345.17305116382624,8.037639794421633,637.4157670995552,0.22921944070959896,30.940111014693173,7.8310567907339195,74.73719840105714,2,1.0,0.7822287206730028,374.1183985201576,431.8380430119683,BATCH_1324
217.37915835422137,7.765722931562564,1946.3545455088286,0.46819934704437416,76.5380562740724,3.358270542397748,72.62228946770884,1,0.7077212563541503,0.4701649753720353,470.8508310688845,385.6248769527439,BATCH_1325
186.42358313773985,8.227018647620534,706.4303950881929,0.5076731581764147,65.3040922478975,2.274825409820895,76.21014503704859,2,0.8662694626685324,0.7349900122852598,340.77915750521885,421.81993818543737,BATCH_1326
307.9397014284958,5.6620725976416235,886.3020749762975,1.5024864341992104,32.481473763994934,6.527889549997354,56.26056464832374,1,0.8959543607115761,0.5047866459236018,440.6165047826035,440.5662472717114,BATCH_1327
281.7415551001752,2.262920663741635,1598.9073544322466,0.4593635230208061,40.262646483453466,5.610954428506133,29.82271627354605,1,0.7127965377351949,0.3,355.14160138371193,393.6129682824311,BATCH_1328
249.6391432906278,7.040417260417198,1776.1503283661032,1.1896343513928558,68.5804554852844,4.487370015171972,66.98102313657822,2,0.8663533241295696,0.5618726194809709,482.26439093791913,424.06387907787126,BATCH_1329
261.07271018752624,6.584264065467735,1146.98102091131,0.508963258951812,61.74065979292034,4.8875448565634185,63.43316495363794,3,0.9969220347942872,0.7216695364869167,377.89448012207345,420.92252497031353,BATCH_1330
293.84035565445276,7.6802786847917845,1291.1428271860404,1.737087405159559,65.94705756294346,6.034412447905847,71.9577231039361,3,1.0,0.6442879999741451,500.0,375.3857123163075,BATCH_1331
195.69094826625974,2.5289290544566176,717.4175506398326,1.8901523635303132,46.47206613277594,2.599183189319091,31.89167042355147,3,0.8324728391762993,0.6554392786490097,353.36691621414576,293.5967138720942,BATCH_1332
349.2667832113484,2.754776799102603,1258.0494596106264,1.0851366523902568,62.98857575853001,7.974337412397194,33.648263993020244,2,0.9484401465300489,0.46249674985926736,415.3544533472141,305.8989273401196,BATCH_1333
344.9586324293566,9.013685654973957,2916.39609845136,0.7693868799974387,43.18962337183483,7.823552135027482,82.32866620535299,3,0.9463806813687903,0.5701677020648926,500.0,229.4600237160689,BATCH_1334
280.0651372693874,7.749800186068637,2861.768454181204,0.5447097725332484,32.67577501629179,5.552279804428558,72.49844589164496,1,0.7460070855227228,0.3,500.0,183.8214036884803,BATCH_1335
189.908490185829,9.174056398302906,1337.1957253424625,0.19458390289378316,57.9606220904816,2.396797156504016,83.57599420902261,3,0.8980118802182618,0.7026676460271262,399.04737263714895,151.69410952610366,BATCH_1336
286.0456484862583,7.8284378904752865,1927.134840696904,0.6101501447752412,78.56083553592765,5.761597697019039,73.11007248147445,2,0.879369528445368,0.5305213639121448,493.68731657983767,146.03703546199657,BATCH_1337
164.43968179583516,6.374397753912717,2773.988477777361,1.343047981896104,38.63605828371978,1.505388862854231,61.80087141932113,3,0.7083632540956637,0.4530174625058094,500.0,138.35469544376315,BATCH_1338
156.13050044116122,6.887194633250863,515.4595566022417,1.1138721694875007,47.65817553275238,1.2145675154406423,65.78929159195116,1,0.8077501152492639,0.7034819573864981,352.1073303384675,160.2236127279044,BATCH_1339
201.53657770224274,9.00215131546009,2526.7089258439796,1.893678428733762,60.44008226419122,2.8037802195784955,82.2389546758007,2,0.7842601093754221,0.5204315910550118,500.0,174.91340886382653,BATCH_1340
242.52459134786326,6.209260790607464,2870.9238819722973,0.852926798734231,52.490376927349274,4.238360697175214,60.51647281583584,3,0.7871272772068312,0.4022365307108533,500.0,194.02536342662214,BATCH_1341
323.65450108167613,6.691521918955487,728.3143358338926,1.4183403504239496,70.60566774254295,7.077907537858664,64.26739270298711,2,1.0,0.6310350448332159,415.37964192472657,238.10814509238648,BATCH_1342
295.4338139532616,2.408290444032405,903.6192150823026,1.0297132202027306,65.70456238817096,6.090183488364156,30.95337012025204,2,0.9070294738709158,0.5284239912476809,323.3865529421053,296.8965314782089,BATCH_1343
298.5413042399962,5.265290981044925,2901.8657569283887,1.0738948102560022,23.497832231741423,6.198945648399867,53.17448540812719,2,0.8001844873698634,0.3,500.0,328.4866240632377,BATCH_1344
235.09866688961506,7.44757400762289,1843.8503591008657,0.6087711977478232,79.90527403542644,3.9784533411365275,70.14779783706692,3,0.8419951792605067,0.6793001775110976,496.9456403874464,294.275917711872,BATCH_1345
219.1869985093926,3.4384842848472887,535.4915861793093,0.9644064759997993,65.14414722316803,3.4215449478287403,38.96598888214558,2,0.7684997232649349,0.5631308204995712,279.5647773018577,298.3823659529418,BATCH_1346
224.20775259692056,2.820287624720814,1144.079996908823,0.9944914943241437,71.83419897764679,3.597271340892219,34.157792636717446,3,0.8671167026758093,0.6028002465519777,303.32713303838847,434.09561451516157,BATCH_1347
347.5299127472116,3.82444127401974,1624.8591856721491,1.4426207913229745,59.071862725720784,7.913546946152405,41.967876575709084,1,0.8030236424213719,0.3732677566300943,453.53654321205295,388.89744961520046,BATCH_1348
158.0218382824965,3.173505651935501,2232.2722775619195,1.8872159984536163,71.37710768280573,1.2807643398873774,36.90504395949834,3,0.6861672070594725,0.3842045585855055,500.0,438.14591188657863,BATCH_1349
323.4062992244897,2.934213733327563,2332.900945341999,0.725710427216758,26.742978495722564,7.06922047285714,35.04388459254771,1,0.7103551074819002,0.3,479.9299709435118,414.8966092182192,BATCH_1350
265.73508171447867,4.823657585812782,2988.55378231364,0.18018089030446705,40.86427013355893,5.050727860006754,49.739559000766086,3,0.7190645177182425,0.32677841256294127,500.0,390.82946081596003,BATCH_1351
237.7230838379181,9.170546624951808,1218.7779984593976,1.0429607384512154,72.58525661626956,4.070307934327133,83.5486959718474,2,0.9398756583063461,0.712059447785337,481.9422223513593,446.1476924138096,BATCH_1352
295.05153208302727,5.563536820648465,1845.5502546711882,1.1344765310834204,32.09931267601353,6.076803622905955,55.49417527171028,3,0.9314529029313808,0.5437245980065819,500.0,428.8406719870668,BATCH_1353
247.33378828494057,2.691283427337907,1833.3088696490124,0.42003704715063894,24.694525914801364,4.40668258997292,33.15442665707261,2,0.7371994352379762,0.32702334651526305,356.7324768723828,357.7046879782038,BATCH_1354
324.6846476163321,1.6927450244278668,1514.1131486180939,1.5448827519245267,67.28713639671314,7.113962666571624,25.388016856661185,1,0.7096792274510946,0.3,443.4201205104475,261.0915880010274,BATCH_1355
330.1403728022517,7.265405306241327,922.9047346060505,1.971365306038834,70.12916933859776,7.304913048078809,68.73093015965478,3,1.0,0.7483620217961323,493.87671127393014,283.61266655242923,BATCH_1356
234.34418537469108,4.445188879927491,2943.6414079596066,1.896971962316076,29.759133091394038,3.952046488114188,46.79591351054715,2,0.6995107704985488,0.3,500.0,272.93126339670056,BATCH_1357
205.3655594470103,8.396478519268234,2633.292966666465,0.4745014737649391,71.26075896696292,2.937794580645361,77.52816626097515,1,0.668264345435834,0.3909736108964541,500.0,180.6326529367771,BATCH_1358
268.47006571867246,6.935596917766931,1745.832570735593,1.7631901558114453,61.206067735830175,5.146452300153536,66.16575380485392,1,0.8230161960085383,0.40976503442525836,500.0,199.43478041539845,BATCH_1359
332.47266912333816,8.166173054872317,2008.1135567100746,1.438537909182201,51.204960992995034,7.386543419316837,75.73690153789579,3,0.9846877502087886,0.571334178054738,500.0,169.6368939571436,BATCH_1360
192.1324378011333,3.4475143547660387,1068.1526338991557,0.9623084712331319,69.8150115668831,2.4746353230396663,39.03622275929141,1,0.7430092591725543,0.3474644448271553,329.20810379768136,172.48987104467167,BATCH_1361
274.59331671269655,7.231230302149523,1859.4676759793672,1.127160889216985,45.154954959137946,5.3607660849443795,68.46512457227408,2,0.8740479197297621,0.4516497715497497,500.0,153.58741105242459,BATCH_1362
276.31204401850414,3.376557862243469,2237.4253328036893,1.7142403324666704,31.639637373403833,5.420921540647644,38.48433892856032,1,0.6856571064126316,0.3,500.0,125.91905783019227,BATCH_1363
296.6226044830562,9.451616315052624,1787.9175709664719,1.012256385312909,37.09116059663682,6.131791156906967,85.7347935615204,1,0.9285186701567257,0.5121254938574116,500.0,205.99333448226372,BATCH_1364
176.31353702545195,6.7273685338003695,2975.712926462353,0.809094001299741,50.30984109759889,1.9209737958908186,64.5461997073362,2,0.6680479863936619,0.41450442506839086,500.0,189.17809563120832,BATCH_1365
293.1649929364177,3.920606201578079,2028.3541406193156,1.037170236749373,51.879847560390544,6.01077475277462,42.71582601227395,1,0.7584896495331362,0.3,494.77733918817296,224.1808638147026,BATCH_1366
331.8065041331282,3.425606760630454,1427.4342814804227,1.2003466276665933,68.33484958647402,7.363227644659487,38.865830360459086,1,0.8081258580551076,0.3673240138309533,426.36117892710365,233.17910446241964,BATCH_1367
185.93662177404838,2.718339265644792,2430.3800690395956,0.45924754217886277,67.48116341914007,2.257781762091694,33.36486095501505,1,0.5825745340280313,0.3,399.389121426426,286.7015324642494,BATCH_1368
197.50866498477552,7.25176863004355,926.1562789541051,1.8117246875072823,54.88199343227449,2.6628032744671435,68.62486712256094,1,0.7919074538485112,0.5894435012183228,483.0511131681968,312.2787753445755,BATCH_1369
344.2790188083279,2.968440516981346,1461.2895342656664,1.3809552027762664,66.84712900192858,7.799765658291477,35.31009290985491,2,0.8815562846089989,0.41425929598038486,425.33813856797116,369.81161820229494,BATCH_1370
186.19539054189795,6.357729393347402,1367.3973759439646,1.3032109429412289,31.50640749762026,2.2668386689664284,61.67122861492423,1,0.8053094427375992,0.4354347861390567,423.93578087582756,457.41727158225143,BATCH_1371
320.8770186739158,3.381715242328216,1579.517737769443,0.2890428297432125,23.00387162559766,6.980695653587054,38.52445188477502,2,0.8209928702109839,0.47373170068962706,352.0731566658077,388.746776279725,BATCH_1372
248.45557128960695,6.9577205031448175,2454.449564821816,1.2479304825279245,72.41802935808201,4.4459449951362435,66.3378261355708,1,0.6928471742304559,0.4158095617000971,500.0,396.48203200705615,BATCH_1373
199.4462148806354,8.334457556864852,1710.4325804085186,0.32982525825313547,24.533269625766174,2.730617520822239,77.04578099783774,1,0.8234358694100593,0.4413576701630034,447.89907949118606,494.13510982480824,BATCH_1374
324.1499802545023,8.002227188301879,2485.0361256649066,0.2495255828712582,34.80130578463984,7.095249308907579,74.46176702012572,1,0.8291119236527914,0.33859227261543745,500.0,438.6091636288055,BATCH_1375
239.0610510005331,7.847661978377036,1941.2222578496646,1.1018907017205473,61.71913697746307,4.117136785018658,73.25959316515471,1,0.7706443277803032,0.4439222134532436,500.0,409.8316284078701,BATCH_1376
252.96347078593806,2.6895016512302687,1355.1735866438885,0.8652925146883403,44.56687625763855,4.603721477507831,33.140568398457646,2,0.8295367575009146,0.3838452921992973,320.82652082612833,437.263157799866,BATCH_1377
221.84667387995313,1.7954645228606685,2524.9468592086814,1.2187395132968242,72.57883819493053,3.51463358579836,26.18694628891631,2,0.637591749408366,0.3,480.18050713667736,356.83153380790225,BATCH_1378
268.5901702869855,7.290539456386471,1095.724176382729,0.26952211930875336,37.87878767973617,5.150655960044492,68.92641799411699,2,0.9815233167105046,0.6111425754169111,370.094577322564,393.60314817178585,BATCH_1379
182.70477451700455,4.315124924149162,1060.9574494994886,0.9188678194097909,20.712280800161558,2.1446671080951596,45.78430496560459,3,0.8544684531802067,0.6963801501153639,328.5581128333354,320.33777614017646,BATCH_1380
228.21630733035215,4.891116037630126,1761.2573101370895,0.43209475858580015,38.039338433644645,3.737570756562325,50.26423584823431,1,0.7205007010276165,0.41475452649435196,386.5947580949906,246.53980099025623,BATCH_1381
343.8824644670575,1.2803418351405196,1152.1231149052223,1.9754901632558215,54.6845029510899,7.785886256347013,22.180436495537375,1,0.8920386983754153,0.3265866764671921,413.08567875514893,289.71924639796885,BATCH_1382
201.6266865402255,3.3361880434754427,522.7175873780408,1.1661854036268313,42.556302524197605,2.806934028907893,38.170351449253445,2,0.8083615927293909,0.6135235696723504,315.62756470559015,175.76253513191386,BATCH_1383
281.3473329082584,1.303087634870176,2120.743818247004,1.4061300357876478,52.092365345525316,5.597156651789046,22.35734827121248,3,0.8100124413061808,0.37791118559330417,469.2325638082147,192.3590505926143,BATCH_1384
215.03801284493898,8.912671953411229,1777.734553680995,0.7182947332969548,72.59588713010112,3.276330449572864,81.54300408208734,1,0.8100514650308788,0.49849693783595767,496.6017172741697,164.08990346883462,BATCH_1385
304.69462513732014,3.190570148966774,1613.794536232903,0.28000393808075386,74.74910325382211,6.414311879806204,37.03776782529714,2,0.8784547038999874,0.37047096890987163,381.9995267344532,189.05223868196396,BATCH_1386
176.17473214366996,6.016034526157073,2917.4212865457885,1.9541546392887197,35.95844387924673,1.9161156250284488,59.01360187011056,1,0.6599470556449539,0.3,500.0,201.95646195844367,BATCH_1387
343.96420901570895,1.3508138859501737,1927.9979599072842,0.643892167228048,47.72842839619405,7.788747315549813,22.728552446279128,1,0.7677007744141027,0.3,379.25434327350996,171.0563139043089,BATCH_1388
240.75790827672785,7.001626521750922,2658.5789444734614,0.905235551829791,52.94864091448707,4.176526789685475,66.67931739139607,2,0.7455015870434838,0.40017216123209787,500.0,171.33144671162964,BATCH_1389
197.2100926692928,3.907246111786845,848.6255905129004,1.3347414512348925,76.94674741329482,2.6523532434252477,42.61191420278657,2,0.8212641319521712,0.4826858731493579,335.81911171822156,238.79916428817128,BATCH_1390
164.69934946600253,9.081272682618993,1923.0161578235693,0.14692486560361145,79.91703914986309,1.5144772313100887,82.8543430870366,1,0.7221520493999336,0.47370631400361396,453.25130889669794,240.84568214205746,BATCH_1391
183.95158101750815,8.993063700406323,2669.9490668272574,1.6394923479828452,34.1244349304916,2.1883053356127853,82.1682732253825,1,0.7606185471052527,0.38739009155904885,500.0,360.40161742579016,BATCH_1392
253.95478971120355,3.92761556525573,1957.764393199745,1.1194985610543786,63.61879228074893,4.638417639892124,42.77034328532234,2,0.7799820094928207,0.3771604332736167,462.51294057425883,342.9189166978615,BATCH_1393
217.40063528625726,9.108648061214211,2295.035445317504,0.6286126554307621,42.681863733991705,3.359022235019004,83.06726269833275,1,0.7550111143457778,0.5299826837656304,500.0,364.040353460639,BATCH_1394
315.77667317652185,9.96541906148901,1430.1089195305185,0.21705517205569158,20.486491813172794,6.802183561178266,89.73103714491452,1,0.9562167500198079,0.5586993300990349,489.75284369828034,411.6064263539261,BATCH_1395
236.17750473236117,8.428740977115533,731.1237925926665,0.4087469894014387,20.55515134615414,4.016212665632642,77.77909648867637,2,0.9058486321813677,0.759450483227917,368.14349738360386,389.4900218817732,BATCH_1396
199.74285451752598,8.60384212979706,1644.7507378176786,1.80056433182153,47.63396045373534,2.7409999081134093,79.14099434286604,1,0.7610912169327334,0.58855688537481,500.0,415.74045278803794,BATCH_1397
273.428997320806,3.2410786249818093,1486.198477097144,1.4034460254781929,49.30009478026008,5.32001490622821,37.430611527636295,1,0.8053671088910033,0.43508127589052176,400.52581864603735,486.0124172383328,BATCH_1398
291.35544337708916,6.190321589719807,2667.6504559473683,0.5748132711100907,21.35418179440656,5.947440518198121,60.36916792004294,3,0.8320430103265539,0.425522374280751,500.0,425.18204557421825,BATCH_1399
183.40838158018997,1.6053032257063107,1109.9882558811805,0.2246414533955561,61.215645006458146,2.169293355306649,24.707913977715748,2,0.6953080561433634,0.4366985096152097,214.95266132819236,398.496481087211,BATCH_1400
183.52384325766354,1.8542614313950274,2916.83556883777,1.412169093534609,37.640203315697185,2.1733345140182236,26.64425557751688,3,0.6533618089543611,0.3,500.0,422.1655997538046,BATCH_1401
157.3342853867086,9.990033508299616,2895.3452995112402,1.1875746793387538,53.59358609215696,1.256699988534801,89.92248284233034,3,0.8110784562316916,0.5631298885470973,500.0,410.57112463988614,BATCH_1402
297.2804030131281,3.9397532448331987,1119.0791076785968,0.8685870964706465,38.055144389925125,6.154814105459484,42.86474745981377,3,0.9581177386154563,0.5825080630977071,373.10448853060893,360.39145608533295,BATCH_1403
282.760905524361,7.733655208439617,1370.1298886933014,0.7908617534611212,30.02805889215843,5.646631693352636,72.37287384341926,1,0.9077050491718637,0.5537839014931029,448.6482505518488,329.8814305741761,BATCH_1404
244.92617514996277,8.259985477241347,2738.8893521847126,0.5119471242653058,44.43042431593251,4.322416130248698,76.46655371187715,1,0.7183108838629289,0.3,500.0,238.47329057753842,BATCH_1405
318.83408979383944,8.722209439065063,2916.5555522402688,1.3722613874212835,33.936401887430044,6.90919314278438,80.06162897050604,3,0.8672995143936639,0.530107591618995,500.0,182.34567999775123,BATCH_1406
311.13403059001064,9.978654676619408,1608.59775709011,1.944269252808354,52.08805861515008,6.639691070650372,89.83398081815096,3,1.0,0.752927356673717,500.0,238.97399238068087,BATCH_1407
267.0708728793504,3.1734683673118105,1302.4926141022445,0.43385896708996907,31.929711817188796,5.097480550777265,36.90475396798075,3,0.866660435932143,0.5202508818534365,326.322891338987,160.41579426707264,BATCH_1408
323.65425610265174,1.3631574417372974,1815.235033128855,1.2345215780294565,50.504358598677626,7.07789896359281,22.82455788017898,1,0.7481736117934379,0.30371202226034894,445.105617189746,147.5861355629893,BATCH_1409
191.16824200735365,4.700723661951274,2219.423015914337,0.9059516059173547,29.442710892132055,2.4408884702573777,48.78340625962102,3,0.797474698228704,0.4240062181593325,454.9438126999808,189.84582425547174,BATCH_1410
172.3839238795456,2.1707260284605225,1183.6862884374495,0.9487085713148632,60.2584825691471,1.7834373357840951,29.105646888026286,3,0.7877904416557799,0.49185225161191276,297.66056864988667,171.79802633865705,BATCH_1411
203.94992230339793,1.2018330024584962,2341.182936547682,0.5828798322428473,65.23626106648544,2.8882472806189274,21.569812241343858,2,0.6543685805912015,0.3,372.20501128998757,183.77282259478253,BATCH_1412
161.41737121786298,4.243841444273375,629.1433927866026,1.6677562637566963,26.623654054996027,1.3996079926252039,45.229877899904025,2,0.8609127990274349,0.5584954283875355,358.35035816631165,258.8840531690514,BATCH_1413
256.2339056002064,8.053644259677128,623.2362319110412,1.0219856478797582,48.06814472224035,4.7181866960072245,74.86167757526655,1,0.8981423453294615,0.638818341772215,391.6957598151724,205.69445308859068,BATCH_1414
337.3211384589923,6.095626221025638,1465.7192628638632,1.1324711191767018,24.252302039292417,7.556239846064731,59.63264838575496,2,0.9698113256928331,0.5324243355619613,494.3134701879102,289.01234707705464,BATCH_1415
157.86870813370194,3.8150019028931865,1383.6829801518015,0.6790457343149189,55.89094673252014,1.2754047846795675,41.894459244724786,2,0.725184501526334,0.49554922848603566,326.00925669999367,301.7103937469178,BATCH_1416
174.42198280200535,6.889078049434477,1289.0830384178807,0.44543608476720453,35.86425787577872,1.8547693980701876,65.80394038449037,2,0.8171346690831621,0.6039693464539024,341.2329960941816,346.8806251312739,BATCH_1417
240.43980565668704,3.0881636227792963,1727.549406672275,0.26322973758535895,51.65746741032247,4.165393197984047,36.24127262161675,1,0.7598531783708669,0.3,338.67581309268564,420.8540527923754,BATCH_1418
336.77500350558097,1.1294330146487652,1301.8339557789282,1.4568263677573403,51.04766056305747,7.537125122695334,21.00670122504595,2,0.8704520200249308,0.34847167023330294,377.002793302966,421.3010898666713,BATCH_1419
213.2312209953501,7.8791804779278465,980.6447961702298,0.4728451352069256,75.46126077162802,3.2130927348372538,73.50473705054992,1,0.8585121292317777,0.5761327884987265,376.1151681957416,446.0526929391515,BATCH_1420
251.4469617376785,6.613687763776082,1273.6738727215024,1.4111431729587156,52.944993354123376,4.550643660818747,63.662015940480636,3,0.964002027314774,0.664170156985256,450.1829169574393,477.06409406265516,BATCH_1421
158.3145718100784,7.86072362050864,2937.2606820255874,0.8417152474892123,54.979908783098935,1.2910100133527447,73.3611837150672,2,0.6695996077719177,0.4032505626166911,500.0,439.05141811371345,BATCH_1422
179.66864019241777,1.3504421501889905,1527.7835424871214,0.8899721218803377,44.09918754586282,2.038402406734622,22.725661168136593,1,0.6092785097770578,0.3,320.00285316496974,419.7125839231908,BATCH_1423
347.3260245917694,8.53407665047587,1611.7819421458394,0.9914372425762662,76.94477619096901,7.906410860711929,78.59837394814565,2,0.9577207264089885,0.5401841082569163,500.0,398.55953474703546,BATCH_1424
343.0237392872091,6.57573580032673,1941.36247487785,0.798646165442332,66.63115456637658,7.755830875052319,63.36683400254123,3,0.9102387596222357,0.6081874382834629,500.0,347.0753194967083,BATCH_1425
150.98799618688193,6.070558156413761,2958.3519210355666,0.2911779567229211,37.12431741817049,1.0345798665408674,59.43767454988481,1,0.6474172195305217,0.3,500.0,436.6862138982087,BATCH_1426
340.3623570846478,6.621526433030784,1104.0031910894077,0.6883004390054069,70.65257514657392,7.662682497962673,63.72298336801721,1,0.9013763794864604,0.5883957200804312,424.22022659307095,305.72660579372535,BATCH_1427
277.8239875631001,8.779899221815278,2203.205276331085,1.361095285318483,45.9437816111054,5.473839564708502,80.51032728078549,1,0.8205279411853458,0.4698387780458917,500.0,293.36239129243165,BATCH_1428
323.58365890400444,6.282428559030164,2289.9617338543103,1.3649903627908548,69.72002861201564,7.075428061640155,61.08555545912349,3,0.9077308923795953,0.5459864355269014,500.0,252.87274423795768,BATCH_1429
240.94797112677182,6.228553418993614,2018.3110419826648,0.6438261837559892,69.37328409761012,4.183178989437014,60.66652659217255,3,0.863276357082304,0.5592477891214682,459.4493108174604,234.22220093426762,BATCH_1430
253.11920571585006,9.916112413591893,721.4458490916102,0.9741949904596071,31.332211205771262,4.6091722000547515,89.3475409946036,3,1.0,0.9323698578573864,435.2359707185955,218.40609919819747,BATCH_1431
247.76931605138404,7.810571503617112,2192.1806895689415,0.46754973322268123,62.06846788301461,4.421926061798441,72.97111169479976,1,0.8044204956090034,0.43691848047936876,500.0,195.91039408312642,BATCH_1432
283.3728515092209,4.980644249060218,660.2367775904387,0.49970695490668793,37.43857815839186,5.668049802822731,50.96056638157947,3,0.9626744711261219,0.6918507054116153,307.11641394394013,137.6188028995734,BATCH_1433
177.93025095126256,7.366573000296349,1990.3566238747424,0.14378946797255407,37.84956019956009,1.9775587832941903,69.51779000230493,2,0.7610195296336179,0.5999328452481886,437.96486224491883,144.98634858640764,BATCH_1434
155.9947179745356,4.503074245226096,2348.9529430543566,1.8038184448247148,37.78088461283484,1.2098151291087458,47.2461330184252,3,0.716617365949358,0.45944920852516824,500.0,163.58852457128984,BATCH_1435
211.58598831823818,3.059879162351491,1027.4247265498761,0.5003426636423218,63.53409485359689,3.1555095911383364,36.021282373844926,1,0.7331288596557716,0.42894247972691973,284.66694740199245,162.63545564682624,BATCH_1436
290.93615254732936,6.371666891989835,2604.055018856935,0.5323143661792803,33.78956250755216,5.932765339156527,61.77963138214316,2,0.8582654561591709,0.3272377274206421,500.0,242.1543501026164,BATCH_1437
190.37069042458967,9.353638883025564,575.8845138325107,0.6312427220257504,20.054350114765413,2.4129741648606386,84.9727468679766,3,0.9961019555276476,0.8269487525664648,374.4177666637533,239.7292485491471,BATCH_1438
284.6864866649835,9.362255680139164,2609.532159145765,0.34207533622131514,62.91421120895799,5.714027033274421,85.03976640108239,2,0.8852153611176,0.5054776274192213,500.0,283.2234768161089,BATCH_1439
343.9824092214541,4.077147502949413,1650.8226266069128,1.3145994780445893,30.271084630107516,7.789384322750893,43.933369467384324,2,0.9133459872119116,0.4378643012566143,470.6578475617279,319.88643806002443,BATCH_1440
168.78014315788369,5.749097195995255,1043.9698498291114,0.2427716110374145,26.26894371847008,1.6573050105259286,56.93742263551865,1,0.7854487148160197,0.4835267331028939,295.875236940344,374.0270724899411,BATCH_1441
284.5204236450253,2.904723087128751,834.44536248492,0.35498461002006554,34.25096723564361,5.708214827575884,34.81451289989028,2,0.8812899031499178,0.5145450681111958,264.26071627415195,380.4306467611079,BATCH_1442
238.75004386091422,9.960679985489952,2883.2679189559312,1.3250377805211764,42.794031339362235,4.106251535131998,89.69417766492184,2,0.7683972516155634,0.5395257776029634,500.0,367.16105873930485,BATCH_1443
323.6284508755011,9.830061170811422,681.6639689528918,0.7453551789147411,48.55437964839204,7.076995780642537,88.6782535507555,1,1.0,0.7489577713928557,456.500980012287,441.89444912024015,BATCH_1444
185.42995788947718,6.845580367367026,997.7335498398141,1.4451008707322592,22.67420244275785,2.2400485261317016,65.46562507952132,1,0.7729821744358777,0.5120277525315249,421.3651931818356,425.3481671296054,BATCH_1445
288.5251904452329,8.23972653709726,1369.555868582615,1.1591070148732698,78.23439995764163,5.848381665583152,76.30898417742313,1,0.8778967512480761,0.5516511875140055,482.71589940518135,434.1414995475073,BATCH_1446
317.62305792962206,7.4359014515533,2050.5871224028015,0.5864402288168749,62.963783205173485,6.866807027536772,70.05701128985899,2,0.9198850377311167,0.47049832885477244,500.0,462.47979450601457,BATCH_1447
338.92284389480466,6.338423971355214,1862.002713190246,1.3365731059297234,39.391643919460165,7.6122995363181625,61.52107533276278,2,0.9538795984096983,0.4727969730289346,500.0,467.0523027106773,BATCH_1448
286.64960565792916,1.4801319729000793,814.108731030785,0.32091999255647324,39.121835437123835,5.7827361980275205,23.73435978922284,2,0.8517616939355498,0.4400108626663108,223.41032293817563,406.7041644800604,BATCH_1449
249.43495280168545,5.092879082973949,1224.3199593455365,1.1191797278520579,46.91255296210756,4.480223348058991,51.833503978686274,1,0.8126119280914905,0.43641370268744073,401.9984553941748,384.2649903779707,BATCH_1450
273.5694480402428,7.073076719506695,1096.87942771506,0.9305813995855657,57.57468936578198,5.324930681408497,67.23504115171875,3,1.0,0.6614378767223988,430.50859168499636,389.88930510443606,BATCH_1451
323.78099689574367,7.097784524953162,1033.8571362258535,0.6089598073531375,28.782383995338066,7.082334891351028,67.42721297185793,2,0.9902507118813957,0.636951307164684,440.4504190228705,307.2225953846566,BATCH_1452
264.12194932776595,4.358103565801452,1527.8608411999676,1.2476094957050503,31.33578882589714,4.994268226471808,46.11858328956685,3,0.9571056467732094,0.5189894847939467,423.0779104832649,339.2276366600403,BATCH_1453
156.07741193936738,9.475227879922276,2260.078631479142,1.7555338254465367,71.56607497001306,1.212709417877858,85.91843906606213,1,0.731740968388428,0.35340245300834866,500.0,241.9652893689437,BATCH_1454
336.18973910139556,2.5062132901310292,1043.63233054309,1.9979189295498458,35.375295433344355,7.516640868548844,31.714992256574668,2,0.8500005356858944,0.5441489926814763,460.4797183109908,141.11110004734635,BATCH_1455
287.9053502063122,5.503235015940046,1416.6971992574536,1.2547492606125066,42.81169987851065,5.826687257220928,55.02516123508924,3,0.9572345232176528,0.6461720124554952,450.95141908963757,192.69643806547165,BATCH_1456
285.3026771554493,7.217955788957405,1477.2935671029056,0.8689411612254232,72.27631105700702,5.735593700440726,68.36187835855759,2,0.9229130591128483,0.5651633277303523,464.79699810897625,166.54587760312353,BATCH_1457
193.13503047954345,7.2742222530262834,2941.141323588525,0.527893490410783,59.788869763989354,2.50972606678402,68.79950641242664,2,0.7420207522754694,0.36357909551347833,500.0,188.69258262248238,BATCH_1458
281.77709404653143,6.83775061091934,2886.6658921976723,0.5884825698507123,40.502712760501296,5.612198291628601,65.40472697381709,2,0.8077942754272032,0.30715757714673214,500.0,175.30656659473874,BATCH_1459
228.7728811308317,3.4775939210667417,2500.3439568801896,1.0109644584845547,61.02197274347725,3.7570508395791093,39.270174941630216,3,0.7441435634822382,0.4291281962885573,487.4850895687653,165.9425099128221,BATCH_1460
280.2465954082984,2.4058591181795976,1104.147302047963,0.7978276324333475,21.180992922884823,5.558630839290444,30.934459808063536,1,0.7533030465193724,0.4449417515240478,337.83918152719605,157.20503573333335,BATCH_1461
171.31860606159813,6.723462941440398,670.0932852291742,1.836247592987394,64.13855960068192,1.746151212155935,64.51582287786977,2,0.8459097043534913,0.6883328707348337,432.19265897758294,218.729302281416,BATCH_1462
281.56906092060717,6.393719045254939,1292.2603443015619,0.7997613885458481,49.22096243097437,5.604917132221252,61.95114812976064,1,0.8305470006553022,0.5368579147709828,415.90905677181064,235.66152960834876,BATCH_1463
349.8827451541333,2.6142040926031687,1166.986373584577,0.8095447231763274,68.79092883706767,7.995896080394666,32.55492072024687,1,0.8413922136252888,0.3747381187209048,334.195381905184,282.58429650585714,BATCH_1464
159.6424077721112,7.34625231013507,1764.8145003659847,0.8287155736245562,77.2782591203881,1.3374842720238922,69.35974018993943,3,0.8330396460781522,0.5686075083397623,452.75991316035964,356.48020889799653,BATCH_1465
345.4348368442635,5.096547925602907,2444.3197751694825,1.6895783996985505,75.5473129696741,7.840219289549221,51.862039421355945,3,0.9519173484733051,0.41618929607281113,500.0,425.097135130536,BATCH_1466
231.38159214457414,7.009845324428376,2645.807347197145,1.3364978096091136,74.55590260732045,3.8483557250600944,66.7432414122207,1,0.7217540567520594,0.32212222365241006,500.0,417.9061630726674,BATCH_1467
324.1506900674518,8.536303717931357,2612.160213526271,1.2669208156058962,50.73019735603323,7.095274152360814,78.61569558391055,2,0.8500274554829217,0.44307253714087425,500.0,394.0273187066123,BATCH_1468
306.4770968116547,2.5275558571923087,1399.1889030576694,0.7348717425293381,41.60852684833628,6.476698388407915,31.88099000038462,3,0.9084311817574915,0.48078048344587127,365.89801223099835,458.2269539899636,BATCH_1469
263.4032521973336,1.17230381197153,2218.085858651707,1.654017935981635,47.902119483840366,4.969113826906675,21.340140759778567,2,0.745301404343997,0.3,499.99890737748257,485.89894459936954,BATCH_1470
297.68984185026534,8.011923277562081,1282.0854938105501,0.17289133657583217,61.393760198801644,6.1691444647592855,74.53718104770508,2,0.9370679807670815,0.6371379412523245,419.6957790403937,426.59538681377893,BATCH_1471
325.70311226026956,6.487276826373543,652.2638580879568,1.754514627442415,73.0398666122712,7.149608929109435,62.67881976068311,2,0.9992470251405166,0.6776448597101214,451.2286554477078,425.88329556748226,BATCH_1472
230.8280643302066,7.296756126599095,2253.9131640073556,1.0742248096084661,32.41917818000717,3.828982251557231,68.97476987354852,1,0.7468907795834759,0.34436267211077526,500.0,406.5066630198567,BATCH_1473
215.40663231264773,8.543394774897783,524.5688814244696,0.8566754462404843,75.09158950770218,3.289232130942671,78.67084824920498,2,0.9207620679041787,0.7459882630672371,372.20335528390217,351.4530506075301,BATCH_1474
283.51867711271694,8.225298413420504,1522.9564686462213,1.0446178333636027,68.91081391819336,5.673153698945093,76.19676543771504,1,0.895636540904745,0.4811569862636432,500.0,358.2712697806979,BATCH_1475
311.56918838825175,9.648281322359422,1323.4481732551894,1.368089508014279,78.73136091069408,6.65492159358881,87.26441028501773,1,0.9450305165167917,0.6569174474242583,500.0,296.37155554176934,BATCH_1476
302.45702695532316,5.823415709669064,2233.443846297131,0.12425431038400499,72.81510639690123,6.33599594343631,57.51545551964828,2,0.8528358067621447,0.3283348229800588,462.81608792036724,273.7631165518424,BATCH_1477
309.56272977172694,5.396460693939148,2415.613681900947,1.7559485272706707,36.7962397815144,6.584695542010442,54.194694286193375,2,0.797618083764371,0.41477503287850187,500.0,198.37523466593717,BATCH_1478
237.1166629625866,4.616984799016571,1260.2365899282095,0.9488050980916463,26.357354680642864,4.049083203690531,48.132103992351105,2,0.8155136827389589,0.5670790073630378,401.24334521901886,180.8102338123148,BATCH_1479
313.5668432350043,2.3832193855978407,2529.067536112134,0.7516363874301485,26.734464319495316,6.7248395132251515,30.75837299909432,2,0.7805772687928235,0.3,500.0,191.76763016717044,BATCH_1480
174.04181107412168,6.153465095938202,1234.7919012623342,0.36266657470470853,37.47339911469656,1.841463387594259,60.08250630174157,1,0.7371427663291461,0.39106826280626583,350.73564763878755,143.926131493888,BATCH_1481
258.8978195921699,3.493112718933809,1615.815899966403,0.93498421128104,56.85102343907236,4.811423685725947,39.39087670281852,2,0.851303717510536,0.4001295760404405,405.59841169184057,201.80891553700215,BATCH_1482
151.15173209962433,9.291767609916779,2317.5463175353348,1.04301326544032,68.25921956583035,1.0403106234868509,84.49152585490829,2,0.739594293326695,0.5322583151926885,500.0,143.1220404882011,BATCH_1483
214.91716598005405,6.248717238493878,2232.3005730619716,0.8669287195376078,73.95501841889389,3.272100809301892,60.82335629939683,1,0.7180480066775305,0.3088477667405319,464.51510590031614,176.83673120489027,BATCH_1484
223.29230697427957,6.335561624572992,2968.4211807805,1.3894541782711045,57.42520306215397,3.565230744099785,61.49881263556771,3,0.7905075699594921,0.3816221503084338,500.0,221.91170777821074,BATCH_1485
229.23453832185106,4.194321947893091,1062.9025605398297,0.8997034046425294,20.337878764883225,3.773208841264788,44.844726261390704,3,0.8355378004485355,0.6659960551805131,351.89755203583275,182.44902801200303,BATCH_1486
289.0934413379724,1.4679041677993674,2155.794783848956,1.9266933979084893,31.17900659111201,5.868270446829035,23.639254638439525,1,0.6431636776266201,0.3,500.0,208.35287887520136,BATCH_1487
227.71162025406915,1.2856938883568976,2024.2047706894434,1.2386272838648245,25.983572231202075,3.7199067088924203,22.222063576109203,3,0.695719426928949,0.31049703770200554,403.7516717229369,254.23031056289273,BATCH_1488
239.73872452450613,4.810016297378778,2787.7461362250747,1.634208077738627,41.7994685341406,4.140855358357714,49.63346009072383,1,0.7007968826768912,0.3,500.0,376.70037986819057,BATCH_1489
197.50882617486548,1.7610884028751408,890.9053541121876,0.3077762159080098,50.08105961802475,2.662808916120292,25.91957646680665,2,0.7449024215266197,0.4428813865128143,219.39711585501766,358.444255623225,BATCH_1490
224.650358325868,6.461622599861252,2379.4954089673324,0.8548534565972208,22.603830714713652,3.6127625414053806,62.479286887809735,2,0.840269156175754,0.40693385191993137,500.0,482.81199574802326,BATCH_1491
195.4539254526303,8.928757050756918,1920.6715406719209,0.7400106327495901,40.90867854773932,2.5908873908420604,81.66811039477602,3,0.8534479152542933,0.6800877883676246,500.0,412.97638260794446,BATCH_1492
164.63918475368874,8.9462333486685,1186.6646744697637,1.1820165374595244,30.750780477519356,1.5123714663791055,81.80403715631056,2,0.8541672168653887,0.6696078161083818,488.51607691254634,450.42541303927186,BATCH_1493
270.68971867627556,6.931408691190091,1686.0872853679352,1.7361156881167086,58.82420997553243,5.224140153669645,66.13317870925627,3,0.9706942082476788,0.6382127837555656,500.0,496.26329857703627,BATCH_1494
283.6425597110033,2.901086483256379,1334.4414926744944,0.24884261374781266,47.8563421594604,5.677489589885114,34.78622820310517,3,0.945091756606945,0.5911710787167609,299.0129440313172,505.07166058813493,BATCH_1495
273.8980692019229,8.766971482229849,1948.2835069711523,0.2378921162849505,49.719058816034526,5.336432422067301,80.40977819512105,2,0.9552199255879196,0.602426405827703,490.635279466402,491.74891786675477,BATCH_1496
242.69880876011447,8.974840917818874,2722.501527036665,1.715603645499438,45.66150728200766,4.244458306604006,82.02654047192456,2,0.840646491871353,0.4598339330108923,500.0,442.31700409577735,BATCH_1497
225.95715603584597,2.769882264576628,1923.262461030505,0.5044151634728791,77.36118262919402,3.658500461254609,33.76575094670711,3,0.808215680219282,0.413013366736828,341.7463720376591,405.7218757743439,BATCH_1498
322.6667299143651,7.636834771936095,2079.30604581646,1.370631183454646,32.88410750729379,7.043335547002776,71.61982600394741,2,0.9268347501638057,0.4919362977800731,500.0,356.59866524142063,BATCH_1499
253.8163570272436,3.5786759403441066,1796.8696177867737,1.1314684514855298,50.999855590632464,4.633572495953526,40.05636842489861,1,0.754991138696183,0.3579770359545628,448.66081979723725,323.35083228500514,BATCH_1500
245.8363755259462,8.223762811176368,627.9137661136898,1.682497830285736,64.16104210192016,4.3542731434081166,76.18482186470507,2,0.9435429589705224,0.7216445065684199,463.40730046032604,244.64157174476225,BATCH_1501
155.12841316128714,9.975141099132424,1082.1463921902355,0.3376689286891667,53.41066478807375,1.1794944606450497,89.80665299325219,2,0.8435135572660475,0.748520214497725,399.0069750077514,200.45403349733377,BATCH_1502
218.24956552523128,1.2702340479645353,1730.0043235802068,0.3465876348729614,75.74125314300807,3.3887347933830947,22.101820373057496,1,0.6551526668757769,0.3,289.28920851059274,193.83274909969083,BATCH_1503
226.0391237571714,9.076292792118387,1275.588209361762,1.1579548845287844,42.67810133847705,3.6613693315009996,82.81561060536524,2,0.9004123841748503,0.6626684539101007,481.08050376252515,164.9906507565868,BATCH_1504
229.7645561793801,6.603674802387922,954.4089944029856,1.8981194413809048,47.82054834639068,3.7917594662783034,63.584137351906065,2,0.8718884911950814,0.5798607156837186,479.9082570830726,141.5142845768236,BATCH_1505
266.03447384546644,9.760443572483391,1760.3321047960958,0.8884957409044331,25.311338912883706,5.061206584591326,88.13678334153748,3,0.9913084003351481,0.7295530811329798,500.0,170.89162342370145,BATCH_1506
256.7205093453757,5.185085657737848,1307.0244836196257,0.7211899904839203,56.53994666311571,4.7352178270881495,52.550666226849934,2,0.8845194200676779,0.5242594997170905,351.47499928255246,183.77028231375584,BATCH_1507
271.5810185586889,8.626491375142365,1145.2691079335368,1.252709714075983,37.29271810688636,5.255335649554112,79.31715513999616,2,0.9551415240156086,0.7048050282874131,486.42028180110685,172.7483960210875,BATCH_1508
302.9766523084256,1.561546617384495,1659.963543600952,1.867852341035559,29.61854237093413,6.3541828307948975,24.367584801879406,1,0.7957364035996973,0.3,458.0709389881658,238.25988525367362,BATCH_1509
312.59714774321867,4.017511450704662,833.2106452054329,1.690162882404785,52.67187757427048,6.690900171012654,43.4695335054807,3,0.9420398517168722,0.6811989226991105,417.8267770833665,190.749326575986,BATCH_1510
293.62461524529886,1.6031488397608897,2819.364332688518,1.9914188603931178,51.93861580279464,6.0268615335854605,24.6911576425847,3,0.7443286616470435,0.3,500.0,255.36735945622996,BATCH_1511
341.10473919098695,9.778088201311634,2669.2552447980975,0.14288030808451646,24.552298473442853,7.688665871684543,88.27401934353493,3,0.9516214140152875,0.6494634213586757,500.0,278.49533038191674,BATCH_1512
153.64651653527233,8.352765165446531,2269.0514643513384,0.31443047495424825,61.892927209668365,1.1276280787345314,77.18817350902857,2,0.683181604183904,0.4356776874993116,484.27271560640844,282.8267582531802,BATCH_1513
189.15559713670922,8.672926791213735,765.5345689711405,1.2579887503965819,57.426331439051175,2.370445899784823,79.67831948721793,3,0.9488909468680118,0.8409522146726943,442.2885225722642,372.51957942471466,BATCH_1514
151.51257499562843,9.441687082905048,2439.6931361742327,1.6590952347343144,31.341036964789833,1.052940124846995,85.6575662003726,1,0.6915184405082923,0.4613510878767931,500.0,402.41359192648696,BATCH_1515
279.4949428309206,1.7659313750780683,2519.8933202725475,0.6419642503828564,48.16609172924263,5.532322999082221,25.957244028384974,3,0.808625597007942,0.3,451.5570567674277,475.3073028649285,BATCH_1516
329.6061097899974,4.47037833262,2419.4115442858442,0.5545010672650156,63.2193749887136,7.286213842649908,46.99183147593334,1,0.7943851034361732,0.3,500.0,463.81322448000327,BATCH_1517
198.69645931525986,1.639314001396019,784.9147177981029,1.5952540188242816,51.766144432476594,2.704376076034095,24.972442233080148,3,0.7879639571894558,0.5983057502860918,297.34839978281053,419.2743952701239,BATCH_1518
335.40690895926133,2.8971379139502575,2109.769892669412,0.20712552232114,43.72934457101421,7.4892418135741465,34.755517108502005,3,0.9301908528147391,0.30863934806793564,387.83914833714323,500.5116509333878,BATCH_1519
162.05347805791217,3.0642919933390513,2585.8119893734965,0.8018270304069116,39.340307484856616,1.421871732026926,36.055604392637065,1,0.6031053696405742,0.3,437.04278665981883,466.534821433425,BATCH_1520
336.8872053611029,5.221964899428208,1943.3835030491693,1.0610375229254265,56.62363199864322,7.5410521876386,52.83750477333051,3,0.9533187542097921,0.41294916559607403,499.14805036617184,423.52894828204387,BATCH_1521
220.3245374479269,3.4170595070827834,2116.0184380702226,1.1646624812656146,76.34652189861444,3.461358810677441,38.79935172175498,3,0.7625897295784697,0.37796740075731317,469.030912509238,368.2054770345079,BATCH_1522
170.2841656898433,1.9088029613598498,1645.9086985657655,1.484368797906276,60.304690428649,1.7099457991445157,27.068467477243274,3,0.6980043519300746,0.4936226871973894,379.39780915235434,310.03967966367566,BATCH_1523
247.17435183726514,2.5074198018469693,1821.7682997101315,0.7742068745182505,24.484754218178928,4.401102314304279,31.72437623658754,2,0.7404150806152624,0.3220853548907358,375.4275713382373,288.8337967178777,BATCH_1524
201.3553135441016,2.3254800719688182,585.942145879313,1.2641002548817537,47.64109840892803,2.7974359740435557,30.309289448646364,1,0.7836520019042585,0.39669992678497595,275.0316901078652,293.8396018257469,BATCH_1525
206.97458039238455,9.757691181210685,2097.4075549332115,1.212213303302817,73.44944789063766,2.9941103137334597,88.11537585386088,3,0.9408733887999797,0.6580482368699354,500.0,281.5375891780367,BATCH_1526
211.4579929852573,7.833632562266263,703.618032227898,1.1404705912421196,25.667745548065213,3.1510297544840062,73.15047548429315,1,0.9081385075005165,0.7229259261138231,399.978049927979,240.23128867018735,BATCH_1527
310.6051795665327,9.709853187426058,1587.5364858505584,1.3169182569702031,79.3325427282526,6.621181284828644,87.74330256886934,1,0.9131338417934209,0.5073187500785219,500.0,155.43070677874803,BATCH_1528
257.8322553350509,4.957664378571177,1231.6377441685195,0.592953425029345,76.94416361872527,4.774128936726782,50.7818340555536,1,0.7748660003743227,0.40711111218691626,365.84454287737515,121.52260305796796,BATCH_1529
212.26153983120074,3.5053163349639096,1863.5698755292826,0.2608326318107951,24.69646884379255,3.1791538940920256,39.48579371638596,3,0.7875088638954725,0.5177907545797225,378.5023687528882,154.22658740733613,BATCH_1530
272.0667566621837,8.18463877488268,833.5408388080177,0.3266161768755125,76.00479922697329,5.272336483176429,75.88052380464308,3,0.9660230840883104,0.868679586943522,364.66194246121205,102.05794508975413,BATCH_1531
293.2301348446387,3.936285262370321,2229.1085049332955,0.526706527042412,41.78795541556774,6.013054719562355,42.837774262880274,1,0.7533221911229249,0.3,473.636249463854,179.79122085787392,BATCH_1532
204.52480014670675,3.6944503633481345,2487.528842321176,1.050376077493292,70.68255002455174,2.9083680051347365,40.956836159374376,2,0.6749834224390153,0.3,488.9131022337136,189.50590523305343,BATCH_1533
232.7098203050703,3.0925539298704807,908.3861243578913,1.6968412260374384,45.10300026279629,3.8948437106774607,36.275419454548185,1,0.7579089138978014,0.5089529186914237,374.97913549333816,211.01890494395585,BATCH_1534
174.3772186673895,2.167110804018118,760.7827183797053,1.4324573499679298,46.45130676215095,1.853202653358633,29.077528475696475,2,0.7090157252593715,0.5550479302914945,340.0626099183678,213.33605121661452,BATCH_1535
186.22986990693607,3.3081675491508937,863.788706968398,1.5991771479838897,58.054585458652554,2.268045446742762,37.952414271173616,1,0.7486981275295735,0.46735164482109776,337.32225563901756,315.40800319708916,BATCH_1536
286.22357079299655,4.1978777362649895,2692.8189047462542,0.7668536854595736,66.468645156559,5.76782497775488,44.87238239317214,1,0.6887745879487386,0.3,500.0,322.84183157551973,BATCH_1537
186.28766953912537,7.065947873311574,1820.4731543908904,0.8688421091322452,22.02734905689492,2.2700684338693886,67.17959457020113,1,0.696871269582777,0.44086582605885066,447.087857387134,339.9024949286842,BATCH_1538
255.03267673341202,1.5630835799750642,1668.1524900187565,0.8479955833821643,55.58935973162806,4.676143685669421,24.37953895536161,3,0.7166742827329633,0.40526041803220136,376.96493368668683,319.89815077953375,BATCH_1539
291.80925234448654,2.8945624569880866,766.7795477558857,0.46455905036855283,31.20397964584226,5.9633238320570285,34.73548577657401,2,0.8875326905122584,0.5318945489041104,306.70500027018,429.0783634161481,BATCH_1540
171.37538461894877,8.281212762625088,2123.8900168924047,0.21631165047278683,40.75697107179218,1.7481384616632067,76.63165482041734,2,0.8202559864201505,0.5826148290934795,487.8484153172668,498.0564218434514,BATCH_1541
263.4624439257807,2.3222973122539368,2669.9989797377248,1.222740576371731,40.87811996931299,4.971185537402325,30.284534650863954,1,0.6961462482282774,0.3,500.0,499.8377764364361,BATCH_1542
201.31255674027275,4.083806318702694,2570.4646733086324,1.9795116984991137,48.14362041326922,2.795939485909546,43.985160256576506,3,0.7136386215520478,0.3312610572071973,500.0,431.17598624577477,BATCH_1543
342.585375047516,8.78193029672326,2065.1367724520032,0.41697643940549933,40.048184712570404,7.740488126663059,80.52612453006981,3,0.9849466773749675,0.6879199647833301,500.0,411.83744875681265,BATCH_1544
246.70912934398496,2.394327800290984,688.1967916291841,0.18870115780862012,26.441667107040065,4.384819527039474,30.844771780040986,2,0.8536031697017206,0.5235196257563536,200.58297647641146,420.12924486023235,BATCH_1545
311.1985099550316,1.744631520563709,780.9925679400324,1.5811101954654727,28.73772431152709,6.641947848426106,25.791578493273292,3,0.9036601717554545,0.5792916391097183,386.4382843545032,345.04843682435694,BATCH_1546
260.04530843125235,5.3608419557200975,623.2724677745617,0.579913412700976,22.00627913366586,4.851585795093833,53.91765965560076,2,0.9264541071182734,0.6947590624829637,321.4876880311015,347.8766137599672,BATCH_1547
158.68250657096382,3.7217756015068275,1143.6980412311732,1.676323230170564,48.21494511972526,1.3038877299837341,41.16936578949755,2,0.7646045836541473,0.44982891278226983,378.5706982936941,322.98240835153615,BATCH_1548
276.63027511880443,6.070675280354687,839.1536679009444,1.4374796673655792,77.26686169117932,5.432059629158156,59.43858551386979,2,0.9677194840103518,0.6298868542359488,444.5686954128206,297.9851399511537,BATCH_1549
340.2806684413314,8.234244014351276,1150.1201006310848,1.8967797203965286,26.940513418886994,7.659823395446599,76.26634233384326,3,1.0,0.7275555145201851,500.0,221.9953777056026,BATCH_1550
270.3223640292662,2.2343363933746883,1462.645139297404,0.8769617479376768,76.77586958018492,5.211282741024318,29.60039417069202,2,0.7918872682476586,0.3258908229442312,369.32033955583165,187.823770316709,BATCH_1551
313.83777188535805,6.226291760988564,2857.4569601778394,1.3577426949562048,64.00169088392562,6.734322015987532,60.64893591879995,2,0.7834275726882053,0.3484945346715207,500.0,143.75671182964103,BATCH_1552
326.8412926696816,5.549578843508775,2025.94014945423,0.9832240835452143,58.24992817604979,7.189445243438855,55.38561322729048,1,0.8009512469623228,0.4534993057816949,500.0,130.3047154354433,BATCH_1553
195.6159543897865,2.2967090741187963,2587.4344642074057,1.2981185248862326,58.71666531941378,2.5965584036425273,30.08551502092397,2,0.6277610119785242,0.3,483.5390908426486,143.2056332429542,BATCH_1554
192.40896798164533,6.615986369760842,2275.8787517808305,0.9542379214147009,69.60365890377693,2.4843138793575865,63.67989398702877,2,0.753679360438881,0.4357264327260405,489.32585671338353,166.1320912611242,BATCH_1555
272.19619777019835,3.462763760746945,781.2578263165794,0.4584012682057421,26.415191862789282,5.276866921956942,39.15482925025401,1,0.8563583856668084,0.4842071897067741,287.95547411267614,197.50372821933058,BATCH_1556
232.20569396134096,5.390508866896113,2339.8010159348723,1.0650050904064237,50.28525941393251,3.877199288646933,54.148402298080875,1,0.678736421504063,0.3046949871664208,500.0,169.83861430160084,BATCH_1557
317.9722605733441,1.7404509184935568,1187.7472038978112,1.1043099827311404,61.825468295645514,6.879029120067043,25.75906269939433,3,0.9525421597001761,0.4861081108116704,360.2805824910041,269.78065706878596,BATCH_1558
330.0046246796022,5.136256514922607,2097.769617486766,1.6401473116943062,55.20922670441382,7.300161863786078,52.170884004953614,2,0.856774477547836,0.35422032286392025,500.0,253.04343520334643,BATCH_1559
220.6842758605436,3.758171212385383,1352.4049341074713,1.4974893410078043,69.96674426139768,3.4739496551190268,41.45244276299742,3,0.8370142865492006,0.553712943416473,399.2596192051586,299.3589811695413,BATCH_1560
197.3741117948964,8.401430900668188,2994.180658161648,1.3612040854887437,24.33630254068109,2.6580939128213745,77.5666847829748,3,0.7534519267808937,0.4484357661099898,500.0,316.4065063909393,BATCH_1561
306.1051030487724,1.5128085429763145,1158.8786987419444,0.3154354815498878,61.44206236994996,6.463678606707033,23.988510889815778,1,0.7209237702007549,0.3,276.64800849845346,302.2727921918165,BATCH_1562
204.96120710962722,4.76746547426497,1197.826176935674,1.4691709522610585,52.04166382308306,2.923642248836953,49.3025092442831,3,0.8810057843309042,0.6546223085016136,423.1067384496917,432.5873790688124,BATCH_1563
314.52286370273566,5.1258828171829425,2826.6806389059957,1.050579797073578,42.74965183879661,6.758300229595749,52.09019968920066,2,0.8130113858466879,0.3347843354037857,500.0,452.00912748043856,BATCH_1564
234.74765072975256,7.5250546866920685,561.6110115908067,1.7987891186017024,40.416498934041854,3.96616777554134,70.7504253409383,1,0.881880036822783,0.6515769140401138,450.57810728152083,436.44904722981187,BATCH_1565
283.50997985829406,6.168588175811899,2241.722469682992,1.8477547748480312,57.249957966451575,5.672849295040293,60.20013025631477,2,0.8295536673166388,0.4339052683573532,500.0,452.00972151674614,BATCH_1566
169.10706276693364,7.0049110347476296,2313.3159768396954,0.20479752214339236,73.45972247865589,1.6687471968426772,66.70486360359267,2,0.7396181818458335,0.48949964200063145,464.87537074564113,460.36705047448237,BATCH_1567
274.7718649353146,7.993443570865805,2590.9464435259983,1.6592189646735096,49.77055556606692,5.367015272736011,74.39344999562293,1,0.7304886451639545,0.37229886972033827,500.0,383.02743486107147,BATCH_1568
240.35353574744582,8.759826762923698,2936.0982765961885,0.1716250418030742,69.4833898446152,4.162373751160604,80.35420815607321,2,0.7647906285578357,0.45751700148139046,500.0,390.19443685759506,BATCH_1569
267.3216926350948,3.8248794705022346,2939.004797891631,0.797622288820543,44.12938291063805,5.106259242228319,41.971284770572936,1,0.6825268386024638,0.3,500.0,398.8279403886559,BATCH_1570
183.6028415489727,5.842204348275127,663.1918939161598,1.1303699536800504,26.143667767590593,2.176099454214044,57.661589375473206,2,0.8097628943061049,0.7013085123328999,337.35751116342544,301.1941740703088,BATCH_1571
297.3747489888364,8.5609727059528,2554.598306882256,0.3813915173915421,23.690344187518313,6.158116214609275,78.807565490744,1,0.8230330765223108,0.403679510458689,500.0,308.8067379649976,BATCH_1572
322.5594155086457,9.905060178685508,2115.7748341434535,1.517996243881246,23.080062279420655,7.0395795428026,89.26157916755395,3,0.9607011782121775,0.6767037484604868,500.0,220.47968909591725,BATCH_1573
193.34796001815513,9.005673799393868,2118.355335932728,0.1158739379270633,42.8090085174602,2.5171786006354298,82.26635177306342,2,0.8179859086044199,0.5027760149269266,461.6918269999358,238.9928994730098,BATCH_1574
169.14291110403235,4.343205363619392,820.874816536737,0.42033819202466993,40.234265050150526,1.670001888641132,46.00270838370638,1,0.7392677885845567,0.4983605536100897,239.91858433743658,192.86473835309576,BATCH_1575
154.72771720926727,2.756498654967854,2125.467916114133,1.2035139767216039,63.07622141735417,1.1654701023243548,33.66165620530553,2,0.5913663025423284,0.3,415.5904381468257,121.6422349551742,BATCH_1576
278.3943000886532,5.404532836659299,2956.2064515031198,1.4573363678708555,64.56929009509196,5.493800503102862,54.25747761846121,2,0.7849306213353048,0.3,500.0,190.0533066903551,BATCH_1577
271.4188072177561,7.67477306652438,2779.5464238486175,1.8416218951184407,23.05123813002439,5.249658252621465,71.91490162852295,2,0.7805128073364128,0.37002751943267737,500.0,127.96225269605853,BATCH_1578
259.33948254281404,5.433121636779679,1597.8266520121263,1.4404436386757853,33.267395773340894,4.82688188899849,54.47983495273083,1,0.7658682100070062,0.3700757796858662,482.18464146792826,130.8035529462066,BATCH_1579
196.3894192231951,5.3486277698230165,599.8699332152358,1.3763806134842453,36.455711009533985,2.623629672811828,53.82266043195679,3,0.9113894558793648,0.804123668298177,381.81032088950633,176.11326534925976,BATCH_1580
228.18119918110295,8.544073789736206,1405.733725000512,0.8492481780662621,52.856719048568564,3.736341971338603,78.67612947572604,3,0.9710630974586476,0.7757741511080894,482.1039705822459,228.39310330488243,BATCH_1581
268.8952670372346,4.252634011604677,2565.975779001388,0.10244040850092269,28.670913434417017,5.161334346303211,45.298264534703044,3,0.7681952303798653,0.45840965590907756,476.1119569121462,194.5253454306456,BATCH_1582
249.35337177183388,8.73815207330481,2253.747753662915,0.3283025915976817,28.03647316400002,4.477368012014185,80.1856272368152,1,0.7956669884403362,0.39395017235241625,500.0,263.0275387300595,BATCH_1583
347.55710404297747,4.661243208565512,1648.359138984891,1.1156536350364743,76.62733335247748,7.914498641504212,48.47633606662065,3,0.9717777321054136,0.5379779594818053,493.9707026325561,312.8644950099169,BATCH_1584
177.28795051134662,3.9540979511050547,637.7538378970778,1.3827467831043974,68.25217443786686,1.955078267897132,42.976317397483754,1,0.7761427707195759,0.4474782062946933,312.16839718211514,359.61602498326516,BATCH_1585
289.0289108095187,5.085909200797291,1567.2368195582565,0.8931517394032786,30.839294125470218,5.866011878333157,51.77929378397893,2,0.8706613959191207,0.4559831508982737,428.8890199020356,380.2932466583187,BATCH_1586
230.86375362085843,7.862022628073816,1672.5623492947088,1.4882901219039415,44.39406847432946,3.830231376730045,73.37128710724079,2,0.8432883830662583,0.5392470038053345,490.7751079185009,395.0551820054789,BATCH_1587
235.63992298512295,2.1340182507759486,2821.38883223534,1.0915383611311396,41.337319955453935,3.9973973044793034,28.820141950479602,3,0.6777814748023532,0.3104757451747595,500.0,405.0761039482024,BATCH_1588
293.51955313163523,2.7677729428481563,2102.715258955399,0.2409347716291932,67.46024444392444,6.023184359607233,33.749345111041215,1,0.7332421077635578,0.3,418.2384697762091,447.47319043475085,BATCH_1589
288.4872302648739,9.563003430967827,1279.132291636622,0.46483087683910274,50.61277498868732,5.847053059270587,86.60113779641644,2,0.9452525451937325,0.7438710185843496,456.53263984264373,417.83582964043177,BATCH_1590
348.25119874043764,2.5794246464322166,1813.2956611268035,1.6959966241634916,27.670984219608023,7.938791955915319,32.284413916695016,1,0.7171355242740995,0.3,494.1764329375987,357.24835943852196,BATCH_1591
175.67885789082504,6.109545861379491,665.1382695554001,1.477334218586435,64.33952378937462,1.8987600261788766,59.74091225517382,1,0.807755507678713,0.6710793709267505,364.571150226469,443.0006046923951,BATCH_1592
170.82192987683328,6.213830199957441,2931.420589124342,1.8000477753237405,43.813278693495135,1.7287675456891645,60.55201266633565,2,0.6877029319786206,0.3,500.0,433.1840624105721,BATCH_1593
294.8677634257482,5.406620158452203,1400.149754826815,0.32335877332977947,35.77545485792882,6.070371719901188,54.27371234351713,1,0.7701002131423919,0.4917154280850354,401.5937858966684,304.1120269337487,BATCH_1594
265.6773834012818,6.802707237191367,1694.6683872828396,1.9814228157686404,42.52991732124321,5.048708419044864,65.1321674003773,2,0.8358661360211839,0.5773182137254896,500.0,308.53093562407486,BATCH_1595
204.83213331196117,3.068440532178566,1388.2099355923065,0.49787275650487384,49.865393816413786,2.919124665918641,36.08787080583329,2,0.7737187769383039,0.3932727101692391,325.35244934201205,318.57462783015785,BATCH_1596
165.88387379779732,5.973960409990734,2206.2793252905003,0.12238176494461983,40.586930985020565,1.5559355829229062,58.68635874437238,2,0.770585600065723,0.4627752283872132,411.30696117787613,322.90200732597344,BATCH_1597
167.1316499192861,4.349559297222074,2155.5803958239826,1.9951035842017528,34.51434635550547,1.5996077471750136,46.0521278672828,1,0.6323002154280711,0.3003693784838658,500.0,225.62381123026907,BATCH_1598
328.8381749328237,6.955005336662701,2288.305776322839,0.6340403823457149,43.91012172823882,7.259336122648828,66.31670817404324,2,0.8630337313233766,0.4392386240236541,500.0,172.0938945851485,BATCH_1599
188.3734649437486,2.271011890358345,1170.358074029802,1.3692369597738638,21.150374644993896,2.3430712730312004,29.885648036120465,1,0.6846781635953861,0.3209171095972521,342.6026781407759,164.60929619918738,BATCH_1600
214.67431242310414,6.137896751555286,1289.171202910165,0.43569639693497986,66.34987076577883,3.2636009348086454,59.961419178763336,2,0.8755448437958422,0.5376670373993245,367.6129736239204,196.35741863108638,BATCH_1601
195.3312804453976,2.6674331984499133,813.1280777405199,1.2024342111783692,30.25669361405515,2.5865948155889162,32.96892487683266,2,0.7642507728214182,0.5848678965545224,303.51402927988937,130.62107462626395,BATCH_1602
220.99926116638744,3.5077875680353277,2138.7749296152815,1.8176664742636626,22.634276817838234,3.484974140823561,39.505014418052546,3,0.7460772579583638,0.41673614540626985,500.0,131.13536585713177,BATCH_1603
163.88476854921868,2.968388202912249,599.4928183391314,0.7083442181140333,59.22192157430475,1.4859668992226536,35.30968602265082,3,0.8108108014748722,0.6579097074236427,247.12565173541975,155.61388376686887,BATCH_1604
253.81195818165406,2.645540018819354,1994.2058388086477,1.3734825544842826,66.43616772942033,4.633418536357892,32.7986445908172,3,0.768586433205588,0.37322637186608665,461.85292704563386,165.3341245742573,BATCH_1605
163.52251271844298,8.431398564046003,2674.2397121290846,0.4570168187169914,68.82974789557059,1.4732879451455043,77.79976660924669,1,0.6718914165088801,0.33666875837800525,500.0,228.68010947984598,BATCH_1606
310.0713015644723,3.571368108948013,2727.080370724084,1.287111257565578,49.610550959636,6.602495554756531,39.999529736262325,1,0.7620725878395926,0.3,500.0,309.91749698870404,BATCH_1607
196.74241638208662,9.344114036780043,1622.5944009249042,0.7392556684532693,32.32209108139912,2.6359845733730314,84.89866473051146,2,0.8635095232371759,0.5871211150517605,498.1220574431707,309.69237819347734,BATCH_1608
258.0023829209021,9.729338728106718,1648.2592205326844,0.5012956913171082,64.2336606349896,4.780083402231574,87.89485677416336,2,0.9131578147766332,0.6356268500747034,497.8826345399461,331.2522517015791,BATCH_1609
326.0158175122916,6.1413442294338765,692.4229575200434,0.6950458963369067,61.98278462926023,7.160553612930208,59.988232895596816,2,0.9846945274318993,0.6574388172928669,379.1713602207736,366.24566193253287,BATCH_1610
280.1754738094388,2.2870101039915376,2176.9125636075896,0.4397980301648188,34.77624404619039,5.556141583330359,30.010078586600848,2,0.7048669465397627,0.3,430.6743936919934,359.17029291708263,BATCH_1611
256.59155731026704,4.370934190416231,2553.1485509321137,1.8136406048919773,74.20446535176758,4.730704505859347,46.218377036570686,1,0.7162516503584374,0.3,500.0,456.3971038820771,BATCH_1612
214.86675062307512,8.179590370133926,1111.6376365117826,0.8546550840025448,26.26228748496974,3.270336271807629,75.84125843437498,2,0.887192431194427,0.6882934379389445,427.22871555763277,442.55375803297477,BATCH_1613
216.6003826116396,4.306516558273634,1553.2522040834117,0.5660306794512979,78.96129437547954,3.3310133914073856,45.717351008794935,2,0.7730561400427205,0.48331315466417546,362.3833022910556,444.58560259228125,BATCH_1614
283.897391039638,1.7831549647250986,2597.098341913176,0.9519748979302725,71.61486865864788,5.686408686387331,26.09120528119521,3,0.8575858500164317,0.3102767769373729,440.09176824327625,540.6821009787069,BATCH_1615
348.8278722442335,6.011064198353692,2692.80116915572,0.7090187169323415,61.27391872874451,7.958975528548173,58.974943764973155,2,0.8625876499298203,0.31152239110479474,500.0,438.8663978186373,BATCH_1616
282.3678379698757,8.606087663464313,1107.9499506605648,1.5143965822453194,76.32499329678997,5.63287432894565,79.15845960472242,2,0.9432998636834612,0.6782336015073755,500.0,383.5122856751269,BATCH_1617
261.556683474005,8.163337484291521,1876.4265863534106,1.9453178325824394,63.338670099422465,4.904483921590174,75.71484710004518,2,0.8619185783653963,0.6049007620222918,500.0,362.2092721138404,BATCH_1618
296.1301020478492,2.576108261173179,981.2328765895677,0.9322639477255289,31.427419821802758,6.114553571674723,32.258619809124724,1,0.8536070084200501,0.4298940550601434,333.0635260125896,373.2762280412787,BATCH_1619
243.04112245674364,7.0548815297122,754.6969103488914,1.7359634599472566,46.5293682867687,4.256439285986027,67.09352300887267,3,0.9771611125392093,0.7073487004327871,443.20301539322213,303.3981123161381,BATCH_1620
162.02846852015705,2.984538370920824,2777.801253479894,1.175139839763277,24.290181459898122,1.4209963982054965,35.4352984404953,2,0.556346796310661,0.3,469.00105997191474,218.0288038851046,BATCH_1621
262.459363175582,2.96386781096955,2551.268760580273,0.39874776367904363,43.379445337286924,4.936077711145368,35.274527418652056,2,0.7452120865858073,0.3,431.56531304594444,252.57686803725832,BATCH_1622
341.525056901076,8.866645959746666,2400.0872545079346,1.412183209954549,64.49618118423251,7.703376991537661,81.18502413136295,3,0.9568066731692049,0.5877894285630393,500.0,173.88966025585498,BATCH_1623
185.06058847153193,3.2470205746620713,621.9157970328511,1.0755255445390581,43.18660105584904,2.2271205965036174,37.476826691816115,2,0.8564466694886717,0.630007444573992,311.1838551916778,226.29512271886057,BATCH_1624
288.00097816413313,3.369226118662101,2609.3219817756435,1.3361523941789966,39.817650528088045,5.830034235744661,38.427314256260786,1,0.7290411839667631,0.3,500.0,187.51256802807887,BATCH_1625
190.1867377318113,1.005880516851696,1595.1101897634594,1.7904060838861635,55.72134335061871,2.4065358206133953,20.045737353290967,2,0.669275876018006,0.3,401.8436403340188,136.58034313023745,BATCH_1626
257.16553689461625,8.83602130712966,1355.987808239649,0.9368256842464875,72.3322717399337,4.750793791311569,80.94683238878623,1,0.9138374292300909,0.611897181970898,499.0603719736849,193.54161690869196,BATCH_1627
169.33528992934393,8.133353318882213,1866.190902563441,1.8122374841129756,22.854991552766744,1.6767351475270373,75.48163692463943,1,0.734742749417735,0.4157674886302952,500.0,172.13185474815887,BATCH_1628
240.07418725163703,6.645960415816102,728.3831068088896,1.5262711271351443,43.128226081984124,4.152596553807296,63.91302545634746,2,0.9403059572769144,0.6449974600650022,424.88738535537715,219.51719307568297,BATCH_1629
301.2326657790492,7.752391875449581,2391.616373380997,1.028349359168171,29.494444508915763,6.2931433022667225,72.51860347571895,3,0.9294931779363953,0.5677082068747153,500.0,239.54198451883357,BATCH_1630
219.5143048477964,2.3684371068204264,1956.0876922207397,1.246122057750131,61.72125504391218,3.4330006696728743,30.643399719714424,1,0.6350053319568196,0.3,439.96964925258686,235.7864435848879,BATCH_1631
282.98234489744357,5.124912351288179,966.4752421829188,0.7186041517861217,26.343473625868093,5.654382071410526,52.08265162113028,3,0.9388560775790499,0.6460031722897747,365.44896982032645,280.6935050304694,BATCH_1632
309.08999215794586,4.160974486139028,970.5804994226139,1.968834869503671,59.88846551481467,6.568149725528104,44.58535711441466,2,0.9455618664543521,0.5671071390712826,457.9426036903383,369.7216812928159,BATCH_1633
335.43556389589054,1.8439887363131484,960.6216289316856,1.3679672097957525,37.170852247874436,7.490244736356169,26.564356837991156,1,0.8354223483444226,0.38559038319166544,355.54278280537454,364.9567400368001,BATCH_1634
196.9284163710907,5.375174366934317,642.505968879835,0.1833090197435968,31.93500882423348,2.642494572988175,54.029133965044686,2,0.8409219723021303,0.6444425103450643,273.4492369302011,393.95656328072016,BATCH_1635
229.86318316186163,9.286656853083718,1969.496123429212,0.7205816209212166,76.18115346949912,3.795211410665157,84.45177552398448,3,0.8793829529687184,0.6532695679347391,500.0,401.2501331871844,BATCH_1636
180.48320266608349,1.3605320714562503,2600.87044397127,1.2842974241422092,21.11147460475735,2.066912093312922,22.804138333548615,2,0.6123321805453107,0.3,445.59192525933497,457.5968459111617,BATCH_1637
348.49670043167504,3.623148221444145,543.7455349684715,0.20703322781855563,46.266636313374136,7.947384515108626,40.402263944565576,2,1.0,0.5755001822735669,267.7776361875879,511.87574757729436,BATCH_1638
335.40019358485904,2.867868425851331,622.5116124281839,0.14537996350637125,21.297619547707626,7.4890067754700675,34.52786553439924,1,0.8609306456800029,0.4775748102048,259.6031067075768,412.8628865157315,BATCH_1639
257.9914260561119,3.1433198829912667,1931.9256917173645,0.9550460551028248,49.015582886259736,4.779699911963917,36.67026575659874,2,0.7670303520787308,0.33368519402066993,442.0557435393642,430.63039426785105,BATCH_1640
318.4066588752843,9.175910966914378,2548.739213465131,0.7321113414160729,50.062842667665095,6.894233060634949,83.59041863155628,2,0.9403923577988242,0.4883384521628302,500.0,448.43263384044764,BATCH_1641
254.19159545440846,5.212621488108611,1316.8472264215839,0.9327673552630151,39.29974828368482,4.646705840904295,52.76483379640031,2,0.8507070053654825,0.4866987733166835,364.5301448822737,372.61075826263806,BATCH_1642
274.71713760055195,5.196694716458369,1374.0359970193053,0.5991172887720098,27.92970665150142,5.365099816019318,52.640958905787315,1,0.8322993060556669,0.43569909057579137,413.3057177055122,352.3940106528712,BATCH_1643
167.82488642320334,7.8451807820975406,1990.8662437419398,0.41296371919166375,42.58325226406852,1.6238710248121162,73.24029497186976,3,0.7835873967213927,0.575131503752904,466.6736395933612,268.12819415559346,BATCH_1644
301.0540840993616,2.390429836044332,1185.5322228103673,1.4093723782626417,60.335776395953964,6.286892943477655,30.814454280344805,3,0.9168693159116483,0.4716805799736892,365.83632574041127,274.0263561508582,BATCH_1645
175.54269672704697,5.385388186900457,566.5209151942104,1.077685120908821,66.94374851866755,1.8939943854466437,54.108574787003555,2,0.8323144592993829,0.6559111825701017,310.401076907909,219.38567204986856,BATCH_1646
315.21352605050566,4.869866927089538,2338.0712952539902,0.48029300137379694,51.84503614328854,6.782473411767699,50.09896498847418,1,0.8051370608423731,0.3,500.0,223.50588269241092,BATCH_1647
306.4056175340772,6.372196214919905,2064.124782353633,0.7072199098939967,55.39006366638534,6.474196613692701,61.78374833826593,2,0.9043411407911272,0.49061497373622764,500.0,205.71777097927836,BATCH_1648
291.7489395485953,9.996019329253947,1951.8899976391479,1.2244350245603193,32.03698226747916,5.961212884200835,89.9690392275307,3,1.0,0.6798166737087774,500.0,232.79803531719867,BATCH_1649
157.23207610495243,7.925040046738424,2354.210322479558,0.2372357617177079,37.23981999365897,1.2531226636733348,73.8614225857433,1,0.6947850464377635,0.41249767843025303,472.79023424747635,167.38899519640728,BATCH_1650
210.6256711890657,4.580791327156845,2188.0770939050935,0.3801607176057411,29.713736603141506,3.1218984916173005,47.8505992112199,3,0.7869692197172602,0.47307333486128195,423.30018954046614,164.88501555410272,BATCH_1651
202.62251398216858,8.447977470466423,1014.7049704458029,0.23916664780404123,34.95772100027668,2.8417879893759,77.92871365918329,3,0.9462371948031529,0.7952287750423098,366.0173710950991,175.92771847965525,BATCH_1652
222.02728149430382,2.5363752698123214,1381.202617358378,1.643402932156826,33.493206813531906,3.5209548523006338,31.949585431873615,1,0.7016635887175594,0.3,422.45314697666925,183.33899403769345,BATCH_1653
167.5285493527677,1.274173176780641,815.2753541965625,1.5295775431028176,51.16692718347426,1.6134992273468698,22.13245804162721,1,0.6879444998565063,0.3743455263694993,282.37455857953654,235.15451530384723,BATCH_1654
337.39156460621257,2.8400353521784574,824.6425335447026,1.5312945705705885,53.761325347443766,7.55870476121744,34.31138607249911,2,0.9193588266620345,0.5224261621729767,375.2685788325978,252.31510093044835,BATCH_1655
260.76044814247524,4.063704005028336,2190.489365891348,1.4610181526044532,76.69684524929028,4.876615684986634,43.828808927998175,2,0.7718492082598224,0.35085777843260635,500.0,305.0538292880784,BATCH_1656
211.1048621316047,5.595226817136039,2646.5002674562456,1.3718323049727514,31.734238826091385,3.138670174606165,55.74065302216919,3,0.8008173031460646,0.3382691186575657,500.0,378.35078283361673,BATCH_1657
229.39630341485667,6.536162264870798,2906.8314596528476,1.0062846392185325,58.50054260968976,3.778870619519984,63.05903983788399,1,0.6473767549816557,0.3,500.0,344.80372304161176,BATCH_1658
239.44050810096712,9.195451454929795,2070.867793873611,1.3203285106635185,69.03555613925137,4.13041778353385,83.74240020500952,1,0.8418764705235455,0.5765830735198957,500.0,440.26237401184915,BATCH_1659
270.11886667212343,5.588686085954119,960.2533084023923,0.17288695409715182,53.61448782698315,5.204160333524321,55.68978066853204,2,0.9445857757392104,0.5800093363320221,322.8499368172546,469.41726258785934,BATCH_1660
253.13588553929955,5.511480801631564,764.1258636223267,1.2807824030478907,35.30021915006454,4.609755993875485,55.08929512380106,3,0.9486933766724124,0.6717045121614434,371.3661598047907,441.3468181336292,BATCH_1661
333.87839464288345,1.452187088406839,2532.1274288418945,1.5779676405200667,35.75301380120001,7.435743812500921,23.51701068760875,3,0.7466962951334107,0.3,500.0,386.34435302974214,BATCH_1662
249.39269658116604,1.3142039739060143,1946.8911908999983,1.0506808847303413,22.355183184259996,4.478744380340812,22.443808685935668,2,0.7016908211744535,0.3,377.6369090949736,426.65421433052757,BATCH_1663
348.43160296466255,5.960439657247349,2045.7125525342997,0.7792753240117501,38.3266535929089,7.945106103763189,58.58119733414605,1,0.892893228303699,0.41375851040724193,500.0,468.81364696449896,BATCH_1664
320.28499154901914,4.9436075192351,2453.655221886773,0.6271107961218603,64.67622074020281,6.9599747042156705,50.672502927384116,2,0.8221786823138127,0.3,492.462475331363,405.37997530902055,BATCH_1665
191.70210287146716,8.552623554822688,2258.1930693311288,1.3213238953079567,22.851065432426623,2.4595736005013507,78.7426276486209,2,0.7521200614525833,0.544239387946435,500.0,345.02093303115015,BATCH_1666
336.11904292878324,2.4461162624066066,2586.1456321402416,1.4163222773968267,33.15771695028984,7.514166502507414,31.247570929829163,2,0.7630064699688496,0.3,500.0,323.6796091285358,BATCH_1667
173.27327957709522,1.2247449590534463,640.5347636496962,1.7548384397388308,62.37394991190692,1.8145647851983326,21.74801634819347,2,0.7717439984613251,0.4669740057158911,271.12715761986317,325.21860079513965,BATCH_1668
313.48994169823834,5.0413489113711325,2368.8015918662622,0.7504347566758823,66.9590937693726,6.722147959438341,51.43271375510881,1,0.7912147996224015,0.3,500.0,277.579150280665,BATCH_1669
226.12465869531601,3.1373070107703174,2627.1318933052385,1.5625673840326126,47.3191046037157,3.664363054336061,36.62349897265803,2,0.6715322844712125,0.3,500.0,217.832037024917,BATCH_1670
325.59486408901387,1.446529360049537,1215.3376061457857,1.1665760659597422,61.88446030871893,7.1458202431154865,23.47300613371862,1,0.7962937104439011,0.34995700494786325,365.93873132454866,182.9292504675767,BATCH_1671
323.61133802149004,7.52138458162866,2101.118184983132,1.7773893322883503,43.27713011929352,7.076396830752152,70.72188007933403,2,0.8941968303840979,0.4527209001662512,500.0,158.34344496101852,BATCH_1672
311.1850800235242,2.0043369996152274,1285.4051595924302,1.1028430057616794,29.59479470144765,6.641477800823348,27.811509997007324,3,0.8707671017134794,0.5190531035163914,415.63443328576113,127.43882052168603,BATCH_1673
308.0060872614123,6.474875500069945,2894.927666206135,1.0834966739561378,43.88896961137439,6.53021305414943,62.582365000544016,1,0.8043706546504037,0.3,500.0,198.46127068408325,BATCH_1674
210.93582781960816,3.529447751502002,583.5589310887594,1.1979664547377273,54.79806921218857,3.1327539736862855,39.67348251168224,3,0.8751704542862073,0.653748536815718,306.4113012578335,145.4415119803011,BATCH_1675
166.18385661025044,2.561464453195198,1949.4821095823877,1.5236991747706254,76.88319691117341,1.5664349813587652,32.14472352485154,2,0.6979693325323283,0.3312291808269674,436.4321179068593,206.61094505709843,BATCH_1676
230.5960357530323,4.417763706273857,916.2588676237876,1.9329119097740757,24.125057125320637,3.8208612513561304,46.58260660435222,2,0.89129008202628,0.5494644833262625,442.9999404901295,239.57346437969142,BATCH_1677
184.70490299730173,8.213011986006583,2280.5505129428966,0.23977037300995474,50.44364563069763,2.214671604905561,76.10120433560675,2,0.7964704286264405,0.5460917446208818,489.0397215311752,254.9493269444325,BATCH_1678
288.99021778049234,4.528842192141154,939.7257085466551,0.2015257445429326,39.73518669264347,5.864657622317232,47.44655038332009,1,0.8414403955580416,0.47292517724063377,301.83854204726873,248.22853385307465,BATCH_1679
219.2199453075571,7.756926842899501,1088.4581547458938,1.881345641073943,50.49870165660167,3.4226980857644986,72.5538754447739,3,0.949393732495974,0.6947188088766585,484.45121892032057,312.1119027101021,BATCH_1680
345.122040171983,2.129376671192356,1735.9270276143952,1.1067636884845917,21.4385268425919,7.829271406019404,28.784040775940547,1,0.7981095431949511,0.3,427.88671802055603,338.0969885736473,BATCH_1681
278.19441546906637,7.954942776985712,2787.0873749921952,1.2683157276771786,38.78152128209488,5.4868045414173245,74.09399937655553,1,0.737215225187501,0.3395546793063674,500.0,347.88894417809433,BATCH_1682
314.4961127268722,3.132399924159838,1029.285930369927,1.0166048430299848,69.1920888516203,6.7573639454405265,36.5853327434654,2,0.9045320152321228,0.53770236553372,365.19599821376374,415.79679562962957,BATCH_1683
176.50493454836968,7.096538168999855,860.6000527952588,0.27794915995420155,53.23650403127825,1.9276727091929389,67.4175190922211,3,0.8642164999699521,0.77212137493977,311.0404858498812,394.5326168328677,BATCH_1684
322.4028964545245,6.092033993568967,2397.442079635077,1.5593698189954663,47.03494956896704,7.034101375908358,59.60470883886975,2,0.8880785916089445,0.36438582109920536,500.0,480.5192555972076,BATCH_1685
334.55143810267884,9.362302454905187,1751.5488308348274,1.5197268256683152,37.131504302920376,7.45930033359376,85.04013020481811,1,0.9177350618150447,0.641875923066022,500.0,436.0614810810482,BATCH_1686
247.41238376378718,4.485902661777827,2779.4627809544286,0.6922363108363427,37.882551367481355,4.409433431732552,47.112576258271986,2,0.7208082041991747,0.3,500.0,450.9236636195465,BATCH_1687
271.2505875501955,1.595486699509964,866.5363928996057,0.6818545659339608,42.98608601543506,5.243770564256842,24.631563218410832,3,0.8923360462548107,0.584192986677074,256.5273921228154,438.40244671405156,BATCH_1688
302.9619601805991,1.1723993699612762,2114.8197325575984,1.6918986237204852,70.13424259787362,6.353668606320968,21.340883988587702,2,0.7494572197640943,0.3,481.2946495985207,398.298867966867,BATCH_1689
184.9677254520825,8.441727048754778,1082.1978653795377,0.23747878970852057,78.0327924084961,2.2238703908228876,77.88009926809272,3,0.9348272512410734,0.7884051863217509,369.31690808747476,392.6008140442586,BATCH_1690
250.51321529268847,5.722620738952889,891.9010716290983,1.774099781877475,46.31932288102247,4.517962535244097,56.731494636300255,3,0.9293664346427428,0.7234510526178727,414.5531289609211,324.5757470667015,BATCH_1691
229.73260555446262,7.977196466514544,2208.5735378931763,0.5876572108022374,43.601170324865706,3.7906411944061915,74.26708362844644,2,0.8387295707770167,0.548777175928426,500.0,326.1389189237236,BATCH_1692
179.2747984324498,3.109830400103632,1984.211549771833,1.2266710207354385,70.79304654919177,2.024617945135744,36.40979200080603,1,0.5923550920453734,0.3067119597533843,413.29026055909446,220.79775282722431,BATCH_1693
223.50688445830627,4.105753709619103,2387.068645905828,1.8783889401033778,45.61431923817821,3.57274095604072,44.15586218592636,2,0.7184478543646144,0.3576068940466768,500.0,228.7913873863882,BATCH_1694
163.63446187709872,1.2709348499018704,1273.656441115456,1.3884327529196283,53.12109033773907,1.477206165698455,22.107271054792324,1,0.6953285135576482,0.3,336.49043068128884,252.10185279376816,BATCH_1695
155.1623813898974,9.65343092116701,1619.9291409554748,0.8874166436873695,33.85649987592467,1.1806833486464088,87.30446272018786,1,0.7386267287986326,0.5506631007793756,481.8631976487016,140.08624969416755,BATCH_1696
177.03325783096454,7.010811160307321,1513.6791908260461,1.4101149969202889,64.61015214674451,1.9461640240837594,66.75075346905695,2,0.7758227966552816,0.5800061891343457,462.6774657284515,134.7787769408942,BATCH_1697
342.62302231783474,9.398845789833755,2960.2236599162857,0.7535613090011033,51.91929909624691,7.741805781124217,85.32435614315143,1,0.8591992808109745,0.3999133546219571,500.0,165.41723548976745,BATCH_1698
259.9059071790034,3.389467666861651,1230.6223918484698,0.6267909910634536,68.54207301442051,4.846706751265119,38.58474852003506,1,0.7846329226265468,0.37942155579184056,348.6538004435568,160.49857951482838,BATCH_1699
343.164432230644,6.503172501030948,1237.0430958669172,1.9936982280758915,66.84396380172018,7.76075512807254,62.80245278579626,2,0.9847833375601163,0.6310626781775193,500.0,180.6150924105387,BATCH_1700
236.4995756660264,7.10649971463374,1386.3705220715185,1.5265014392415968,32.90028609620171,4.027485148310924,67.49499778048465,2,0.8823955420974097,0.6476240804111427,489.9046310152108,208.60959672644543,BATCH_1701
212.3632266170519,3.857947302318296,1911.4852032258038,1.3249679570254536,62.938133033465746,3.182712931596817,42.228479018031194,2,0.7556450004622065,0.3477667778433486,457.0075866092192,244.0416440568514,BATCH_1702
251.22837256804883,8.632983115140672,1130.806860659363,0.7750503221167057,68.00326447708228,4.542993039881709,79.3676464510941,1,0.9167144812768,0.5737403750047149,434.116420568349,294.46813849329965,BATCH_1703
237.902337726582,9.52445316610223,2788.2248509481847,0.1934055753945915,40.766434446943705,4.076581820430371,86.30130240301735,3,0.8676279726806273,0.5476577820166456,500.0,312.29455970785597,BATCH_1704
171.1329368523488,8.963696059264038,1164.2139121656587,0.15900806446679566,30.356546774136472,1.7396527898322074,81.9398582387203,1,0.8000320154258206,0.6273717110963206,344.5255988739373,331.58512712682364,BATCH_1705
278.1652629380412,7.6516027834543525,2739.539328900487,1.1529443853527177,20.15792933477529,5.485784202831444,71.73468831575607,3,0.8822113833311713,0.46675986169302536,500.0,395.17721103607727,BATCH_1706
193.20763650191992,3.497182117524586,758.6876591164616,1.547862169974197,47.05421918558889,2.5122672775671973,39.42252758074678,2,0.8594527241699512,0.5973975961909505,349.24602134057204,463.0624752248357,BATCH_1707
273.91759097956594,3.5345443789506854,2141.406755999131,1.1210204618433246,41.1459638923305,5.337115684284807,39.713122947394226,3,0.819316925687172,0.43431727579783963,466.2825193087393,425.9247981761914,BATCH_1708
280.04021847963065,9.67024288401434,2767.4637960956093,1.6974916366843176,53.294590029524535,5.551407646787074,87.43522243122266,2,0.8228120933321494,0.4836344246714016,500.0,415.6529948032406,BATCH_1709
180.40497062572962,1.0925604634212283,921.8735959955739,0.1635104128771211,31.282465555327146,2.0641739719005368,20.71991471549844,2,0.7617187122931173,0.367882153223415,199.0663888230428,483.21242007860917,BATCH_1710
162.26992542213364,7.4444497591793,2920.8174002481373,0.7968289452092862,71.5799328599885,1.4294473897746771,70.12349812695011,3,0.7238820936672606,0.39986224794042974,500.0,441.27743902475424,BATCH_1711
306.152317213688,7.356215462997359,1632.2084010387791,0.5504337432309383,35.465312937686576,6.4653311024790785,69.43723137886835,2,0.8575198680101118,0.5735952667497971,481.8842211691478,364.7237241872478,BATCH_1712
241.96008475386404,6.604205868548177,2864.2877711025612,0.9498186394985318,33.585776305259,4.218602966385241,63.58826786648582,3,0.8203238307511354,0.34299434862085154,500.0,431.4886674924922,BATCH_1713
161.63275910109516,9.910979614781793,2192.0501090751177,0.2375151470688327,48.84284338906136,1.4071465685383306,89.3076192260806,2,0.7684284970921039,0.6182360761548982,500.0,358.94015442138544,BATCH_1714
348.97326343395343,3.806914921873527,1253.967174683879,1.9128501189850378,49.931061424656455,7.96406422018837,41.831560503460764,1,0.872078189427589,0.3947365725398292,477.81733355677136,336.10685829625555,BATCH_1715
161.55611219927331,4.059746774139233,970.7563122927661,0.5241852620317857,32.90511372710557,1.4044639269745665,43.798030465527376,1,0.7250499526157073,0.5831004242675114,291.0074628010203,309.95940991707147,BATCH_1716
289.00704577171064,1.710454626519,1259.3376155627484,1.852384773418811,36.31164360355494,5.865246602009872,25.52575820625889,2,0.8281841194504427,0.4910447987215266,413.059727626942,266.89213362800183,BATCH_1717
346.73578505268273,4.9851832288936375,732.5435231566875,0.9091969945696954,30.182314349314694,7.885752476843895,50.99586955806162,2,1.0,0.5978398565469044,382.8904230022437,246.28355451416985,BATCH_1718
197.8360208431851,3.349436736113633,859.6699158583244,1.9724958531849144,63.10761069939001,2.674260729511479,38.27339683643937,3,0.8329865711796964,0.5981630167021956,358.92383504785346,180.8693917049206,BATCH_1719
178.44987373743925,4.090480319598798,761.6511008662028,1.1527109285744004,66.20534187524491,1.9957455808103732,44.037069152435095,1,0.7647205660054016,0.5257609411923263,313.64094462796413,185.4893633776189,BATCH_1720
174.27698788448578,8.511146112300649,1557.3588593538943,1.8685824419340342,47.73970984755695,1.8496945759570023,78.42002531789393,3,0.8621248010546697,0.7666232020831071,500.0,147.32472572912303,BATCH_1721
210.6550295135191,9.419360621747462,2488.945940643966,0.1101630785190234,62.845221361101046,3.1229260329731687,85.4839159469247,2,0.8220908811235762,0.44855652634058796,500.0,172.16431442662508,BATCH_1722
170.20916220212933,2.6715976480466708,853.4588855408505,1.5216537317437102,64.15612351624674,1.7073206770745268,33.001315040363,2,0.7738254288401862,0.4255327237565,318.52577236286277,173.5721505770312,BATCH_1723
288.43226833882636,4.352580383981193,825.8010829308397,1.8157962408947792,28.296531660668514,5.845129391858923,46.07562520874261,3,0.9313566283226451,0.6216265713819119,416.6272890861298,142.0330283709967,BATCH_1724
162.45835962601254,9.357675059038547,2108.5723737933267,0.36546907726001276,77.9706814900722,1.436042586910439,85.00413934807759,2,0.8135055343885683,0.5920443439983435,473.3865985716794,226.51344630726425,BATCH_1725
251.88442562995795,1.5562761462030037,992.9574549201657,0.2826391182910878,69.26191682578586,4.5659548970485275,24.326592248245582,1,0.7374944488069834,0.37256428662350694,215.56773520642517,208.92109664657403,BATCH_1726
349.33937077059534,1.8312447530024065,744.025095272479,0.9066879536533156,32.26900767174941,7.976877976970838,26.465236967796496,3,1.0,0.6035132787474646,309.87242467141544,285.41887718306066,BATCH_1727
312.79405390120377,2.465118902856064,917.1214455139441,1.8739899216525768,31.169902144764215,6.697791886542132,31.395369244436054,1,0.8497453357192497,0.3514207282604763,409.949526567368,311.01861940203753,BATCH_1728
273.04388764620217,6.356915507141872,2809.3284896919404,1.1305344643618336,27.539668734774963,5.306536067617076,61.664898388881234,1,0.7805814289175381,0.3,500.0,393.96836706923045,BATCH_1729
211.25072415732234,2.354250439053977,2553.678131940477,1.1021672810712912,28.302713752515103,3.1437753455062816,30.533058970419823,1,0.5973375029120083,0.3,469.89077948667506,368.2960205288444,BATCH_1730
274.7791672583277,9.712687433056601,1385.1614058877353,0.36813962476871154,64.88970794172177,5.367270854041469,87.76534670155135,3,0.9977404995648949,0.7379246717059871,466.539380834573,395.58651329443103,BATCH_1731
255.4082927823303,5.020430745326683,2139.551918318482,0.1015000710771157,48.17925541709741,4.689290247381561,51.27001690809642,2,0.7840701660467534,0.31467778221716425,434.71933697162814,429.32122239103506,BATCH_1732
235.21667677807432,5.513661643151497,1843.1891841700951,1.6392661724163764,66.97605036439202,3.9825836872326006,55.106257224511644,1,0.7389393814224684,0.38485545833541923,500.0,435.7934804583308,BATCH_1733
176.1420753480399,3.2199275422486586,2192.81065870641,0.26639166967385264,64.77529366101233,1.9149726371813962,37.26610310637845,1,0.6391140305547618,0.3,365.52943800502726,473.9982570582615,BATCH_1734
327.32084304809337,5.238642271912601,2206.6778811568984,1.3043146555971157,56.27676281031329,7.206229506683267,52.967217670431346,1,0.7570701397406959,0.30895212089377094,500.0,396.3995556902632,BATCH_1735
239.9569297642645,6.957222693733104,2071.835037649982,1.837771263578864,61.18199639472077,4.148492541749258,66.33395428459082,2,0.7817441080525372,0.46258058032815724,500.0,398.29333799327986,BATCH_1736
188.924502364153,7.760594232586385,1165.2534213432714,0.4964386350010189,21.101343462748506,2.3623575827453553,72.582399586783,2,0.8188820256610432,0.641749495446588,406.2562965917387,374.0319295306061,BATCH_1737
223.5518701754579,7.784812744389217,597.5160519070453,1.3640183888501305,38.70665880830131,3.5743154561410275,72.77076578969391,3,1.0,0.7994031106663814,400.8903296603719,403.50922775920577,BATCH_1738
232.82595050578539,6.201020014246795,1638.9169549752721,0.24952729574426796,58.26933075556461,3.898908267702489,60.452377888586184,2,0.8770513955701572,0.4625024617190334,398.34736892446267,390.1412579428412,BATCH_1739
315.50757911337485,9.139237974944715,2727.4347117267594,1.2471347732914646,20.560697209174652,6.79276526896812,83.30518424957,3,0.9269640851180042,0.518823487409219,500.0,296.8665234438801,BATCH_1740
296.7228761122804,8.356670625754983,1923.7431462964398,0.41147026981108525,21.978616620955606,6.135300663929814,77.21854931142767,3,0.9548921852279645,0.6583824708132248,488.8896852679963,256.11249153891623,BATCH_1741
303.8609787282679,7.813433032287628,2580.9776042547696,1.4983117649788382,71.11327894822298,6.385134255489379,72.99336802890377,3,0.9057529959270345,0.5306873411613634,500.0,227.10156489339693,BATCH_1742
152.20625288572944,1.5004496951241455,2979.0608574030703,0.6723394601084255,61.04149170152431,1.0772188510005305,23.892386517632243,3,0.6287467272742124,0.3,420.4893171013379,228.79033190026388,BATCH_1743
233.2307996359523,1.0619016599768438,909.0405103456907,0.9804429167288278,35.922183987220635,3.9130779872583306,20.48145735537545,3,0.8039249979821167,0.46624527095088847,253.17254288890456,142.27559540662082,BATCH_1744
246.26883032706473,2.9120254947592565,2229.4440978549555,1.2389180298524813,61.27777040712254,4.369409061447265,34.87130940368311,1,0.683304881875897,0.3,479.49364880173573,162.26219553868498,BATCH_1745
153.83845536461135,6.9717123452210705,2185.733934250062,0.4254194802658552,67.54740014835579,1.1343459377613967,66.44665157394166,2,0.7476699164225007,0.37729056587448484,447.62653700834824,179.25592889347288,BATCH_1746
201.96264174900685,4.700777399942912,2949.888618395696,1.5091118553734797,38.40765698660607,2.8186924612152398,48.783824221778204,1,0.6250199253744048,0.3,500.0,170.14395115483413,BATCH_1747
302.057964624427,4.621656333693806,2964.001834882001,0.6750166472099476,22.162242649951246,6.322028761854945,48.16843815095182,3,0.8130583930057055,0.3933962238350018,500.0,175.78363793029524,BATCH_1748
177.42194114579982,8.961281994066525,2216.696529310324,1.3585065338342317,75.96674748126406,1.9597679401029935,81.92108217607296,2,0.8093432414593186,0.478135646202132,500.0,223.96536559903126,BATCH_1749
257.06202629051836,9.060065633186548,1109.0369799554855,0.4007377963288099,40.71079029773783,4.747170920168141,82.68939936922871,1,0.8184434117678334,0.6036543429201106,420.95692903780065,143.90303121001557,BATCH_1750
193.04037440344752,9.182577376482271,2496.3895953264973,1.4074235524920655,26.388905797082383,2.5064131041206625,83.642268483751,1,0.7473170138929003,0.4369171742681857,500.0,281.5134028205504,BATCH_1751
152.42415492877865,3.8249026886352455,767.5728355275953,0.34355733833987734,49.51141228358884,1.0848454225072528,41.97146535605191,3,0.7978941113654532,0.6848351068282196,262.45296398774815,280.37772950617995,BATCH_1752
198.24029151990828,7.219502314653356,2451.7482604290717,0.9081773429129688,66.10806773984802,2.6884102031967902,68.37390689174832,1,0.6415714900729559,0.3361783107423749,500.0,283.90386985967996,BATCH_1753
345.1747509820108,3.444698631469327,2775.490310361741,0.5696915401038659,33.29883887705355,7.831116284370377,39.014322689205876,1,0.7573655767682075,0.3,500.0,390.33607798574656,BATCH_1754
310.3074223765979,2.715488497670048,1457.083486921088,1.5219129739135469,36.1694030080018,6.610759783180927,33.34268831521148,1,0.8392602697312006,0.3,422.2446805696941,447.2757735328634,BATCH_1755
341.9153288642067,2.661692116126323,2076.5882374577013,0.5978665085630617,34.56289920791499,7.717036510247234,32.92427201431585,1,0.7748986567512863,0.3,444.44866945622584,425.7803551288347,BATCH_1756
247.5708087852725,4.078968587772346,1575.3568302420658,1.7752628821512528,79.50038316990069,4.414978307484537,43.94753346045158,1,0.7817078705374424,0.4451171843716978,470.31439785737655,473.4751103594486,BATCH_1757
171.94723973550072,4.869618578018395,1594.4126374703212,1.7944584016725644,31.844224023832552,1.7681533907425244,50.09703338458752,3,0.8401549480379022,0.5624176097809764,460.29184055431233,498.3683477396594,BATCH_1758
259.5918977947386,8.478542539495615,1275.9272227703,0.47323849892329306,54.53121301796744,4.8357164228158505,78.16644197385479,3,1.0,0.7385519672863805,446.17784038473764,484.3363075508831,BATCH_1759
240.8754669119922,2.079019841254409,2405.324051125812,1.2663072955146761,75.51587849941785,4.180641341919726,28.392376543089846,1,0.6892288755281571,0.3,475.665257873204,479.10274644880536,BATCH_1760
318.8714165479232,7.614332626554048,2840.441410416263,0.2666635192679322,28.813794132666754,6.910499579177312,71.4448093176426,3,0.91618658097786,0.47071415486782947,500.0,428.3298419101409,BATCH_1761
169.61651615684892,5.7830942277037485,2851.877148086153,0.8439204892430954,78.25125187206201,1.6865780654897122,57.20184399325137,3,0.7093912380310795,0.36570707286292875,500.0,377.2630091670492,BATCH_1762
247.64822740435562,3.5915080840839324,936.9532121873347,1.4553112860524173,76.84863406373748,4.417687959152447,40.15617398731948,2,0.7964631577541325,0.5531690847356054,355.0550112172174,290.7638824084633,BATCH_1763
180.00973293879684,5.4353762607954215,2686.859124141415,1.352904169014841,73.07431922349576,2.05034065285789,54.49737091729772,1,0.6163866535794936,0.3,500.0,292.61812535610903,BATCH_1764
214.935185378012,3.6994786279932037,2343.5786035678057,1.2869312718725552,32.87339127980013,3.27273148823042,40.995944884391584,3,0.7261410717929659,0.39414746396413336,489.2465542163323,235.87974537513387,BATCH_1765
297.47141547755996,6.364737597144754,1132.0935017257232,0.6368276409586427,58.043303360659,6.161499541714598,61.725736866681416,3,1.0,0.6398000179834186,412.46182889611396,290.12828152493864,BATCH_1766
245.2036258737533,4.904595305697198,668.2115323037864,0.8182474039253638,65.6534883776744,4.332126905581365,50.36907459986709,1,0.8345620350304243,0.5837539604311578,322.4954939242271,188.65740844905034,BATCH_1767
225.17765702915386,2.4796497617099087,1169.9931672109449,0.29559767493054373,79.16167569178577,3.631217996020385,31.508387035521512,2,0.784867343090011,0.46863106990929027,279.62843599845945,173.79233363586994,BATCH_1768
228.89525571400708,2.0492476710012704,2780.520591953814,1.466143358823842,30.825429324882226,3.761333949990247,28.16081521889877,1,0.6139831230589415,0.3,499.591082872098,171.65568733785625,BATCH_1769
241.88935368119732,5.920261138649171,2082.9466872394305,1.0573887139034197,65.96155397115778,4.2161273788419065,58.26869774504911,2,0.7949669148661997,0.47897447978660856,500.0,151.30807339117362,BATCH_1770
307.00330876741134,9.12171729957493,2302.6366522446797,1.4466547014567437,40.32807019562678,6.495115806859398,83.16891233002724,1,0.9060782537922581,0.430546230278026,500.0,205.96265726956275,BATCH_1771
328.4169377880469,4.09561917901917,1142.8808777727395,0.5729926971140582,30.53758793408014,7.244592822581641,44.07703805903799,1,0.8502193702945776,0.3976729189288376,374.9496199076863,151.4167085802978,BATCH_1772
341.06693730078564,7.597000965003609,2298.4703889370508,0.7164326344066257,45.28261647283129,7.687342805527498,71.31000750558363,1,0.8649675491430111,0.361391354488149,500.0,199.77220647913202,BATCH_1773
307.380677251059,6.927952194457903,570.3037656948094,0.7350091407942178,67.63015472891698,6.508323703787066,66.10629484578368,1,0.928041302313691,0.5541431672511734,374.09353729330724,202.7258824290632,BATCH_1774
213.08137914960255,9.38399422878533,1438.3033644325346,0.1489105785197108,47.89098822224313,3.207848270236089,85.20884400166366,2,0.8460963192340852,0.6891604105601664,405.9588785500266,221.5764678979989,BATCH_1775
287.6269412173084,8.388829155692267,2066.883371355828,0.7479909583781846,52.25138601218291,5.816942942605795,77.46867121093986,2,0.871699781895529,0.4640650552177912,500.0,281.64692727284086,BATCH_1776
237.5206248110784,6.099447330149167,865.2414138533006,1.6262786896842638,79.70956461200727,4.0632218683877435,59.66236812338241,3,0.9391791543943453,0.6593878752882864,423.9079905811445,337.7117528539182,BATCH_1777
200.93412440921023,6.9132744841069655,2557.508936117337,1.8048671419245033,43.946557973445564,2.7826943543223583,65.99213487638751,1,0.671719832466445,0.3,500.0,362.1209332644765,BATCH_1778
318.1743158851845,9.085478199256315,1087.5782470297966,1.0846147997082622,56.92404528255439,6.886101055981459,82.88705266088243,2,0.9921049907117113,0.7078557385383071,500.0,385.2933877817688,BATCH_1779
157.685269792465,4.595669061282413,2130.7027820461153,0.9654532209165184,41.91465209692231,1.2689844427362749,47.966314921085434,2,0.636952904544269,0.3742133388876351,426.4216568626398,387.7142866575088,BATCH_1780
330.3523984270847,3.941152352719996,1512.9928564383242,0.1585667755288035,43.5671387797223,7.312333944947965,42.87562941004441,2,0.8856428497875578,0.4343613700570188,355.66363823082435,442.3957067644987,BATCH_1781
242.2954929249468,1.0972997527167672,1990.108988694118,1.770488241412227,61.738445206724485,4.2303422523731395,20.756775854463744,1,0.6098911576628226,0.3,461.75923997675824,404.8583887790699,BATCH_1782
277.44029536165607,8.438959667723179,768.6263815722702,0.12471940550915817,76.27321856569301,5.460410337657963,77.85857519340249,3,1.0,0.7671095685937063,391.69680944720415,467.6905528540505,BATCH_1783
281.8707844411565,8.208826303630284,542.2819998040184,1.8950251523994024,52.541537029539285,5.6154774554404785,76.06864902823554,2,1.0,0.777575739712438,474.09027777944226,432.3770031557003,BATCH_1784
329.0235481413073,1.9400906629013623,2773.911068450753,1.0295108725073723,66.10399573692679,7.265824184945755,27.3118162670106,1,0.6521859309393264,0.3,500.0,362.33947219403245,BATCH_1785
277.33393643344147,6.191716430194302,1174.075021917957,0.7496755377919805,25.35239352901783,5.456687775170451,60.380016679289014,2,0.8979659909723952,0.5984431629701974,404.1781795228675,365.72372768850823,BATCH_1786
272.78671695201234,5.1758352835019865,2549.1925069511476,1.8560150262010542,32.66948224591562,5.297535093320432,52.47871887168212,2,0.7498033298982427,0.3046047708707696,500.0,316.25816459766395,BATCH_1787
163.330408112138,2.0683818595820034,2998.3757511805006,0.1463428869091838,50.127898455171945,1.4665642839248298,28.309636685637802,3,0.6244032205219135,0.3,391.36996109719433,309.57523531258613,BATCH_1788
253.6816043890408,9.825114043546511,1028.5781449972778,1.2047073002512656,21.200703417726487,4.628856153616429,88.63977589425065,2,1.0,0.8010432792143041,493.44455659696393,301.3906566153171,BATCH_1789
180.03380016340833,2.932262987170199,1162.926852958389,1.1429717965487416,35.17129872575353,2.0511830057192917,35.02871212243488,2,0.6893897375807688,0.4841511646841275,312.5043583169042,168.74482591062736,BATCH_1790
297.4867537442971,1.6051076208150503,2157.149469086664,0.5167087623016259,51.04407738949797,6.162036381050399,24.70639260633928,1,0.7104677310080876,0.3,363.17559056155073,197.38476519644524,BATCH_1791
252.4443841625349,6.353626415517186,2913.6215865015533,0.9148861195654,20.897671895378043,4.5855534456887215,61.63931656513367,1,0.6916232016857551,0.3,500.0,165.29220556533778,BATCH_1792
286.04555584167065,7.649800094197294,2789.5358704768596,1.3393016112931635,35.872777173562504,5.761594454458473,71.72066739931228,3,0.8860188903809817,0.4705463494438239,500.0,175.25132835015265,BATCH_1793
158.33458012047686,1.2919910144246827,1757.1888001639622,1.4815492740756624,50.84184916855217,1.2917103042166898,22.271041223303087,1,0.5999951952429842,0.3,378.7271912069768,156.39589884713067,BATCH_1794
166.95840320916065,6.9284587485432,2487.775706316812,0.10136203154250159,54.38895487887474,1.5935441123206227,66.11023471089155,1,0.6339464417225151,0.3243603755209959,459.7982378985552,132.55204610447473,BATCH_1795
293.26467761253645,5.79062688356309,839.3646327497527,1.880021517172929,75.54510158331833,6.0142637164387756,57.26043131660181,3,0.9823564265938195,0.6938240534351305,500.0,160.52457136233542,BATCH_1796
164.41686719973467,1.9293850798754357,2943.5954605100305,0.4125982075463436,58.72073739503647,1.5045903519907136,27.22855062125339,2,0.5436361562523363,0.3,427.12838070165486,170.05320711790776,BATCH_1797
164.25134555305172,2.5527148925172587,2910.8830850899662,0.5438028250224825,44.88414815179962,1.49879709435681,32.076671386245344,3,0.6647152107541576,0.3,458.2866687234596,257.2802141579598,BATCH_1798
152.4216950469775,6.111768675844725,909.3223946979274,0.6005995468183116,75.82107062798407,1.0847593266442122,59.75820081212564,1,0.7525506264481961,0.5017574917763399,312.3226977043861,261.8164926947752,BATCH_1799
341.30027965989603,3.6672185216195956,1248.5578120077666,0.1718582594488671,67.09297900326766,7.695509788096361,40.74503294593019,3,1.0,0.5008997907752375,343.33239889565056,357.0357205725864,BATCH_1800
297.5016718918014,9.444841557861844,750.3874937669173,0.3337990348216173,32.00053526676486,6.162558516213049,85.68210100559213,2,1.0,0.7118415367827747,398.6915833559542,337.003032350937,BATCH_1801
220.65028170041285,8.368662065356457,1179.2939972454492,1.9740648535939078,27.850541680929187,3.472759859514449,77.31181606388355,3,0.9224278002205921,0.7009736730437812,500.0,353.74779699267765,BATCH_1802
209.30711625753105,9.852104858622967,2539.8894735380163,0.6989118010168435,60.54869814456398,3.0757490690135865,88.84970445595641,1,0.7077466237685643,0.4496436015212449,500.0,360.6545853995973,BATCH_1803
219.9406459491699,3.3370375505537258,1445.7890179131487,0.3190720716441937,53.59298993461903,3.4479226082209466,38.17695872652898,1,0.6669240852395142,0.3183049403259973,338.98241906389944,375.8096202799881,BATCH_1804
304.93070623623635,9.727512695181794,720.992417866896,0.3032833962317843,67.38041682756534,6.422574718268273,87.88065429585839,3,1.0,0.8917989873685014,407.1891142825394,397.364795653194,BATCH_1805
282.27412221408287,4.881104828124021,1355.5638119472615,1.4669739385729466,64.32830300472119,5.629594277492901,50.18637088540905,2,0.8794649133511269,0.5089858325850585,422.2691565788118,458.0137995303445,BATCH_1806
187.03911357349358,4.127669157823791,2953.4583356032003,1.7236804616620176,57.512692031450904,2.2963689750722756,44.326315671962824,3,0.6985775805786114,0.3,500.0,460.1506246402569,BATCH_1807
184.82186706681688,1.4531457427241792,2074.2089881480074,0.5882093690660928,79.18293029773353,2.21876534733859,23.52446688785473,2,0.6005123418084959,0.3,396.27363013403397,382.4680895067028,BATCH_1808
169.67912994267945,1.4748873207364235,1540.4023660153944,0.13972807343694643,52.01538380662452,1.6887695479937812,23.693568050172182,2,0.7027958364984598,0.3798394311722202,258.1439993715658,432.9171666002661,BATCH_1809
282.0605439402676,7.228101303519892,916.346283743175,0.523871035046176,26.78634539010319,5.622119037909367,68.44078791626583,3,0.9888230357607086,0.7049974900264587,400.875791208308,360.5081684495037,BATCH_1810
302.8745324443472,5.121360949906251,2965.441993209237,0.20737981251383894,69.6964138889593,6.350608635552152,52.05502961038195,2,0.7724701823452997,0.3,500.0,343.22664712495106,BATCH_1811
203.0092856650008,3.0386946343249512,2552.122523157822,0.2964503795970789,35.11120174074254,2.8553249982750284,35.8565138225274,1,0.6579799953465367,0.3,421.5398840906374,348.36661884765965,BATCH_1812
154.18899220618258,6.525732756927094,1203.6932561272984,0.9198654277105205,66.6381288886351,1.1466147272163898,62.97792144276629,3,0.8653133663305065,0.6782424338646701,373.31203776225493,288.0823227105918,BATCH_1813
166.43433349528547,3.2757230642510007,675.1717393029736,0.5368449046371019,77.42642576000308,1.5752016723349915,37.70006827750778,2,0.7698791361988926,0.49664464421389426,205.20155933289215,216.94408056282754,BATCH_1814
343.5720069690061,6.1986857890998035,641.563893443895,1.0802971691983045,61.807730837860476,7.775020243915213,60.43422280410958,1,0.9394848445130322,0.5142122719025806,412.56652923053645,167.19821605956037,BATCH_1815
209.08895549548404,4.232878722844213,800.9453737638346,0.5816381311886617,55.76180965698806,3.068113442341942,45.14461228878832,3,0.8151164380113824,0.6302685677948477,279.7429567094269,105.54172739245945,BATCH_1816
303.8446295676267,8.411970039506372,1951.921459036054,1.8870208720956005,47.623170540502436,6.384562034866935,77.64865586282733,1,0.8443557140575972,0.47050590260773517,500.0,133.5365264793669,BATCH_1817
274.93271377085273,8.386265446901014,2821.908553013731,1.8212935390599025,41.864591959724194,5.372644981979846,77.44873125367455,1,0.7605714313029437,0.32805018557172905,500.0,143.66609283516917,BATCH_1818
226.38792793057917,5.296153583101612,1741.8585700149613,1.1769315995198855,41.180285058310176,3.673577477570271,53.41452786856809,1,0.7133469281768791,0.33843263151169395,457.0206682937689,125.49574024210297,BATCH_1819
191.13745243911103,4.157371984015141,2607.363706140493,0.7734055847760337,58.18236234257544,2.4398108353688857,44.55733765345109,2,0.6617580866154052,0.3,480.66015125363947,166.1584804195632,BATCH_1820
174.2772836318813,4.263038169031851,1614.7165496495195,0.8241790758659975,65.07638701626476,1.849704927115845,45.37918575913662,3,0.7826662795293199,0.5354602364514847,385.1926974016917,196.23953931077318,BATCH_1821
273.0025936077733,8.251430731013961,2271.458864419563,0.8825193379745442,60.71102416906486,5.305090776272066,76.40001679677525,3,0.8995688196202453,0.5794855331160403,500.0,218.25432054575668,BATCH_1822
304.9267561275576,3.953615345178508,2329.6818432162518,1.4824007120563938,31.904606071613763,6.422436464464516,42.97256379583284,2,0.7781244381491238,0.33271058372069506,500.0,241.67706580991828,BATCH_1823
278.7808507082261,2.881534363361614,934.9092647583466,0.958114091485792,49.63923080860947,5.507329774787915,34.63415615947922,3,0.9166784369537926,0.5461297830654748,323.8906170388299,305.0596401589948,BATCH_1824
256.0604266498317,1.7621950768777614,1403.0401474395294,1.727786898361205,67.49840433098379,4.712114932744108,25.928183931271477,1,0.7423193358793068,0.34605361412907437,385.7749755710469,352.0810762524548,BATCH_1825
158.39024468632726,5.200238087959676,2093.2553913450597,1.8937800932676927,48.54224469134337,1.2936585640214537,52.66851846190859,3,0.7122226028146306,0.4423073501455928,500.0,342.2880276767181,BATCH_1826
343.69775551887676,5.339188890278577,676.7415204609155,0.7382976914199743,52.19739678412963,7.779421443160686,53.749246924388935,2,1.0,0.6467374184362762,361.83158923226483,448.393988570368,BATCH_1827
309.7428383309149,8.568178393626164,1403.8504694073915,1.1653195146137922,66.26816289024933,6.590999341582022,78.8636097282035,1,0.915840724682319,0.6110161219483071,500.0,426.946166599137,BATCH_1828
208.56440734019296,2.991148268014576,1836.998665702981,0.28060741998187244,59.67591837590549,3.0497542569067533,35.48670875122448,2,0.7219929681325914,0.38112006761063105,366.90095415348316,445.4543626317055,BATCH_1829
345.9940658717701,4.428921463015599,2990.5612326115966,0.4808911907560821,44.56069525294356,7.859792305511954,46.66938915678799,1,0.7665740292208512,0.3,500.0,471.2464326976967,BATCH_1830
270.37631792726444,8.27565165004322,1686.3339065561017,0.8855849567493042,73.72476267165314,5.213171127454254,76.58840172255836,1,0.8579791223415458,0.4888600407628574,500.0,451.8853578812648,BATCH_1831
266.4845316414493,8.412612496740762,2540.141892785809,0.4917851602133798,29.754024119808715,5.076958607450726,77.65365275242814,3,0.9101195291707972,0.5886904858861196,500.0,458.49790958506577,BATCH_1832
299.6146358859064,4.461499683808913,1580.1682126665444,1.7654649324985634,79.73098691541949,6.2365122560067245,46.92277531851377,1,0.8210448975048159,0.3206696476821203,500.0,414.6797421340397,BATCH_1833
312.3539576180275,5.132116209580128,2490.976806549272,0.4007438865122863,27.131154708574233,6.682388516630963,52.138681630067666,2,0.7973450160464751,0.30824191675276175,500.0,356.62687876078917,BATCH_1834
281.2957214663005,3.7295730176435464,1988.537004050271,0.9657555609508747,20.896998266254336,5.595350251320519,41.2300123594498,3,0.8576493272513328,0.4319672005700395,450.35869223776075,349.66796252157076,BATCH_1835
175.61914927324,9.392993905773809,2716.488603755996,1.2508285568737638,73.40113406892588,1.8966702245634002,85.27884148935185,2,0.7118481528686166,0.5284270671838398,500.0,265.6882137803803,BATCH_1836
217.65350119889968,2.067793891674223,1527.3563808752747,1.4145414255056044,34.697210501957365,3.3678725419614888,28.30506360191062,1,0.6900776597356579,0.30761256631989775,412.59973830690143,264.43393440791647,BATCH_1837
335.61672806520994,9.40374480701323,2010.7610495536971,0.8278318024803627,63.781977646803256,7.496585482282348,85.3624596101029,2,0.961833840521845,0.5464763102770502,500.0,224.00310028067148,BATCH_1838
194.92312236877038,7.154798066518089,2075.0467015470686,1.7512882305769841,68.66092249592415,2.5723092829069634,67.87065162847404,2,0.7657718418571904,0.4756839446949139,500.0,187.6904771038451,BATCH_1839
224.43340476750268,5.784149374180581,1543.4573545011833,1.1798063870480586,71.53918346192701,3.605169166862593,57.210050688071185,1,0.7627836785478518,0.40995872450132675,455.8400932323406,166.24006408916378,BATCH_1840
236.4153765888392,1.2939315470604629,860.7801092187037,0.9350647828503483,79.49565413985,4.0245381806093725,22.28613425491471,3,0.7869761274276231,0.4939220952024265,259.0588373679509,98.65565469171116,BATCH_1841
237.88099793889043,5.280365726398075,733.8985172808389,0.22775720469886956,37.64238260239995,4.075834927861165,53.29173342754058,2,0.868314683852156,0.6555294718878482,265.57344523676943,133.53825276777116,BATCH_1842
272.5879164989051,4.669732945024591,541.6788764990828,0.9829099900458135,62.614600515635544,5.290577077461679,48.542367350191256,1,0.8754336123137038,0.4865902801055536,297.24190278817196,157.89647309087107,BATCH_1843
338.6151675489415,2.450969307776103,2683.8356606130365,1.6593980975498874,26.923991496849695,7.601530864212953,31.28531683825858,3,0.8277233926153427,0.3582024693287124,500.0,174.89188119225278,BATCH_1844
198.13854236650099,6.907686431505912,1091.1872805967364,1.2676279346204995,44.408557481410966,2.6848489828275346,65.94867224504598,3,0.8681670343211015,0.7391944567431044,417.35338761681226,163.10372859424118,BATCH_1845
174.3002752601836,9.740358166314572,1028.76687320442,1.6811086620853248,70.87830159875543,1.8505096341064264,87.98056351578,3,0.9747773239560625,0.8692222534223849,500.0,262.9712352259373,BATCH_1846
189.49409797198746,6.059699299580726,2340.0885010651637,1.0386221741386807,42.0594827635465,2.382293429019561,59.35321677451676,2,0.6974957584319538,0.38723522823179896,497.2002183349578,235.19189778818392,BATCH_1847
327.3849800418539,7.4327794879955125,1300.0402827184794,0.3250772396795155,55.46572283213684,7.208474301464887,70.0327293510762,2,1.0,0.6091599755844448,412.9287748693345,329.08371601580035,BATCH_1848
279.1621625310412,1.616054073094151,1765.1117310295915,0.12591570708817404,50.22640662347804,5.520675688586442,24.791531679621173,2,0.7830901363667074,0.3,315.6313734634795,351.63868762152,BATCH_1849
207.18135784783203,4.759002962352953,906.2776632436407,0.6761171387653232,58.7570918667227,3.001347524674121,49.23668970718963,3,0.8604723847400859,0.6292553027667299,323.5576917464675,355.6131807046866,BATCH_1850
313.1893877937234,2.047226366480463,2899.364303654923,1.4261818958458057,78.3736633632617,6.711628572780321,28.14509396151471,2,0.7754440976092242,0.3,500.0,459.32534395626897,BATCH_1851
322.2739992726872,6.515162519828594,2628.9535000430933,1.6014938174892182,23.344131590084128,7.029589974544052,62.89570848755573,1,0.7564518647131173,0.3519780399025706,500.0,394.0947056149688,BATCH_1852
319.3028677380556,9.446339423927391,2659.474057412508,0.6619303857786258,54.43769105009778,6.925600370831946,85.69375107499083,2,0.9230463568319026,0.4452613740909799,500.0,472.46349915165933,BATCH_1853
333.7853067279109,6.955999592244747,1516.934371430013,1.0417424496781695,71.78172675501708,7.432485735476881,66.3244412730147,2,0.981568018399694,0.5494618131711609,477.7538065399649,480.01746954128936,BATCH_1854
200.4482040346723,1.6912274348297938,2405.903034267932,0.900125918424755,48.88296270490565,2.7656871412135313,25.376213382009507,3,0.6716819037175343,0.3,397.10857591836816,424.7702676710612,BATCH_1855
301.0083857492557,4.191995844865746,859.6903884744504,0.8799932902677129,24.71163115649437,6.285293501223948,44.8266343489558,2,0.9578470305705444,0.49934804538591204,319.70774145935854,471.6777695695957,BATCH_1856
242.107899454828,5.9559704149676636,521.5475064794507,0.5395625550802859,53.63236114500625,4.22377648091898,58.546436560859604,1,0.8620021117978567,0.6181540265027163,298.9058928707851,398.56462174001865,BATCH_1857
318.39971057801233,4.62886980519927,549.9323314450703,0.3591050995559709,39.92443344942923,6.893989870230431,48.224542929327654,3,1.0,0.6696732516601733,290.7242312293761,383.66080887840087,BATCH_1858
295.6981354323226,8.502796094276551,1966.5043435114012,0.47370826063930493,29.296507120276154,6.099434740131293,78.35508073326207,1,0.866243365000078,0.46898413809251926,500.0,346.632511928511,BATCH_1859
305.28948929994493,8.332039042389903,1638.487263119852,0.20513153561035757,70.94207079700838,6.435132125498073,77.02697032969925,3,0.9868220268540384,0.6612837873040434,479.9024382214001,295.97073775588694,BATCH_1860
281.23236753621427,6.506479180928993,1795.0383722712993,0.4764484094647964,51.2959707794673,5.593132863767501,62.8281714072255,3,0.9420831295678838,0.5533115609666456,472.1010753846905,285.50139142941737,BATCH_1861
185.48575389394136,4.361121506194348,518.6578510430485,0.11748170548822097,75.996584742744,2.242001386287948,46.14205615928937,2,0.8550202175509508,0.6126298037207673,215.8847207184614,248.80466161656707,BATCH_1862
259.00538377938767,3.2980273638691973,1556.7165491435642,1.2917909612083587,68.36099027618414,4.8151884322785685,37.87354616342709,1,0.6979726479281412,0.32723586530287996,396.21854671331533,141.47802362487812,BATCH_1863
346.93394790490163,1.9528688639181637,2295.170403002152,0.7011132740365974,61.57830762642004,7.892688176671557,27.411202274919052,3,0.8915079002294373,0.31790613563312586,445.089784647396,209.2263967186779,BATCH_1864
337.47761329942375,4.194079151378986,1606.7342549185896,1.9489749517111263,20.301530201918716,7.561716465479832,44.84283784405878,2,0.8429456962924461,0.41406558611529176,500.0,105.23636641557096,BATCH_1865
158.63474715940234,4.718552654869476,2330.548015780556,0.46806239647496595,45.66940739829499,1.3022161505790817,48.92207620454037,3,0.747538345124597,0.4478091654869367,418.0359834650623,180.97638613024972,BATCH_1866
182.96296314588744,7.082406325936662,1082.547410992087,0.7570742835882284,31.849176899121936,2.15370371010606,67.30760475728516,3,0.9218084508900813,0.7803006028773042,371.5400638475872,188.9122801614665,BATCH_1867
176.34575469091237,6.9234384186781615,2532.855011204314,0.7798982014189131,74.64787466293207,1.9221014141819333,66.07118770083014,3,0.7294571292616746,0.4960231761370686,500.0,137.3671965258732,BATCH_1868
295.1959819970591,1.6309732567713127,1971.0781011336308,0.11605784251867503,30.475039080581617,6.081859369897068,24.907569774887985,3,0.8078047704031572,0.4087208623008405,344.0323721107876,181.60955418338008,BATCH_1869
313.557065971389,4.55733383888042,1026.9077485747657,1.694495110774972,37.16360309955713,6.7244973089986155,47.668152080181045,3,0.9393799828084382,0.5686957211085518,437.10891710483554,191.82885994542278,BATCH_1870
192.70227326213438,2.6360098049562573,1091.8011896345824,0.16078947427421697,51.01020606406995,2.4945795641747033,32.72452070521533,3,0.8016307432818309,0.54616288265264,252.83410627565164,254.72951232595375,BATCH_1871
251.1705385903658,2.4113143478512513,2070.0761614238427,1.8863416859855586,35.801817139884754,4.540968850662803,30.976889372176398,2,0.724549704107911,0.3,500.0,290.75897147442276,BATCH_1872
318.14060560224,8.445719347635213,2574.848983031108,1.7949412670778793,32.59188063674727,6.8849211960784,77.91115048160722,3,0.9544568898805359,0.4842514078520939,500.0,362.21267273346297,BATCH_1873
296.5603089532501,1.3772369504463178,1539.0694550728879,1.1174916405633308,55.945959506165146,6.129610813363755,22.934065170138027,1,0.7902887539399338,0.3,401.2131037850246,414.30926238358614,BATCH_1874
258.44744109836967,4.772645883119091,1145.7510728189804,1.132831592331455,25.335771365301433,4.795660438442938,49.34280131314849,2,0.9041107872589318,0.5825273190194383,383.91022218761645,447.93653150168,BATCH_1875
268.06953809175457,2.5138329018986636,2667.5290172765012,1.342178053616697,23.490065523255485,5.13243383321141,31.774255903656275,1,0.6380788339502588,0.3,500.0,413.0387697703125,BATCH_1876
251.672109383256,8.913971941106265,2173.1707293770874,0.8353950226762852,42.33471771116429,4.55852382841396,81.55311509749319,3,0.8998212336428785,0.6315101549630787,500.0,438.6122177310226,BATCH_1877
209.50969026376413,6.0133646194753165,1620.2137182076913,1.3297223384559254,63.23986727047174,3.082839159231744,58.99283592925246,1,0.6996567394300266,0.3706240995195115,457.2337208628518,399.4968542333715,BATCH_1878
263.0043985718032,3.082425727391632,1719.7504881982545,0.18505993850812508,53.28840549643688,4.955153950013113,36.19664454637936,3,0.8128967720688899,0.45516942344664113,352.79927000980007,420.7127719484758,BATCH_1879
287.7770604100181,5.521845584497388,1010.641169840991,0.20269049196448047,45.37258810800673,5.822197114350635,55.16991010164635,3,0.9963082275056102,0.6763213753881525,299.88321015820367,458.8493595605911,BATCH_1880
324.66458317216154,7.583377237328042,2067.0065751621096,0.9687377972771343,53.945093853474944,7.113260411025654,71.2040451792181,2,0.9594390866122005,0.512990688804918,500.0,454.53350188443045,BATCH_1881
277.2582707958496,9.623062080274904,1396.8562763572218,1.1442823721014663,41.92708907919642,5.454039477854737,87.06826062436036,2,0.9209405441363723,0.6120611183289887,500.0,337.9695338436103,BATCH_1882
302.2243074086316,2.9840140382087705,2989.112941685873,1.7868535166380561,76.16878012592677,6.327850759302106,35.43122029717932,3,0.7550016250633503,0.3,500.0,321.0489289907907,BATCH_1883
182.01432699091458,8.975635949164106,1700.4587881547195,0.2988552044250029,23.29429345464646,2.120501444682011,82.03272404905417,2,0.8246981702130513,0.6125316914561142,422.4903717418801,299.2078272912303,BATCH_1884
242.31149488395798,9.408737027507412,1714.714015474033,1.6630310616683899,60.40348874179011,4.2309023209385295,85.40128799172432,1,0.8517139489607719,0.5712509740182042,500.0,269.5819779992152,BATCH_1885
151.86632396541867,9.247784900788597,1914.6294685266796,0.4990899408549322,73.47695988966504,1.0653213387896532,84.14943811724464,2,0.7593635589014068,0.5057076574632234,465.93835497226166,200.71189440235412,BATCH_1886
199.3357729043246,6.718729211757188,2791.890007796867,0.8487589321690605,68.2330825241152,2.7267520516513613,64.47900498033368,2,0.7230809878496417,0.35712656471294413,500.0,206.65581415594852,BATCH_1887
295.29234302260096,6.668385889912369,2502.0452496493754,0.7015446261720845,31.042462089286804,6.085232005791034,64.08744581042953,1,0.7642812604367709,0.33085239239989944,500.0,155.88100902020744,BATCH_1888
348.36199026987265,4.628895698654405,1627.8251744946035,0.860295018444258,37.7555809388173,7.942669659445544,48.22474432286759,2,0.9102803221570441,0.490934424980796,448.3490564085212,154.6775579302914,BATCH_1889
169.83561991744318,7.771580940734091,2296.74816493199,0.3859414463379125,63.022876322426285,1.6942466971105112,72.66785176126515,3,0.8079159129776768,0.5865413374360248,479.5084237634826,166.38852744011098,BATCH_1890
230.29886317225765,5.781646165158388,1965.588746951904,1.0567831413667543,25.05623355084593,3.8104602110290178,57.19058128456523,1,0.7388773548136013,0.3944174471323928,495.57144786953097,155.3037941509663,BATCH_1891
310.0141937398319,7.096942641054651,1730.9176217531224,1.6231209206795978,68.71170198995505,6.600496780894116,67.42066498598061,3,0.9503880601048781,0.5854680613988572,500.0,157.004612716539,BATCH_1892
190.80712692577976,4.856121134639159,980.7894319608763,0.9389146197199041,63.13441667628742,2.428249442402292,49.99205326941568,1,0.7561781009439179,0.40652176606801466,321.7927280068769,190.64568870424043,BATCH_1893
261.0169898604572,7.583468176388251,1659.8406586372273,1.0321657942065783,63.77639895412055,4.8855946451160035,71.20475248301973,3,0.9272482119210842,0.6313255533370585,500.0,222.34911122383798,BATCH_1894
296.61425920593496,8.420243658440942,1114.5464675564367,1.712658412034497,26.014482216055484,6.131499072207724,77.71300623231843,3,1.0,0.8014483340364691,500.0,250.07681233815708,BATCH_1895
273.19709005203583,2.317926309425345,2787.105374629137,1.4415104178122586,63.06563268897385,5.311898151821254,30.25053796219713,2,0.6888233043901987,0.3,500.0,292.2361181199787,BATCH_1896
187.60494692308322,8.496367440168052,1338.5170337408672,1.031863376187591,60.7890875131982,2.316173142307913,78.30508009019596,3,0.9484103481423163,0.7591698094817612,475.7125649900302,386.78227188052114,BATCH_1897
221.0769137371479,5.862668786112765,2880.6600363334305,0.5896217315594413,69.85534944931103,3.487691980800176,57.82075722532151,2,0.7247050699909658,0.33417841358866235,500.0,391.8275834382323,BATCH_1898
306.75835689707947,8.60199318181202,1832.638225236778,1.7813608190054366,22.49575737538817,6.48654249139778,79.12661363631571,1,0.8733227529735028,0.5159229203315004,500.0,397.2016076371042,BATCH_1899
260.8453028264033,4.881715357069131,2078.860946690401,1.196338763212061,21.38664010806753,4.879585598924116,50.191119443871024,3,0.863079366367876,0.4568817053453638,498.97005343386445,450.81244270298635,BATCH_1900
151.04592270858254,4.411364368447315,1857.3511112233193,0.5201804592103174,42.38042599271364,1.036607294800389,46.532833976812455,3,0.7306705364869829,0.4888590914584196,338.1087394137882,434.8742892506773,BATCH_1901
302.1981520056188,9.235546592655002,823.4515424167522,0.6113275300122196,28.927297030949173,6.326935320196657,84.05425127620558,1,1.0,0.7435163060515682,426.9521309629788,485.19373912759926,BATCH_1902
157.06227098804783,3.2605234079356116,1439.5530475198525,1.6259528689788671,53.503068654213315,1.2471794845816735,37.581848728388096,1,0.6681977611111147,0.31427396628228754,417.6159545548927,455.97813970930287,BATCH_1903
299.1467565462464,8.597910927575288,747.8652806940598,0.18387656796616536,75.04093409040493,6.220136479118625,79.09486277003002,3,1.0,0.887885673374435,360.2500465631355,426.6847462475422,BATCH_1904
190.4961120330475,5.356185152584637,2057.3851104584546,1.984975155354758,43.48878382004094,2.417363921156662,53.88144007565829,1,0.6964605140223723,0.32791830762984103,500.0,419.49752495229416,BATCH_1905
341.61469602387604,5.626858982961338,1617.1854880010974,0.34766819145810435,70.69702263635625,7.706514360835661,55.98668097858818,2,0.87765075208096,0.5503728660565795,426.4923248310768,327.87371543794103,BATCH_1906
223.5881502604169,3.7762145334053563,2444.962428927342,1.612530198254181,20.014452471071987,3.5755852591145914,41.59277970426388,1,0.6197124225470425,0.3,491.28609381429453,305.0198326980865,BATCH_1907
215.3863232676158,6.157379805571141,1051.1762024984246,0.8500731018661974,30.11087860755105,3.2885213143665535,60.1129540433311,1,0.7686220729871931,0.5463245078884778,404.22649128578877,264.18224980802967,BATCH_1908
179.77761006648893,3.9269007664859017,911.4151460733373,1.035210748246187,21.825412379245137,2.0422163523271126,42.76478373933479,3,0.8396907065532513,0.5876408413477685,309.3979181215602,265.4654360775413,BATCH_1909
211.12084309804297,1.3534247281748708,1515.8305774094197,1.773236097182698,39.68883083090412,3.1392295084315043,22.74885899691566,2,0.7688983414533395,0.3,409.48876665046225,276.9754499845591,BATCH_1910
325.3301523656401,3.4479874480992043,2816.463458045953,0.8845312602195051,74.49137574179016,7.136555332797404,39.039902374104926,1,0.7859118290697269,0.3,500.0,260.87298720779506,BATCH_1911
349.26686752544947,1.057411390659316,2276.0545375310294,1.1212381319791456,25.817127415939265,7.9743403633907315,20.446533038461347,2,0.8074722653793763,0.3,487.06042160391866,189.23772247555928,BATCH_1912
223.66190610136965,9.80519308351171,1547.3090619822967,0.1936693585774229,56.38458660462802,3.5781667135479385,88.48483509397997,2,0.9110063770613538,0.6365301586288156,458.20082552655833,170.13646030497435,BATCH_1913
239.7221261909085,9.691724888377728,1793.1804243857764,0.104460200348161,47.089756347166656,4.140274416681798,87.60230468738233,2,0.8360704579830187,0.569073821360709,469.38823632798847,95.96826797541783,BATCH_1914
294.4141876405474,4.556397677250745,710.5325279427459,0.5651197587032792,76.30809274194874,6.054496567419159,47.66087082306135,3,0.9624193249581221,0.6680506843504966,304.5330263219542,138.83091206461668,BATCH_1915
327.2391560930149,7.555337689056814,2961.4397409402827,1.393107876545658,27.35114855222563,7.2033704632555215,70.98595980377522,1,0.7677972180416813,0.3,500.0,146.46267687508725,BATCH_1916
268.6088668373568,4.112254885693825,2166.0182617372975,0.33040329738235974,32.721671030133734,5.151310339307489,44.20642688872975,3,0.8089470756647159,0.45806218028523416,398.6906715119507,175.3085548744856,BATCH_1917
228.30513963556587,7.039838413773785,1213.5101711585562,0.3161477217286439,21.772518116689596,3.7406798872448053,66.97652099601832,1,0.8169767796608134,0.5708398621608877,384.5347583062093,219.95568544245154,BATCH_1918
232.52436816972477,8.248870387413811,1964.5209855381108,0.8808251552682161,46.03611497788243,3.888352885940366,76.38010301321853,1,0.7761773797440384,0.46484575998447625,500.0,247.01442590370397,BATCH_1919
289.12362929936137,9.520806202230167,773.705915172485,1.3308903733556303,36.66997397387926,5.869327025477648,86.27293712845685,3,1.0,0.9295289309581819,500.0,240.6210056887149,BATCH_1920
150.64365272085573,4.601910482647048,2914.591672018959,1.452936785271068,72.19435603341925,1.0225278452299507,48.01485930947704,2,0.6319518362958059,0.3,500.0,361.2601644489025,BATCH_1921
273.91786749196814,8.049681846604429,936.9624697084148,0.43905628078691206,56.2964487918653,5.337125362218885,74.83085880692335,2,0.9277722160751894,0.6797528633380786,402.84749650582353,342.8177092278055,BATCH_1922
221.0986020882715,3.393356055689069,2120.0757951380356,0.25121748000688066,56.845444278542104,3.488451073089502,38.61499154424831,1,0.6765370655143446,0.3,386.08644196640114,413.24342310131124,BATCH_1923
308.8394662554168,9.912990734142834,1113.636156347326,1.8867543644965339,51.914641812878145,6.5593813189395895,89.32326126555539,3,1.0,0.8090645020630314,500.0,492.1262906601618,BATCH_1924
168.59812796462643,1.2319263888791603,2293.9034566213395,0.5952661268679933,25.51102023375206,1.6509344787619251,21.80387191350458,2,0.5821428414649099,0.3,355.2485709258458,417.30733619576847,BATCH_1925
267.6404533896781,6.4317592585100885,2442.0534181007024,1.7213583454565753,46.70112102352131,5.117415868638734,62.247016455078466,2,0.7250027394294338,0.4433392614115457,500.0,374.0913743176101,BATCH_1926
246.19457797722475,6.935553834861944,2183.5493222785817,1.7406337558793548,79.970311382511,4.366810229202866,66.16541871559289,1,0.7516415822357738,0.40179404019885145,500.0,436.30874728695755,BATCH_1927
278.4651051810455,7.19241001366716,2036.2486506379814,1.5677929243488344,70.11375745076089,5.496278681336592,68.16318899518902,1,0.8424422024533074,0.3682038825149432,500.0,462.9325996176235,BATCH_1928
162.97071889659367,2.083488209101801,2731.172734880029,0.42078385263988316,73.60754325002696,1.4539751613807783,28.42713051523623,3,0.6948970879148453,0.3,419.0386159405949,464.8164408046059,BATCH_1929
265.9967574856263,9.446768051258173,696.5667774743952,1.6614227725829807,69.39358155478996,5.059886511996919,85.69708484311913,1,0.9123202884792657,0.7308616544635984,477.6041973386708,338.1135121664263,BATCH_1930
262.29691759190473,2.6306495114507453,1327.286914450488,1.5615760625590147,26.18250160585896,4.930392115716666,32.682829533505796,2,0.8236279313619762,0.4854423648754691,397.630725770142,353.72383346247113,BATCH_1931
262.1320188832342,6.60478062915857,1120.718699077115,1.2337736812018125,33.646895243887975,4.924620660913197,63.592738226788875,2,0.8906108218368346,0.6453560449689395,443.65934445400836,286.0406862966029,BATCH_1932
270.697533319291,3.0040847121077645,2970.034905163554,0.7406838668210102,20.187299081384577,5.224413666175184,35.58732553861594,2,0.6899979845192378,0.3,483.8733697759416,257.99869260550093,BATCH_1933
285.29358744527246,3.764947753191438,1473.4744491671836,0.5987663481064338,38.21060749268669,5.735275560584536,41.50514919148896,2,0.9220448869862375,0.4489080183669739,403.00209171925195,304.3303004105201,BATCH_1934
310.9977999361539,5.918126875553119,2331.531748100997,0.331589502952682,26.516444140789552,6.634922997765388,58.25209792096871,3,0.8477486877472821,0.49706320760663203,500.0,148.84487297016378,BATCH_1935
203.96414402564287,4.754740767081188,2211.812909702511,1.0685384271116556,48.36760071809498,2.8887450408975006,49.20353929952036,3,0.7797261164359031,0.5042259560704715,499.0521498455154,177.7083792771711,BATCH_1936
315.0098820360124,2.4420304087885567,1030.2030936934443,1.2119956634687084,60.627649314434116,6.775345871260434,31.21579206835544,1,0.8454650378692712,0.32823740038857463,342.86497022307907,169.1419212096045,BATCH_1937
249.6511364526907,2.5384276217876347,1097.4942005288783,0.7827440819799957,72.47031770228463,4.487789775844176,31.96554816945938,1,0.7951937425943136,0.36122603767928696,336.68387421081076,182.5735897481804,BATCH_1938
165.41165582686622,4.763303093465197,1203.2114088825851,1.0031822285936502,64.95302990545389,1.539407953940318,49.27013517139598,1,0.7173602995896903,0.41496621457434246,394.7083442498739,158.05062066076775,BATCH_1939
161.71018584879585,7.8155468044795064,1527.818195648448,0.7906774690016066,76.31513574671031,1.4098565047078544,73.00980847928506,3,0.8550371824716332,0.6910424377982031,416.6323428909822,179.33770561745587,BATCH_1940
216.84766373921218,9.081681821630097,1085.812664126317,1.3179115089093325,23.233897423627326,3.3396682308724257,82.8575252793452,2,0.899866830019055,0.76062461380381,490.615532790261,182.1845257993631,BATCH_1941
306.9793954222935,1.7571489603344457,549.1287068671195,1.8123924948134704,20.730790124992488,6.494278839780273,25.888936358156798,1,0.8562658863169662,0.40319640429187315,350.0066870465906,233.07380823735303,BATCH_1942
291.5361869481832,4.537935168034609,2698.482642017989,0.41144849788919524,59.68028683017276,5.95376654318641,47.517273529158075,2,0.756120510682514,0.3,479.8940051017671,250.88137496969236,BATCH_1943
307.7229929344813,1.9022100735058896,2914.0245784522103,0.8246767388159344,37.36114461333477,6.520304752706845,27.017189460601365,1,0.6812923848241038,0.3,500.0,318.64715669568386,BATCH_1944
253.45381128832187,1.149332325693381,1353.9259675789199,0.3676503475066365,35.21006096634639,4.6208833950912656,21.161473644281852,1,0.7070380703145669,0.3192574223652676,296.5041530957634,327.73454668406436,BATCH_1945
238.03979959109813,6.95546814379561,1346.267198563682,1.2873931637748808,39.85322526162766,4.081392985688434,66.32030778507696,1,0.8307607983989813,0.5311666552588277,458.52456740112257,386.3130118170625,BATCH_1946
179.49050534125678,6.42204497769929,517.7295319359275,1.484853968028332,36.18776347354185,2.0321676869439877,62.171460937661145,1,0.8156351579298191,0.6303253248103396,386.8125948631133,405.1881327674311,BATCH_1947
215.63855072186232,2.467172024333976,2200.626720825935,1.8706341919351661,50.686184378095234,3.297349275265181,31.411337967042034,1,0.6727133610656321,0.3,477.0288895749002,463.68531809082606,BATCH_1948
236.80387323477504,3.104315497837577,2563.599739371572,0.6298566598958333,46.40890683344795,4.038135563217127,36.36689831651449,2,0.6922603923341463,0.3,436.79483012100206,443.3470622357057,BATCH_1949
167.72008593592344,1.2133697828006653,866.5207509000079,1.9054012911443174,50.74571308259938,1.6202030077573206,21.659542755116288,1,0.6194748474737297,0.378931374005559,331.602565048964,396.80902595379354,BATCH_1950
194.12239054224224,8.514524851249632,899.1658734178768,0.2201990764592821,60.36281669002617,2.544283668978479,78.44630439860826,2,0.9303372627152244,0.6839853685789747,353.64662634289175,482.74651896478144,BATCH_1951
269.6450588127478,9.772215364436963,2475.2081249285943,1.2457263403927177,43.2278305382689,5.187577058446172,88.2283417233986,3,0.8899007470813209,0.6972243592129221,500.0,402.73184154178944,BATCH_1952
297.132622847838,2.2191358311522174,2040.7268708853617,0.20855216675232696,35.078461228529406,6.149641799674329,29.482167575628356,1,0.7086441996405888,0.3,388.7799115880882,386.45302701851375,BATCH_1953
349.6695022785899,3.083276923887683,612.1513940692926,1.7981709567476951,29.97203220852473,7.988432579750647,36.20326496357087,2,0.9444930904094954,0.5259676836053024,404.5820949352442,357.1301611786968,BATCH_1954
336.62266626871155,8.815685715522406,2056.367476155704,1.1066372084331029,40.968447171957536,7.531793319404904,80.78866667628537,3,1.0,0.6110328020625262,500.0,380.0559995605032,BATCH_1955
278.5130399070383,9.338174181605664,1272.294307109415,1.3717618664493125,64.50838851477033,5.497956396746341,84.85246585693294,3,0.9494227525510375,0.7697004149537089,500.0,235.92977358064692,BATCH_1956
234.2496106588144,4.776646445261293,1421.8128886771149,1.6799904592298598,65.40229460668817,3.948736373058504,49.37391679647672,3,0.9601699644796708,0.5640175737999463,470.6395222615863,355.30959924441976,BATCH_1957
277.23547294164655,1.4556022504216672,2424.3285457422007,0.3855901827195406,60.01432320105262,5.453241552957629,23.54357305883519,2,0.7440829385626855,0.3,400.23977518434305,256.68170427198606,BATCH_1958
307.1303236160464,1.3545265032353746,2527.337981681527,0.1733239676824543,34.04169051841247,6.499561326561624,22.757428358497357,1,0.6887309825701066,0.3,439.49313926437173,200.63115024590147,BATCH_1959
173.66723818467747,6.165548794621094,1500.8915670995766,1.769874177234419,55.285174751281865,1.8283533364637112,60.176490624830734,1,0.7252600686906446,0.42648344850287606,471.0854135939404,168.44936941384694,BATCH_1960
231.98097793925766,4.536055980038611,2867.8823400158867,0.6983731321719717,54.24137969461088,3.8693342278740177,47.502657622522534,2,0.7018381325844886,0.342948564516461,500.0,163.67774830236763,BATCH_1961
317.96045712712345,1.2578718481988906,1516.1567948801805,0.345059925061614,49.05597188658353,6.878615999449321,22.005669930435815,1,0.7874590233520671,0.3,323.6873896577593,165.63367285138014,BATCH_1962
226.7665903866088,6.249271530813011,2429.5900880752747,0.9900763504654644,52.99873918303185,3.686830663531308,60.827667461878974,2,0.7767412815353487,0.43045341113685964,500.0,174.46759363513956,BATCH_1963
264.3744542454373,1.1017228293012022,1709.6931614106477,1.2367815438224357,49.50743795742008,5.003105898590306,20.791177561231574,1,0.7163015918987131,0.3,412.4985454761158,186.7643234124389,BATCH_1964
267.55387217243964,8.086347623343457,2743.83081630521,0.15884414650276923,53.92738196444649,5.114385526035387,75.11603707044911,3,0.8624617797725493,0.5185301880162451,500.0,196.62140325967198,BATCH_1965
186.8952506267279,3.7578954043303443,2769.4031091254465,0.6223017506884666,62.930357277267724,2.2913337719354754,41.450297589236015,1,0.5845807573740793,0.3,487.5625582492872,219.0798473907846,BATCH_1966
222.4470883304577,1.362322027083089,718.5420196777096,0.1623197611261024,26.577691664206384,3.535648091566019,22.818060210646248,2,0.7876719687882974,0.39072302641772866,215.80054309332002,256.6389447250144,BATCH_1967
216.90225774838643,6.29516998884838,2841.2333282755644,0.8986372394714479,64.97754512894141,3.341579021193525,61.18465546882073,2,0.7096597428527285,0.42034928252119463,500.0,294.1527515894102,BATCH_1968
155.23934170641297,4.579159729897492,2563.837103801039,1.8006900552258642,28.153169007655652,1.1833769597244537,47.83790901031383,3,0.7257286709062916,0.44623975791831516,500.0,372.83595967139047,BATCH_1969
154.83835277827106,9.764203720214345,2478.276785781667,1.9670395818377815,23.997679904622483,1.1693423472394868,88.16602893500047,2,0.7696669859884505,0.5132008141619128,500.0,392.8067016684199,BATCH_1970
316.33940873515473,5.89778796253332,1002.2783492138061,1.3103903516568922,78.56478117328805,6.821879305730414,58.09390637525915,1,0.8159012410087882,0.47603698987599063,441.2449479737215,317.85435813805583,BATCH_1971
204.6141619945625,3.477152629333075,2512.7980218866624,0.4071116181907244,77.41950613222649,2.9114956698096868,39.26674267259058,1,0.6428103961261838,0.3,442.79460820780884,449.58083386355645,BATCH_1972
253.61575324776308,7.384949781705773,2625.331836712592,1.821113840998681,23.626192696433844,4.626551363671708,69.66072052437823,3,0.8471302877864344,0.4979717350915782,500.0,450.73095978492046,BATCH_1973
209.7451147177546,3.443428022884402,1222.8758361353775,1.0808708640801148,46.59520648849773,3.0910790151214114,39.00444017798979,2,0.7802223455912355,0.48581758341217157,365.24132910399686,449.43873730662307,BATCH_1974
338.1358490230681,9.138189622668087,2880.650195905809,0.3921236929955444,31.174696297986486,7.584754715807383,83.29703039852956,3,0.9287920722112987,0.5320507184545401,500.0,433.23332035069154,BATCH_1975
201.85935177315474,4.372497734566387,624.6503659979106,1.8512806719581567,49.120693828065086,2.8150773120604162,46.23053793551635,1,0.8230606587842301,0.5377047743501322,400.9678627260535,463.62719216724577,BATCH_1976
235.93136254778702,5.948817064985847,874.7731331178492,1.5391911963738958,69.81063457997524,4.007597689172545,58.49079939433437,3,0.9633516470617617,0.7591302549796667,429.0112374314754,434.49181104167235,BATCH_1977
324.54605009692034,1.4551579344180596,1843.9528451287858,1.4902400181739879,77.03670648457341,7.109111753392213,23.54011726769602,2,0.7829466511402704,0.32383178777430804,457.4066283768203,351.8136699653035,BATCH_1978
318.3867133583617,4.835091141570077,1939.4811778057742,1.447443337209369,58.055159207092245,6.89353496754266,49.82848665665615,3,0.9221416105790374,0.45623403665601703,500.0,351.0344253791178,BATCH_1979
187.22028356925546,8.491271856948956,2112.8752082522587,0.4806456600832404,41.23434003270902,2.302709924923941,78.26544777626964,2,0.7588660020118153,0.5888984717520075,477.6150972269529,270.8502979637554,BATCH_1980
310.5286619591421,8.250839248270077,542.4228232886661,0.5009127142442995,56.199533938675906,6.618503168569973,76.39541637543394,2,0.9907630761177826,0.8262382409234014,399.8659664774327,219.78859829095512,BATCH_1981
241.63737734757854,3.0188670296817364,2900.9169365553257,1.4077566970117845,38.720078366507025,4.207308207165249,35.70229911974684,1,0.6011398462790883,0.3,500.0,206.19848326230837,BATCH_1982
246.59377441707105,3.034711639095064,611.47023183536,0.517473225209754,74.58941844992361,4.380782104597486,35.82553497073938,1,0.8342421928236263,0.42246737874880896,262.9406376864157,219.80578699349965,BATCH_1983
176.69599448318877,8.35574780991913,857.6548818085059,0.9334762239257928,72.22402778635022,1.9343598069116066,77.21137185492657,1,0.8537923114981735,0.6471239075293679,420.75819389101724,198.68994079361977,BATCH_1984
166.12030275142493,9.37358578152393,535.0362938151425,1.5858034686284885,53.49390501677966,1.5642105962998727,85.12788941185279,2,0.9261816774796108,0.7221000548594332,424.9445054851826,170.50368865955753,BATCH_1985
295.5878613947531,1.858248291457032,1917.1460832352368,1.5895097843858979,39.48793492282164,6.095575148816357,26.675264489110248,3,0.8511340141705147,0.4079303762154341,455.03940489832496,171.7528736054399,BATCH_1986
249.29223047105995,5.050527754836027,2830.6672098024305,0.9611973677991332,37.6033805349787,4.475228066487098,51.50410475983577,2,0.7393347573970347,0.3,500.0,170.5964746700858,BATCH_1987
237.3701405230359,4.0370885106780605,2164.8679152011605,1.6051608827229658,22.005079682303567,4.057954918306256,43.62179952749602,1,0.6756780296638158,0.35031664215030417,500.0,150.8517415756453,BATCH_1988
295.90164573047934,8.836196099116954,2556.643671201068,1.6933814127763078,68.94925106151771,6.106557600566777,80.94819188202075,1,0.8310517503569512,0.37025980992920027,500.0,206.89165916223047,BATCH_1989
303.10257979822194,1.751724232120169,533.2030086464503,1.3440739274400946,47.02299278234048,6.358590292937768,25.846744027601314,3,0.9694931095057397,0.5216859473223485,317.53312548716093,249.01228575683206,BATCH_1990
181.78163353387072,2.9001334830223366,1855.0382461993152,0.5340091193859983,39.50797570401586,2.112357173685475,34.778815979062614,1,0.6640099833927795,0.3,361.94663779921405,283.80588312902387,BATCH_1991
272.0450298955283,7.772215038278449,1648.9074437638046,0.6206223827325402,48.266621299865236,5.271576046343489,72.67278363105461,1,0.8812441363042322,0.41700829074201695,457.7259945946217,335.6674011442267,BATCH_1992
177.0708164555371,1.4616446408309403,1747.4198605519825,0.6981981952765971,69.12427942727912,1.9474785759437987,23.59056942868509,1,0.6377592358440293,0.3,337.0874155151586,360.0719721814073,BATCH_1993
300.27501720580915,5.432818426428604,680.5329633379699,0.32192780469450877,27.47685246245127,6.25962560220332,54.47747665000025,3,1.0,0.6277041168990529,328.0130688977858,385.54344622625354,BATCH_1994
281.3910312534279,4.9789633121174806,2211.088402673269,0.6190032787028957,71.45935929450964,5.5986860938699765,50.9474924275804,2,0.8361877324314089,0.384212504984238,478.7672695084637,438.17052432747477,BATCH_1995
341.3229242166916,4.009610610898738,1758.0510371465862,0.498086526193811,73.85053010650124,7.696302347584206,43.40808252921241,1,0.8300754156854677,0.3,440.0969830529058,429.1081727901902,BATCH_1996
163.79160327128423,4.551150837870314,2412.87212465316,0.9651246246363441,76.80247490203328,1.4827061144949483,47.620062072324664,3,0.6853286105196063,0.4033575794821837,456.08620343612495,418.43263440652936,BATCH_1997
161.41094423025086,5.769465282372097,1713.2265851542884,1.8260313409573035,43.84927954535767,1.3993830480587803,57.095841085116305,1,0.684850114147037,0.47423034388461965,500.0,445.1079910816871,BATCH_1998
206.43741493864002,2.452306225495448,873.4540905660801,0.2985126018325204,33.028424242260314,2.975309522852401,31.29571508718682,3,0.8132601328590692,0.5798863775084538,222.47142634569101,422.54179459916554,BATCH_1999
